Date,EARNINGS,NGDPIM,RGDPIM,M1MS,M2MS,VM1MS,RTWUSDI,PCONSEX,USRDPI,USNEWHP,USTOTNP,USINIJC,AVGWHP,ISMPMI,SPX500,SPXPERAT,SPXDIV,CBOEVIX,CORPEARSPX500,CORPEARSPX500MMA,WTI,GOLDFIX,POTNGDP,POTRGDP
31/01/1948,,,,,,,,,,,,,,,,,,,,,,,,
29/02/1948,,,,,,,,,,,,,,,,,,,,,,,,
31/03/1948,,,,,,,,,,,,,,,,,,,,,,,,
30/04/1948,,,,,,,,,,,,,,,,,,,,,,,,
31/05/1948,,,,,,,,,,,,,,,,,,,,,,,,
30/06/1948,,,,,,,,,,,,,,,,,,,,,,,,
31/07/1948,,,,,,,,,,,,,,,,,,,,,,,,
31/08/1948,,,,,,,,,,,,,,,,,,,,,,,,
30/09/1948,,,,,,,,,,,,,,,,,,,,,,,,
31/10/1948,,,,,,,,,,,,,,,,,,,,,,,,
30/11/1948,,,,,,,,,,,,,,,,,,,,,,,,
31/12/1948,,,,,,,,,,,,,,,,,,,,,,,,
31/01/1949,,,,,,,,,,,,,,,,,,,,,,,,
28/02/1949,,,,,,,,,,,,,,,,,,,,,,,,
31/03/1949,,,,,,,,,,,,,,,,,,,,,,,,
30/04/1949,,,,,,,,,,,,,,,,,,,,,,,,
31/05/1949,,,,,,,,,,,,,,,,,,,,,,,,
30/06/1949,,,,,,,,,,,,,,,,,,,,,,,,
31/07/1949,,,,,,,,,,,,,,,,,,,,,,,,
31/08/1949,,,,,,,,,,,,,,,,,,,,,,,,
30/09/1949,,,,,,,,,,,,,,,,,,,,,,,,
31/10/1949,,,,,,,,,,,,,,,,,,,,,,,,
30/11/1949,,,,,,,,,,,,,,,,,,,,,,,,
31/12/1949,,,,,,,,,,,,,,,,,,,,,,,,
31/01/1950,,,,,,,,,,,,,,,,,,,,,,,,
28/02/1950,,,,,,,,,,,,,,,,,,,,,,,,
31/03/1950,,,,,,,,,,,,,,,,,,,,,,,,
30/04/1950,,,,,,,,,,,,,,,,,,,,,,,,
31/05/1950,,,,,,,,,,,,,,,,,,,,,,,,
30/06/1950,,,,,,,,,,,,,,,,,,,,,,,,
31/07/1950,,,,,,,,,,,,,,,,,,,,,,,,
31/08/1950,,,,,,,,,,,,,,,,,,,,,,,,
30/09/1950,,,,,,,,,,,,,,,,,,,,,,,,
31/10/1950,,,,,,,,,,,,,,,,,,,,,,,,
30/11/1950,,,,,,,,,,,,,,,,,,,,,,,,
31/12/1950,,,,,,,,,,,,,,,,,,,,,,,,
31/01/1951,,,,,,,,,,,,,,,,,,,,,,,,
28/02/1951,,,,,,,,,,,,,,,,,,,,,,,,
31/03/1951,,,,,,,,,,,,,,,,,,,,,,,,
30/04/1951,,,,,,,,,,,,,,,,,,,,,,,,
31/05/1951,,,,,,,,,,,,,,,,,,,,,,,,
30/06/1951,,,,,,,,,,,,,,,,,,,,,,,,
31/07/1951,,,,,,,,,,,,,,,,,,,,,,,,
31/08/1951,,,,,,,,,,,,,,,,,,,,,,,,
30/09/1951,,,,,,,,,,,,,,,,,,,,,,,,
31/10/1951,,,,,,,,,,,,,,,,,,,,,,,,
30/11/1951,,,,,,,,,,,,,,,,,,,,,,,,
31/12/1951,,,,,,,,,,,,,,,,,,,,,,,,
31/01/1952,,,,,,,,,,,,,,,,,,,,,,,,
29/02/1952,,,,,,,,,,,,,,,,,,,,,,,,
31/03/1952,,,,,,,,,,,,,,,,,,,,,,,,
30/04/1952,,,,,,,,,,,,,,,,,,,,,,,,
31/05/1952,,,,,,,,,,,,,,,,,,,,,,,,
30/06/1952,,,,,,,,,,,,,,,,,,,,,,,,
31/07/1952,,,,,,,,,,,,,,,,,,,,,,,,
31/08/1952,,,,,,,,,,,,,,,,,,,,,,,,
30/09/1952,,,,,,,,,,,,,,,,,,,,,,,,
31/10/1952,,,,,,,,,,,,,,,,,,,,,,,,
30/11/1952,,,,,,,,,,,,,,,,,,,,,,,,
31/12/1952,,,,,,,,,,,,,,,,,,,,,,,,
31/01/1953,,,,,,,,,,,,,,,,,,,,,,,,
28/02/1953,,,,,,,,,,,,,,,,,,,,,,,,
31/03/1953,,,,,,,,,,,,,,,,,,,,,,,,
30/04/1953,,,,,,,,,,,,,,,,,,,,,,,,
31/05/1953,,,,,,,,,,,,,,,,,,,,,,,,
30/06/1953,,,,,,,,,,,,,,,,,,,,,,,,
31/07/1953,,,,,,,,,,,,,,,,,,,,,,,,
31/08/1953,,,,,,,,,,,,,,,,,,,,,,,,
30/09/1953,,,,,,,,,,,,,,,,,,,,,,,,
31/10/1953,,,,,,,,,,,,,,,,,,,,,,,,
30/11/1953,,,,,,,,,,,,,,,,,,,,,,,,
31/12/1953,,,,,,,,,,,,,,,,,,,,,,,,
31/01/1954,,,,,,,,,,,,,,,,,,,,,,,,
28/02/1954,,,,,,,,,,,,,,,,,,,,,,,,
31/03/1954,,,,,,,,,,,,,,,,,,,,,,,,
30/04/1954,,,,,,,,,,,,,,,,,,,,,,,,
31/05/1954,,,,,,,,,,,,,,,,,,,,,,,,
30/06/1954,,,,,,,,,,,,,,,,,,,,,,,,
31/07/1954,,,,,,,,,,,,,,,,,,,,,,,,
31/08/1954,,,,,,,,,,,,,,,,,,,,,,,,
30/09/1954,,,,,,,,,,,,,,,,,,,,,,,,
31/10/1954,,,,,,,,,,,,,,,,,,,,,,,,
30/11/1954,,,,,,,,,,,,,,,,,,,,,,,,
31/12/1954,,,,,,,,,,,,,,,,,,,,,,,,
31/01/1955,,,,,,,,,,,,,,,,,,,,,,,,
28/02/1955,,,,,,,,,,,,,,,,,,,,,,,,
31/03/1955,,,,,,,,,,,,,,,,,,,,,,,,
30/04/1955,,,,,,,,,,,,,,,,,,,,,,,,
31/05/1955,,,,,,,,,,,,,,,,,,,,,,,,
30/06/1955,,,,,,,,,,,,,,,,,,,,,,,,
31/07/1955,,,,,,,,,,,,,,,,,,,,,,,,
31/08/1955,,,,,,,,,,,,,,,,,,,,,,,,
30/09/1955,,,,,,,,,,,,,,,,,,,,,,,,
31/10/1955,,,,,,,,,,,,,,,,,,,,,,,,
30/11/1955,,,,,,,,,,,,,,,,,,,,,,,,
31/12/1955,,,,,,,,,,,,,,,,,,,,,,,,
31/01/1956,,,,,,,,,,,,,,,,,,,,,,,,
29/02/1956,,,,,,,,,,,,,,,,,,,,,,,,
31/03/1956,,,,,,,,,,,,,,,,,,,,,,,,
30/04/1956,,,,,,,,,,,,,,,,,,,,,,,,
31/05/1956,,,,,,,,,,,,,,,,,,,,,,,,
30/06/1956,,,,,,,,,,,,,,,,,,,,,,,,
31/07/1956,,,,,,,,,,,,,,,,,,,,,,,,
31/08/1956,,,,,,,,,,,,,,,,,,,,,,,,
30/09/1956,,,,,,,,,,,,,,,,,,,,,,,,
31/10/1956,,,,,,,,,,,,,,,,,,,,,,,,
30/11/1956,,,,,,,,,,,,,,,,,,,,,,,,
31/12/1956,,,,,,,,,,,,,,,,,,,,,,,,
31/01/1957,,,,,,,,,,,,,,,,,,,,,,,,
28/02/1957,,,,,,,,,,,,,,,,,,,,,,,,
31/03/1957,,,,,,,,,,,,,,,,,,,,,,,,
30/04/1957,,,,,,,,,,,,,,,,,,,,,,,,
31/05/1957,,,,,,,,,,,,,,,,,,,,,,,,
30/06/1957,,,,,,,,,,,,,,,,,,,,,,,,
31/07/1957,,,,,,,,,,,,,,,,,,,,,,,,
31/08/1957,,,,,,,,,,,,,,,,,,,,,,,,
30/09/1957,,,,,,,,,,,,,,,,,,,,,,,,
31/10/1957,,,,,,,,,,,,,,,,,,,,,,,,
30/11/1957,,,,,,,,,,,,,,,,,,,,,,,,
31/12/1957,,,,,,,,,,,,,,,,,,,,,,,,
31/01/1958,,,,,,,,,,,,,,,,,,,,,,,,
28/02/1958,,,,,,,,,,,,,,,,,,,,,,,,
31/03/1958,,,,,,,,,,,,,,,,,,,,,,,,
30/04/1958,,,,,,,,,,,,,,,,,,,,,,,,
31/05/1958,,,,,,,,,,,,,,,,,,,,,,,,
30/06/1958,,,,,,,,,,,,,,,,,,,,,,,,
31/07/1958,,,,,,,,,,,,,,,,,,,,,,,,
31/08/1958,,,,,,,,,,,,,,,,,,,,,,,,
30/09/1958,,,,,,,,,,,,,,,,,,,,,,,,
31/10/1958,,,,,,,,,,,,,,,,,,,,,,,,
30/11/1958,,,,,,,,,,,,,,,,,,,,,,,,
31/12/1958,,,,,,,,,,,,,,,,,,,,,,,,
31/01/1959,,,,,,,,,,,,,,,,,,,,,,,,
28/02/1959,,,,,,,,,,,,,,,,,,,,,,,,
31/03/1959,,,,,,,,,,,,,,,,,,,,,,,,
30/04/1959,,,,,,,,,,,,,,,,,,,,,,,,
31/05/1959,,,,,,,,,,,,,,,,,,,,,,,,
30/06/1959,,,,,,,,,,,,,,,,,,,,,,,,
31/07/1959,,,,,,,,,,,,,,,,,,,,,,,,
31/08/1959,,,,,,,,,,,,,,,,,,,,,,,,
30/09/1959,,,,,,,,,,,,,,,,,,,,,,,,
31/10/1959,,,,,,,,,,,,,,,,,,,,,,,,
30/11/1959,,,,,,,,,,,,,,,,,,,,,,,,
31/12/1959,,,,,,,,,,,,,,,,,,,,,,,,
31/01/1960,,,,,,,,,,,,,,,,,,,,,,,,
29/02/1960,,,,,,,,,,,,,,,,,,,,,,,,
31/03/1960,,,,,,,,,,,,,,,,,,,,,,,,
30/04/1960,,,,,,,,,,,,,,,,,,,,,,,,
31/05/1960,,,,,,,,,,,,,,,,,,,,,,,,
30/06/1960,,,,,,,,,,,,,,,,,,,,,,,,
31/07/1960,,,,,,,,,,,,,,,,,,,,,,,,
31/08/1960,,,,,,,,,,,,,,,,,,,,,,,,
30/09/1960,,,,,,,,,,,,,,,,,,,,,,,,
31/10/1960,,,,,,,,,,,,,,,,,,,,,,,,
30/11/1960,,,,,,,,,,,,,,,,,,,,,,,,
31/12/1960,,,,,,,,,,,,,,,,,,,,,,,,
31/01/1961,,,,,,,,,,,,,,,,,,,,,,,,
28/02/1961,,,,,,,,,,,,,,,,,,,,,,,,
31/03/1961,,,,,,,,,,,,,,,,,,,,,,,,
30/04/1961,,,,,,,,,,,,,,,,,,,,,,,,
31/05/1961,,,,,,,,,,,,,,,,,,,,,,,,
30/06/1961,,,,,,,,,,,,,,,,,,,,,,,,
31/07/1961,,,,,,,,,,,,,,,,,,,,,,,,
31/08/1961,,,,,,,,,,,,,,,,,,,,,,,,
30/09/1961,,,,,,,,,,,,,,,,,,,,,,,,
31/10/1961,,,,,,,,,,,,,,,,,,,,,,,,
30/11/1961,,,,,,,,,,,,,,,,,,,,,,,,
31/12/1961,,,,,,,,,,,,,,,,,,,,,,,,
31/01/1962,,,,,,,,,,,,,,,,,,,,,,,,
28/02/1962,,,,,,,,,,,,,,,,,,,,,,,,
31/03/1962,,,,,,,,,,,,,,,,,,,,,,,,
30/04/1962,,,,,,,,,,,,,,,,,,,,,,,,
31/05/1962,,,,,,,,,,,,,,,,,,,,,,,,
30/06/1962,,,,,,,,,,,,,,,,,,,,,,,,
31/07/1962,,,,,,,,,,,,,,,,,,,,,,,,
31/08/1962,,,,,,,,,,,,,,,,,,,,,,,,
30/09/1962,,,,,,,,,,,,,,,,,,,,,,,,
31/10/1962,,,,,,,,,,,,,,,,,,,,,,,,
30/11/1962,,,,,,,,,,,,,,,,,,,,,,,,
31/12/1962,,,,,,,,,,,,,,,,,,,,,,,,
31/01/1963,,,,,,,,,,,,,,,,,,,,,,,,
28/02/1963,,,,,,,,,,,,,,,,,,,,,,,,
31/03/1963,,,,,,,,,,,,,,,,,,,,,,,,
30/04/1963,,,,,,,,,,,,,,,,,,,,,,,,
31/05/1963,,,,,,,,,,,,,,,,,,,,,,,,
30/06/1963,,,,,,,,,,,,,,,,,,,,,,,,
31/07/1963,,,,,,,,,,,,,,,,,,,,,,,,
31/08/1963,,,,,,,,,,,,,,,,,,,,,,,,
30/09/1963,,,,,,,,,,,,,,,,,,,,,,,,
31/10/1963,,,,,,,,,,,,,,,,,,,,,,,,
30/11/1963,,,,,,,,,,,,,,,,,,,,,,,,
31/12/1963,,,,,,,,,,,,,,,,,,,,,,,,
31/01/1964,,,,,,,,,,,,,,,,,,,,,,,,
29/02/1964,,,,,,,,,,,,,,,,,,,,,,,,
31/03/1964,,,,,,,,,,,,,,,,,,,,,,,,
30/04/1964,,,,,,,,,,,,,,,,,,,,,,,,
31/05/1964,,,,,,,,,,,,,,,,,,,,,,,,
30/06/1964,,,,,,,,,,,,,,,,,,,,,,,,
31/07/1964,,,,,,,,,,,,,,,,,,,,,,,,
31/08/1964,,,,,,,,,,,,,,,,,,,,,,,,
30/09/1964,,,,,,,,,,,,,,,,,,,,,,,,
31/10/1964,,,,,,,,,,,,,,,,,,,,,,,,
30/11/1964,,,,,,,,,,,,,,,,,,,,,,,,
31/12/1964,,,,,,,,,,,,,,,,,,,,,,,,
31/01/1965,,,,,,,,,,,,,,,,,,,,,,,,
28/02/1965,,,,,,,,,,,,,,,,,,,,,,,,
31/03/1965,,,,,,,,,,,,,,,,,,,,,,,,
30/04/1965,,,,,,,,,,,,,,,,,,,,,,,,
31/05/1965,,,,,,,,,,,,,,,,,,,,,,,,
30/06/1965,,,,,,,,,,,,,,,,,,,,,,,,
31/07/1965,,,,,,,,,,,,,,,,,,,,,,,,
31/08/1965,,,,,,,,,,,,,,,,,,,,,,,,
30/09/1965,,,,,,,,,,,,,,,,,,,,,,,,
31/10/1965,,,,,,,,,,,,,,,,,,,,,,,,
30/11/1965,,,,,,,,,,,,,,,,,,,,,,,,
31/12/1965,5.2,,,,,,,,,,,,,,,,,,,,,,,
31/01/1966,5.2,,,,,,,,,,,,,,,,,,,,,,,
28/02/1966,5.3,,,,,,,,,,,,,,,,,,,,,,,
31/03/1966,5.3,,,,,,,,,,,,,,,,,,,,,,,
30/04/1966,5.4,,,,,,,,,,,,,,,,,,,,,,,
31/05/1966,5.4,,,,,,,,,,,,,,,,,,,,,,,
30/06/1966,5.5,,,,,,,,,,,,,,,,,,,,,,,
31/07/1966,5.5,,,,,,,,,,,,,,,,,,,,,,,
31/08/1966,5.5,,,,,,,,,,,,,,,,,,,,,,,
30/09/1966,5.5,,,,,,,,,,,,,,,,,,,,,,,
31/10/1966,5.5,,,,,,,,,,,,,,,,,,,,,,,
30/11/1966,5.5,,,,,,,,,,,,,,,,,,,,,,,
31/12/1966,5.6,,,,,,,,,,,,,,,,,,,,,,,
31/01/1967,5.5,,,,,,,,,,,,,,,,,,,,,,,
28/02/1967,5.5,,,,,,,,,,,,,,,,,,,,,,,
31/03/1967,5.5,,,,,,,,,,,,,,,,,,,,,,,
30/04/1967,5.4,,,,,,,,,,,,,,,,,,,,,,,
31/05/1967,5.4,,,,,,,,,,,,,,,,,,,,,,,
30/06/1967,5.3,,,,,,,,,,,,,,,,,,,,,,,
31/07/1967,5.3,,,,,,,,,,,,,,,,,,,,,,,
31/08/1967,5.3,,,,,,,,,,,,,,,,,,,,,,,
30/09/1967,5.3,,,,,,,,,,,,,,,,,,,,,,,
31/10/1967,5.3,,,,,,,,,,,,,,,,,,,,,,,
30/11/1967,5.3,,,,,,,,,,,,,,,,,,,,,,,
31/12/1967,5.3,,,,,,,,,,,,,,,,,,,,,,,
31/01/1968,5.4,,,,,,,,,,,,,,,,,,,,,,,
29/02/1968,5.4,,,,,,,,,,,,,,,,,,,,,,,
31/03/1968,5.4,,,,,,,,,,,,,,,,,,,,,,,
30/04/1968,5.5,,,,,,,,,,,,,,,,,,,,,,,
31/05/1968,5.5,,,,,,,,,,,,,,,,,,,,,,,
30/06/1968,5.6,,,,,,,,,,,,,,,,,,,,,,,
31/07/1968,5.6,,,,,,,,,,,,,,,,,,,,,,,
31/08/1968,5.6,,,,,,,,,,,,,,,,,,,,,,,
30/09/1968,5.7,,,,,,,,,,,,,,,,,,,,,,,
31/10/1968,5.7,,,,,,,,,,,,,,,,,,,,,,,
30/11/1968,5.7,,,,,,,,,,,,,,,,,,,,,,,
31/12/1968,5.8,,,,,,,,,,,,,,,,,,,,,,,
31/01/1969,5.8,,,,,,,,,,,,,,,,,,,,,,,
28/02/1969,5.8,,,,,,,,,,,,,,,,,,,,,,,
31/03/1969,5.8,,,,,,,,,,,,,,,,,,,,,,,
30/04/1969,5.8,,,,,,,,,,,,,,,,,,,,,,,
31/05/1969,5.8,,,,,,,,,,,,,,,,,,,,,,,
30/06/1969,5.8,,,,,,,,,,,,,,,,,,,,,,,
31/07/1969,5.9,,,,,,,,,,,,,,,,,,,,,,,
31/08/1969,5.9,,,,,,,,,,,,,,,,,,,,,,,
30/09/1969,5.9,,,,,,,,,,,,,,,,,,,,,,,
31/10/1969,5.9,,,,,,,,,,,,,,,,,,,,,,,
30/11/1969,5.8,,,,,,,,,,,,,,,,,,,,,,,
31/12/1969,5.8,,,,,,,,,,,,,,,,,,,,,,,
31/01/1970,5.7,,,,,,,,,,,,,,,,,,,,,,,
28/02/1970,5.7,,,,,,,,,,,,,,,,,,,,,,,
31/03/1970,5.6,,,,,,,,,,,,,,,,,,,,,,,
30/04/1970,5.6,,,,,,,,,,,,,,,,,,,,,,,
31/05/1970,5.6,,,,,,,,,,,,,,,,,,,,,,,
30/06/1970,5.5,,,,,,,,,,,,,,,,,,,,,,,
31/07/1970,5.5,,,,,,,,,,,,,,,,,,,,,,,
31/08/1970,5.4,,,,,,,,,,,,,,,,,,,,,,,
30/09/1970,5.4,,,,,,,,,,,,,,,,,,,,,,,
31/10/1970,5.3,,,,,,,,,,,,,,,,,,,,,,,
30/11/1970,5.2,,,,,,,,,,,,,,,,,,,,,,,
31/12/1970,5.1,,,,,,,,,,,,,,,,,,,,,,,
31/01/1971,5.2,,,,,,,,,,,,,,,,,,,,,,,
28/02/1971,5.2,,,,,,,,,,,,,,,,,,,,,,,
31/03/1971,5.2,,,,,,,,,,,,,,,,,,,,,,,
30/04/1971,5.3,,,,,,,,,,,,,,,,,,,,,,,
31/05/1971,5.3,,,,,,,,,,,,,,,,,,,,,,,
30/06/1971,5.3,,,,,,,,,,,,,,,,,,,,,,,
31/07/1971,5.4,,,,,,,,,,,,,,,,,,,,,,,
31/08/1971,5.4,,,,,,,,,,,,,,,,,,,,,,,
30/09/1971,5.4,,,,,,,,,,,,,,,,,,,,,,,
31/10/1971,5.5,,,,,,,,,,,,,,,,,,,,,,,
30/11/1971,5.6,,,,,,,,,,,,,,,,,,,,,,,
31/12/1971,5.7,,,,,,,,,,,,,,,,,,,,,,,
31/01/1972,5.7,,,,,,,,,,,,,,,,,,,,,,,
29/02/1972,5.8,,,,,,,,,,,,,,,,,,,,,,,
31/03/1972,5.8,,,,,,,,,,,,,,,,,,,,,,,
30/04/1972,5.9,,,,,,,,,,,,,,,,,,,,,,,
31/05/1972,5.9,,,,,,,,,,,,,,,,,,,,,,,
30/06/1972,6,,,,,,,,,,,,,,,,,,,,,,,
31/07/1972,6,,,,,,,,,,,,,,,,,,,,,,,
31/08/1972,6.1,,,,,,,,,,,,,,,,,,,,,,,
30/09/1972,6.1,,,,,,,,,,,,,,,,,,,,,,,
31/10/1972,6.2,,,,,,,,,,,,,,,,,,,,,,,
30/11/1972,6.3,,,,,,,,,,,,,,,,,,,,,,,
31/12/1972,6.4,,,,,,,,,,,,,,,,,,,,,,,
31/01/1973,6.5,,,,,,,,,,,,,,,,,,,,,,,
28/02/1973,6.7,,,,,,,,,,,,,,,,,,,,,,,
31/03/1973,6.8,,,,,,,,,,,,,,,,,,,,,,,
30/04/1973,6.9,,,,,,,,,,,,,,,,,,,,,,,
31/05/1973,7.1,,,,,,,,,,,,,,,,,,,,,,,
30/06/1973,7.2,,,,,,,,,,,,,,,,,,,,,,,
31/07/1973,7.4,,,,,,,,,,,,,,,,,,,,,,,
31/08/1973,7.5,,,,,,,,,,,,,,,,,,,,,,,
30/09/1973,7.7,,,,,,,,,,,,,,,,,,,,,,,
31/10/1973,7.8,,,,,,,,,,,,,,,,,,,,,,,
30/11/1973,8,,,,,,,,,,,,,,,,,,,,,,,
31/12/1973,8.2,,,,,,,,,,,,,,,,,,,,,,,
31/01/1974,8.2,,,,,,,,,,,,,,,,,,,,,,,
28/02/1974,8.3,,,,,,,,,,,,,,,,,,,,,,,
31/03/1974,8.4,,,,,,,,,,,,,,,,,,,,,,,
30/04/1974,8.5,,,,,,,,,,,,,,,,,,,,,,,
31/05/1974,8.6,,,,,,,,,,,,,,,,,,,,,,,
30/06/1974,8.7,,,,,,,,,,,,,,,,,,,,,,,
31/07/1974,8.9,,,,,,,,,,,,,,,,,,,,,,,
31/08/1974,9,,,,,,,,,,,,,,,,,,,,,,,
30/09/1974,9.1,,,,,,,,,,,,,,,,,,,,,,,
31/10/1974,9,,,,,,,,,,,,,,,,,,,,,,,
30/11/1974,9,,,,,,,,,,,,,,,,,,,,,,,
31/12/1974,8.9,,,,,,,,,,,,,,,,,,,,,,,
31/01/1975,8.7,,,,,,,,,,,,,,,,,,,,,,,
28/02/1975,8.6,,,,,,,,,,,,,,,,,,,,,,,
31/03/1975,8.5,,,,,,,,,,,,,,,,,,,,,,,
30/04/1975,8.3,,,,,,,,,,,,,,,,,,,,,,,
31/05/1975,8.1,,,,,,,,,,,,,,,,,,,,,,,
30/06/1975,8,,,,,,,,,,,,,,,,,,,,,,,
31/07/1975,7.9,,,,,,,,,,,,,,,,,,,,,,,
31/08/1975,7.8,,,,,,,,,,,,,,,,,,,,,,,
30/09/1975,7.8,,,,,,,,,,,,,,,,,,,,,,,
31/10/1975,7.8,,,,,,,,,,,,,,,,,,,,,,,
30/11/1975,7.9,,,,,,,,,,,,,,,,,,,,,,,
31/12/1975,8,,,,,,,,,,,,,,,,,,,,,,,
31/01/1976,8.2,,,,,,,,,,,,,,,,,,,,,,,
29/02/1976,8.4,,,,,,,,,,,,,,,,,,,,,,,
31/03/1976,8.7,,,,,,,,,,,,,,,,,,,,,,,
30/04/1976,8.9,,,,,,,,,,,,,,,,,,,,,,,
31/05/1976,9.1,,,,,,,,,,,,,,,,,,,,,,,
30/06/1976,9.3,,,,,,,,,,,,,,,,,,,,,,,
31/07/1976,9.4,,,,,,,,,,,,,,,,,,,,,,,
31/08/1976,9.5,,,,,,,,,,,,,,,,,,,,,,,
30/09/1976,9.6,,,,,,,,,,,,,,,,,,,,,,,
31/10/1976,9.7,,,,,,,,,,,,,,,,,,,,,,,
30/11/1976,9.8,,,,,,,,,,,,,,,,,,,,,,,
31/12/1976,9.9,,,,,,,,,,,,,,,,,,,,,,,
31/01/1977,10,,,,,,,,,,,,,,,,,,,,,,,
28/02/1977,10,,,,,,,,,,,,,,,,,,,,,,,
31/03/1977,10.1,,,,,,,,,,,,,,,,,,,,,,,
30/04/1977,10.2,,,,,,,,,,,,,,,,,,,,,,,
31/05/1977,10.3,,,,,,,,,,,,,,,,,,,,,,,
30/06/1977,10.4,,,,,,,,,,,,,,,,,,,,,,,
31/07/1977,10.5,,,,,,,,,,,,,,,,,,,,,,,
31/08/1977,10.6,,,,,,,,,,,,,,,,,,,,,,,
30/09/1977,10.7,,,,,,,,,,,,,,,,,,,,,,,
31/10/1977,10.8,,,,,,,,,,,,,,,,,,,,,,,
30/11/1977,10.8,,,,,,,,,,,,,,,,,,,,,,,
31/12/1977,10.9,,,,,,,,,,,,,,,,,,,,,,,
31/01/1978,10.9,,,,,,,,,,,,,,,,,,,,,,,
28/02/1978,10.9,,,,,,,,,,,,,,,,,,,,,,,
31/03/1978,10.9,,,,,,,,,,,,,,,,,,,,,,,
30/04/1978,11,,,,,,,,,,,,,,,,,,,,,,,
31/05/1978,11.1,,,,,,,,,,,,,,,,,,,,,,,
30/06/1978,11.2,,,,,,,,,,,,,,,,,,,,,,,
31/07/1978,11.3,,,,,,,,,,,,,,,,,,,,,,,
31/08/1978,11.5,,,,,,,,,,,,,,,,,,,,,,,
30/09/1978,11.6,,,,,,,,,,,,,,,,,,,,,,,
31/10/1978,11.8,,,,,,,,,,,,,,,,,,,,,,,
30/11/1978,12.1,,,,,,,,,,,,,,,,,,,,,,,
31/12/1978,12.3,,,,,,,,,,,,,,,,,,,,,,,
31/01/1979,12.7,,,,,,,,,,,,,,,,,,,,,,,
28/02/1979,13,,,,,,,,,,,,,,,,,,,,,,,
31/03/1979,13.3,,,,,,,,,,,,,,,,,,,,,,,
30/04/1979,13.5,,,,,,,,,,,,,,,,,,,,,,,
31/05/1979,13.8,,,,,,,,,,,,,,,,,,,,,,,
30/06/1979,14,,,,,,,,,,,,,,,,,,,,,,,
31/07/1979,14.2,,,,,,,,,,,,,,,,,,,,,,,
31/08/1979,14.4,,,,,,,,,,,,,,,,,,,,,,,
30/09/1979,14.6,,,,,,,,,,,,,,,,,,,,,,,
31/10/1979,14.7,,,,,,,,,,,,,,,,,,,,,,,
30/11/1979,14.8,,,,,,,,,,,,,,,,,,,,,,,
31/12/1979,14.9,,,,,,,,,,,,,,,,,,,,,,,
31/01/1980,46.5,,,,,,,,,,,,,,,,,,,,,,,
29/02/1980,46.3,,,,,,,,,,,,,,,,,,,,,,,
31/03/1980,46,,,,,,,,,,,,,,,,,,,,,,,
30/04/1980,45.1,,,,,,,,,,,,,,,,,,,,,,,
31/05/1980,44.4,,,,,,,,,,,,,,,,,,,,,,,
30/06/1980,43.5,,,,,,,,,,,,,,,,,,,,,,,
31/07/1980,43.3,,,,,,,,,,,,,,,,,,,,,,,
31/08/1980,42.7,,,,,,,,,,,,,,,,,,,,,,,
30/09/1980,42,,,,,,,,,,,,,,,,,,,,,,,
31/10/1980,41.8,,,,,,,,,,,,,,,,,,,,,,,
30/11/1980,41.6,,,,,,,,,,,,,,,,,,,,,,,
31/12/1980,41.4,,,,,,,,,,,,,,,,,,,,,,,
31/01/1981,40.8,,,,,,,,,,,,,,,,,,,,,,,
28/02/1981,40.2,,,,,,,,,,,,,,,,,,,,,,,
31/03/1981,39.7,,,,,,,,,,,,,,,,,,,,,,,
30/04/1981,39.8,,,,,,,,,,,,,,,,,,,,,,,
31/05/1981,39.9,,,,,,,,,,,,,,,,,,,,,,,
30/06/1981,39.9,,,,,,,,,,,,,,,,,,,,,,,
31/07/1981,39.7,,,,,,,,,,,,,,,,,,,,,,,
31/08/1981,39.6,,,,,,,,,,,,,,,,,,,,,,,
30/09/1981,39.5,,,,,,,,,,,,,,,,,,,,,,,
31/10/1981,39.5,,,,,,,,,,,,,,,,,,,,,,,
30/11/1981,39.4,,,,,,,,,,,,,,,,,,,,,,,
31/12/1981,39.4,,,,,,,,,,,,,,,,,,,,,,,
31/01/1982,38.8,,,,,,,,,,,,,,,,,,,,,,,
28/02/1982,38.2,,,,,,,,,,,,,,,,,,,,,,,
31/03/1982,37.8,,,,,,,,,,,,,,,,,,,,,,,
30/04/1982,37.1,,,,,,,,,,,,,,,,,,,,,,,
31/05/1982,36.2,,,,,,,,,,,,,,,,,,,,,,,
30/06/1982,35.2,,,,,,,,,,,,,,,,,,,,,,,
31/07/1982,34.5,,,,,,,,,,,,,,,,,,,,,,,
31/08/1982,34,,,,,,,,,,,,,,,,,,,,,,,
30/09/1982,33.4,,,,,,,,,,,,,,,,,,,,,,,
31/10/1982,32.5,,,,,,,,,,,,,,,,,,,,,,,
30/11/1982,31.9,,,,,,,,,,,,,,,,,,,,,,,
31/12/1982,31.2,,,,,,,,,,,,,,,,,,,,,,,
31/01/1983,31,,,,,,,,,,,,,,,,,,,,,,,
28/02/1983,30.8,,,,,,,,,,,,,,,,,,,,,,,
31/03/1983,30.6,,,,,,,,,,,,,,,,,,,,,,,
30/04/1983,30.5,,,,,,,,,,,,,,,,,,,,,,,
31/05/1983,30.5,,,,,,,,,,,,,,,,,,,,,,,
30/06/1983,30.5,,,,,,,,,,,,,,,,,,,,,,,
31/07/1983,31,,,,,,,,,,,,,,,,,,,,,,,
31/08/1983,31.4,,,,,,,,,,,,,,,,,,,,,,,
30/09/1983,31.8,,,,,,,,,,,,,,,,,,,,,,,
31/10/1983,32.3,,,,,,,,,,,,,,,,,,,,,,,
30/11/1983,32.9,,,,,,,,,,,,,,,,,,,,,,,
31/12/1983,33.4,,,,,,,,,,,,,,,,,,,,,,,
31/01/1984,34.2,,,,,,,,,,,,,,,,,,,,,,,
29/02/1984,35,,,,,,,,,,,,,,,,,,,,,,,
31/03/1984,35.9,,,,,,,,,,,,,,,,,,,,,,,
30/04/1984,36.4,,,,,,,,,,,,,,,,,,,,,,,
31/05/1984,37,,,,,,,,,,,,,,,,,,,,,,,
30/06/1984,37.7,,,,,,,,,,,,,,,,,,,,,,,
31/07/1984,37.8,,,,,,,,,,,,,,,,,,,,,,,
31/08/1984,37.9,,,,,,,,,,,,,,,,,,,,,,,
30/09/1984,38,,,,,,,,,,,,,,,,,,,,,,,
31/10/1984,38,,,,,,,,,,,,,,,,,,,,,,,
30/11/1984,38,,,,,,,,,,,,,,,,,,,,,,,
31/12/1984,38.1,,,,,,,,,,,,,,,,,,,,,,,
31/01/1985,37.8,,,,,,,,,,,,,,,,,,,,,,,
28/02/1985,37.5,,,,,,,,,,,,,,,,,,,,,,,
31/03/1985,37.1,,,,,,,,,,,,,,,,,,,,,,,
30/04/1985,36.4,,,,,,,,,,,,,,,,,,,,,,,
31/05/1985,35.7,,,,,,,,,,,,,,,,,,,,,,,
30/06/1985,35,,,,,,,,,,,,,,,,,,,,,,,
31/07/1985,34.6,,,,,,,,,,,,,,,,,,,,,,,
31/08/1985,34.3,,,,,,,,,,,,,,,,,,,,,,,
30/09/1985,33.9,,,,,,,,,,,,,,,,,,,,,,,
31/10/1985,33.3,,,,,,,,,,,,,,,,,,,,,,,
30/11/1985,32.8,,,,,,,,,,,,,,,,,,,,,,,
31/12/1985,32.2,,,,,,,,,,,,,,,,,,,,,,,
31/01/1986,32.1,,,,,,,,,,,,,,,,,,,,,,,
28/02/1986,32.1,,,,,,,,,,,,,,,,,,,,,,,
31/03/1986,32.2,,,,,,,,,,,,,,,,,,,,,,,
30/04/1986,32.4,,,,,,,,,,,,,,,,,,,,,,,
31/05/1986,32.4,,,,,,,,,,,,,,,,,,,,,,,
30/06/1986,32.4,,,,,,,,,,,,,,,,,,,,,,,
31/07/1986,32.5,,,,,,,,,,,,,,,,,,,,,,,
31/08/1986,32.5,,,,,,,,,,,,,,,,,,,,,,,
30/09/1986,32.5,,,,,,,,,,,,,,,,,,,,,,,
31/10/1986,32.2,,,,,,,,,,,,,,,,,,,,,,,
30/11/1986,31.9,,,,,,,,,,,,,,,,,,,,,,,
31/12/1986,31.6,,,,,,,,,,,,,,,,,,,,,,,
31/01/1987,31.8,,,,,,,,,,,,,,,,,,,,,,,
28/02/1987,32.2,,,,,,,,,,,,,,,,,,,,,,,
31/03/1987,32.5,,,,,,,,,,,,,,,,,,,,,,,
30/04/1987,31.8,,,,,,,,,,,,,,,,,,,,,,,
31/05/1987,31.2,,,,,,,,,,,,,,,,,,,,,,,
30/06/1987,30.6,,,,,,,,,,,,,,,,,,,,,,,
31/07/1987,31.6,,,,,,,,,,,,,,,,,,,,,,,
31/08/1987,32.4,,,,,,,,,,,,,,,,,,,,,,,
30/09/1987,33.2,,,,,,,,,,,,,,,,,,,,,,,
31/10/1987,34.3,,,,,,,,,,,,,,,,,,,,,,,
30/11/1987,35.4,,,,,,,,,,,,,,,,,,,,,,,
31/12/1987,36.6,,,,,,,,,,,,,,,,,,,,,,,
31/01/1988,37.2,,,,,,,,,,,,,,,,,,,,,,,
29/02/1988,37.9,,,,,,,,,,,,,,,,,,,,,,,
31/03/1988,38.5,,,,,,,,,,,,,,,,,,,,,,,
30/04/1988,40.4,,,,,,,,,,,,,,,,,,,,,,,
31/05/1988,42.3,,,,,,,,,,,,,,,,,,,,,,,
30/06/1988,44.3,,,,,,,,,,,,,,,,,,,,,,,
31/07/1988,44.8,,,,,,,,,,,,,,,,,,,,,,,
31/08/1988,45.3,,,,,,,,,,,,,,,,,,,,,,,
30/09/1988,45.7,,,,,,,,,,,,,,,,,,,,,,,
31/10/1988,46.3,,,,,,,,,,,,,,,,,,,,,,,
30/11/1988,46.9,,,,,,,,,,,,,,,,,,,,,,,
31/12/1988,47.5,,,,,,,,,,,,,,,,,,,,,,,
31/01/1989,48.1,,,,,,,,,,,,,,,,,,,,,,,
28/02/1989,48.7,,,,,,,,,,,,,,,,,,,,,,,
31/03/1989,49.2,,,,,,,,,,,,,,,,,,,,,,,
30/04/1989,49,6329,,,,,,,,,,,,,,,,,,,,,,
31/05/1989,48.9,6329,,,,,,,,,,,,,,,,,,,,,,
30/06/1989,49,6329,,,,,,,,,,,,,,,,,,,,,,
31/07/1989,47.9,6329,,,,,,,,,,,,,,,,,,,,,,
31/08/1989,46.8,6329,,,,,,,,,,,,,,,,,,,,,,
30/09/1989,45.7,6329,,,,,,,,,,,,,,,,,,,,,,
31/10/1989,44.9,6329,,,,,,,,,,,,,,,,,,,,,,
30/11/1989,44.3,6329,,,,,,,,,,,,,,,,,,,,,,
31/12/1989,43.7,6329,,,,,,,,,,,,,,,,,,,,,,
31/01/1990,42.5,6329,,,,,,,,,,,,,,,,,,,,,,
28/02/1990,41.6,6329,,,,,,,,,,,,,,,,,,,,,,
31/03/1990,40.6,6329,,,,,,,,,,,,,,,,,,,,,,
30/04/1990,40.3,6329,,,,,,,,,,,,,,,,,,,,,,
31/05/1990,39.9,6329,,,,,,,,,,,,,,,,,,,,,,
30/06/1990,39.5,6329,,,,,,,,,,,,,,,,,,,,,,
31/07/1990,39.6,6329,,,,,,,,,,,,,,,,,,,,,,
31/08/1990,39.5,6329,,,,,,,,,,,,,,,,,,,,,,
30/09/1990,39.5,6329,,,,,,,,,,,,,,,,,,,,,,
31/10/1990,39,6329,,,,,,,,,,,,,,,,,,,,,,
30/11/1990,38.7,6329,,,,,,,,,,,,,,,,,,,,,,
31/12/1990,38.4,6329,,,,,,,,,,,,,,,,,,,,,,
31/01/1991,38,6329,,,,,,,,,,,,,,,,,,,,,,
28/02/1991,37.7,6329,,,,,,,,,,,,,,,,,,,,,,
31/03/1991,37.4,6329,,,,,,,,,,,,,,,,,,,,,,
30/04/1991,36.4,6329,,,,,,,,,,,,,,,,,,,,,,
31/05/1991,35.4,6329,,,,,,,,,,,,,,,,,,,,,,
30/06/1991,34.4,6329,,,,,,,,,,,,,,,,,,,,,,
31/07/1991,33.4,6329,,,,,,,,,,,,,,,,,,,,,,
31/08/1991,32.4,6329,,,,,,,,,,,,,,,,,,,,,,
30/09/1991,31.3,6329,,,,,,,,,,,,,,,,,,,,,,
31/10/1991,30.2,6329,,,,,,,,,,,,,,,,,,,,,,
30/11/1991,29,6329,,,,,,,,,,,,,,,,,,,,,,
31/12/1991,27.9,6329,8948,897500,3372,7.075,87.2,4037.7,6546.2,68.5,108263,441000,40.7,46.8,388.5,18.4,12.2,18.35,27.9,37,19.5,361.7,6174,9101.883883
31/01/1992,28,6329,9066,918200,3379,7.075,86.9,4101.9,6616.3,67.9,108312,441000,40.6,47.3,416.1,19.8,12.2,17.68,28,36.4,18.79,354.4,6439.863647,9224.830636
29/02/1992,28,6377,9113,928600,3398,7.075,88,4116.8,6649.9,72.6,108246,444000,40.7,52.7,412.6,19.6,12.3,17.48,28,35.8,19.01,353.9,6494.978728,9282.191537
31/03/1992,28,6437,9189,939700,3403,6.905,89.7,4134.3,6659.6,97.7,108296,420000,40.7,54.6,407.4,19.3,12.3,17.52,28,35.3,18.92,344.3,6556.157794,9359.890313
30/04/1992,28.5,6465,9196,945600,3399,6.905,89.2,4149,6679.4,103.9,108454,424000,40.9,52.6,407.4,19.3,12.3,16.56,28.5,34.8,20.23,338.6,6587.713107,9370.802606
31/05/1992,28.9,6450,9163,952300,3399,6.905,88.3,4176.1,6712.9,97.1,108580,411000,40.9,55.7,414.8,19.7,12.3,15.08,28.9,34.4,20.98,337.2,6586.825791,9357.721628
30/06/1992,29.3,6562,9311,955200,3394,6.837,87.1,4195,6741.7,109.2,108640,420000,40.8,53.6,408.3,19.3,12.3,15.2,29.3,33.9,22.38,340.8,6715.781607,9529.040319
31/07/1992,29.8,6579,9319,966800,3394,6.837,85.9,4223,6736.8,101.1,108711,564000,40.8,53.9,415.1,19.6,12.3,13.6,29.8,33.6,21.78,352.7,6727.953435,9529.626514
31/08/1992,30.3,6578,9300,978500,3398,6.837,85.4,4239.3,6759.6,93,108852,408000,40.8,53.4,417.9,19.7,12.4,14.42,30.3,33.2,21.34,343.1,6719.385918,9499.967699
30/09/1992,30.8,6603,9321,994200,3409,6.755,85.7,4273.9,6725.8,99.2,108887,409000,40.7,49.7,418.5,19.7,12.4,13.7,30.8,32.8,21.88,345.4,6745.145414,9521.766439
31/10/1992,31.3,6659,9376,1009200,3421,6.755,87.3,4303.5,6682.5,97.1,109064,365000,40.8,50.3,412.5,19.4,12.4,17.64,31.3,32.5,21.69,344.4,6782.367342,9550.448613
30/11/1992,31.8,6688,9393,1017900,3426,6.755,89.9,4319.5,6685.9,76.4,109204,341000,40.9,53.6,422.8,19.8,12.4,14.42,31.8,32.2,20.34,335,6819.481275,9577.205098
31/12/1992,32.4,6746,9450,1028400,3425,6.6,90,4355.6,6922.8,79.5,109415,313000,40.9,54.2,435.6,20.4,12.4,12.19,32.4,32,19.41,334.8,6878.395725,9635.758639
31/01/1993,32.7,6737,9417,1030900,3418,6.6,90.6,4359.7,6793.6,67.1,109725,340000,41.1,55.8,435.2,20.3,12.4,12.41,32.7,31.7,19.03,329,6865.093707,9595.6026
28/02/1993,33,6754,9434,1034700,3413,6.6,90.7,4374.3,6817.1,73.1,109967,362000,41.1,55.2,441.7,20.5,12.4,13.72,33,31.5,20.09,329.3,6866.980386,9592.022422
31/03/1993,33.3,6754,9421,1040400,3411,6.526,90.1,4371.4,6794.6,99.1,109916,366000,40.8,53.5,450.2,20.9,12.5,13.61,33.3,31.4,20.32,330.1,6859.818825,9569.134183
30/04/1993,32.9,6789,9445,1047200,3408,6.526,88.3,4412.4,6825.9,107.3,110225,350000,41.4,50.2,443.1,20.5,12.5,12.84,32.9,31.2,20.25,342.2,6905.236491,9606.851791
31/05/1993,32.6,6840,9491,1073000,3435,6.526,88.2,4441.3,6814.5,101.7,110490,349000,41,51.2,445.3,20.5,12.5,13.61,32.6,31,19.95,367.2,6957.290484,9653.432505
30/06/1993,32.3,6860,9504,1077600,3442,6.426,88.4,4458.8,6800.8,117.8,110663,340000,40.9,49.6,448.1,20.6,12.5,12.52,32.3,30.9,19.09,371.9,6969.422099,9655.835921
31/07/1993,32.9,6855,9473,1086500,3441,6.426,89.1,4487.7,6817.1,104.5,110958,356000,41.1,50.2,447.3,20.6,12.5,11.5,32.9,30.8,17.89,392.2,6959.282028,9617.457081
31/08/1993,33.4,6897,9514,1096800,3445,6.426,88.7,4499.9,6826.9,111.9,111119,337000,41.1,50.7,454.1,20.8,12.5,11.93,33.4,30.8,18.01,378.8,6994.198228,9649.126429
30/09/1993,33.9,6961,9591,1103900,3451,6.309,88.1,4530.5,6809.3,111.5,111360,343000,41.3,50.8,459.2,21,12.5,12.93,33.9,30.9,17.5,355.3,7052.441144,9716.524059
31/10/1993,34.6,6962,9574,1113000,3454,6.309,88.8,4552,6772.6,107,111637,348000,41.3,53.4,463.9,21.1,12.5,11.88,34.6,31,18.15,364.2,7063.887479,9714.115587
30/11/1993,35.4,7051,9675,1124700,3468,6.309,89.4,4573.4,6791.6,98.1,111898,337000,41.3,53.8,462.9,21,12.6,14.08,35.4,31.2,16.61,373.8,7138.807602,9795.561376
31/12/1993,36.2,7085,9710,1131900,3475,6.267,89.3,4590.7,7023.2,100.1,112206,290000,41.4,55.6,466,21.2,12.6,11.36,36.2,31.5,14.51,383.3,7165.328801,9820.246754
31/01/1994,36.5,7095,9713,1132700,3473,6.267,91.4,4604.8,6892.9,80.7,112474,406000,41.4,56,473,21.4,12.6,11.29,36.5,31.9,15.03,386.9,7185.152805,9836.477278
28/02/1994,36.9,7144,9758,1136500,3475,6.267,90.8,4652.3,6908.4,81.7,112675,327000,40.9,56.5,471.6,21.3,12.7,13.64,36.9,32.2,14.78,381.9,7234.638425,9881.904812
31/03/1994,37.2,7170,9774,1141500,3479,6.282,90.8,4665.4,6930.4,126.4,113137,322000,41.7,56.9,463.8,20.8,12.7,15.22,37.2,32.6,14.68,384.1,7253.986262,9887.525923
30/04/1994,38.5,7210,9811,1137900,3478,6.282,90.7,4690.7,6932.6,127.6,113490,344000,41.8,57.4,447.2,20.1,12.8,16.47,38.5,33,16.42,377.3,7288.161254,9918.271023
31/05/1994,39.8,7315,9936,1142300,3489,6.282,89.9,4689.2,7016.1,131.4,113821,348000,41.7,58.2,450.9,20.2,12.8,13.9,39.8,33.5,17.89,381.4,7370.758968,10012.31406
30/06/1994,41,7285,9896,1145300,3478,6.359,89.6,4728.8,7002.8,138.8,114136,341000,41.8,58.8,454.8,20.3,12.8,13.41,41,33.9,19.06,385.6,7341.135345,9972.04784
31/07/1994,42.1,7320,9911,1151400,3484,6.359,88.3,4740.8,7008.8,114.8,114499,332000,41.8,58.5,451.4,20.1,12.9,12.48,42.1,34.5,19.65,385.5,7378.319789,9990.530515
31/08/1994,43.1,7372,9972,1151600,3485,6.359,88,4783,7019.1,131.5,114799,341000,41.7,58,464.2,20.5,12.9,11.89,43.1,35,18.38,380.4,7423.45889,10040.96687
30/09/1994,44.1,7364,9935,1152300,3485,6.387,87,4795.5,7048.2,127.2,115153,325000,41.6,59,467,20.6,12.9,13.23,44.1,35.5,17.45,391.6,7407.475488,9993.168556
31/10/1994,45.8,7451,10031,1148100,3482,6.387,86.3,4833.3,7113.4,117,115360,331000,41.8,59.4,463.8,20.4,13,15.25,45.8,36.1,17.72,389.8,7487.814597,10080.58389
30/11/1994,47.5,7452,10023,1151200,3485,6.387,86.5,4846,7111.1,100.5,115783,329000,41.7,59.2,461,20.2,13.1,16.38,47.5,36.8,18.07,384.4,7473.768414,10052.00901
31/12/1994,49.3,7527,10103,1149300,3485,6.498,88.1,4862.3,7144.2,94.2,116057,319000,41.8,56.1,455.2,19.9,13.2,14.18,49.3,37.5,17.16,379.3,7540.429813,10121.39961
31/01/1995,50.1,7565,10129,1148000,3488,6.498,89.6,4871.9,7174.2,78,116378,324000,41.8,57.4,465.3,20.2,13.2,12.27,50.1,38.2,18.04,378.6,7588.911905,10161.42983
28/02/1995,51,7511,10040,1146200,3487,6.498,88.9,4871.7,7190.3,80.4,116587,336000,41.7,55.1,481.9,20.8,13.2,11.47,51,38.9,18.57,376.6,7518.73752,10050.71818
31/03/1995,51.8,7560,10091,1147200,3489,6.57,87.8,4906.5,7208.3,111.5,116809,332000,41.5,52.1,493.2,21.2,13.2,12.17,51.8,39.7,18.54,382.1,7568.210787,10101.44779
30/04/1995,52.7,7562,10075,1149800,3492,6.57,84.8,4911.5,7153.1,109.7,116971,365000,41,51.5,507.9,21.6,13.2,12.44,52.7,40.5,19.9,391,7604.747422,10131.70942
31/05/1995,53.5,7584,10099,1142800,3518,6.57,84.3,4954.4,7223.3,122.8,116955,374000,41.1,46.7,523.8,22.2,13.3,12.27,53.5,41.3,19.74,385.2,7611.006501,10134.37673
30/06/1995,54.4,7668,10192,1143800,3545,6.634,84.2,4999,7245.4,129.3,117186,358000,41.2,45.9,539.4,22.7,13.4,11.9,54.4,42.2,18.45,387.6,7694.881848,10227.40287
31/07/1995,54.8,7653,10150,1146200,3562,6.634,84,4991.8,7259.9,115.6,117265,351000,41.1,50.7,557.4,23.4,13.4,12.51,54.8,43.1,17.33,386.2,7689.408221,10198.26293
31/08/1995,55.1,7697,10197,1143400,3585,6.634,85.9,5027.1,7265.8,133.5,117536,359000,41.2,47.1,559.1,23.3,13.5,12.8,55.1,43.9,18.02,383.7,7733.540852,10245.25906
30/09/1995,55.4,7770,10279,1140000,3597,6.735,86.8,5042.5,7289.4,124.1,117781,355000,41.2,48.1,578.8,23.9,13.6,12.06,55.4,44.8,18.23,383.1,7798.700627,10317.5413
31/10/1995,54.5,7774,10253,1135200,3608,6.735,86.7,5035.9,7297.7,122.2,117928,377000,41.2,46.7,582.9,23.9,13.7,14.36,54.5,45.6,17.43,383.1,7795.953992,10282.33392
30/11/1995,53.9,7776,10252,1133800,3616,6.735,87.4,5077.8,7317.5,107.8,118076,379000,41.3,45.9,595.5,24.3,13.7,12.47,53.9,46.4,17.99,385.3,7806.123487,10292.49544
31/12/1995,53.3,7849,10338,1127000,3624,6.884,87.7,5120.1,7326.1,97.4,118207,359000,40.9,46.2,614.6,25,13.8,11.75,53.3,47.1,19.03,387.4,7879.853235,10378.73333
31/01/1996,53.1,7866,10327,1117900,3642,6.884,88.3,5108.9,7337.5,88.3,118188,387000,39.7,45.5,614.4,24.8,13.9,13.47,53.1,47.8,18.85,399.5,7898.026738,10369.73613
29/02/1996,52.9,7877,10331,1116900,3656,6.884,88.2,5156.1,7394.6,96,118622,365000,41.3,45.9,649.5,26,14,15.03,52.9,48.5,19.09,404.8,7901.267298,10362.93053
31/03/1996,52.7,7937,10388,1123200,3682,7.038,88.3,5196.4,7419.1,120.4,118885,393000,41.1,46.9,647.1,25.6,14.1,17.76,52.7,49.1,21.33,396.2,7961.168722,10419.70922
30/04/1996,52.9,8053,10537,1118600,3694,7.038,88.3,5231.6,7376.4,140.1,119046,343000,41.1,49.3,647.2,25.4,14.2,16.58,52.9,49.7,23.5,392.8,8088.225294,10583.20918
31/05/1996,53.3,8039,10496,1110800,3705,7.038,88.5,5247.2,7470.8,140.5,119369,343000,41.4,49.1,661.2,25.8,14.2,16.15,53.3,50.3,21.17,391.9,8073.43598,10541.67939
30/06/1996,53.7,8093,10555,1113000,3716,7.205,88.8,5253.7,7515.5,131.4,119647,337000,41.5,53.6,668.5,26,14.3,16.4,53.7,50.9,20.42,385.3,8102.234169,10566.8808
31/07/1996,54.2,8128,10598,1112100,3731,7.205,88.7,5275.8,7495.6,135.1,119879,327000,41.4,49.7,644.1,24.9,14.4,17.98,54.2,51.4,21.3,383.5,8156.042377,10635.41556
31/08/1996,54.6,8151,10615,1098600,3740,7.205,88.1,5299,7513.8,129.1,120075,329000,41.5,51.6,662.7,25.4,14.5,15.76,54.6,51.9,21.9,387.4,8145.418264,10607.10564
30/09/1996,55,8198,10667,1091800,3747,7.394,88.5,5320,7531.8,121.1,120295,348000,41.6,51.1,674.9,25.7,14.7,16.58,55,52.4,23.97,383.1,8200.632333,10670.11581
31/10/1996,56.2,8278,10749,1077800,3762,7.394,89,5351.5,7530.8,123.7,120538,352000,41.4,50.5,701.5,26.5,14.7,16.38,56.2,52.9,24.88,381.1,8281.970244,10754.48197
30/11/1996,57.5,8310,10762,1078100,3781,7.394,88.5,5375,7550.6,100.7,120834,332000,41.5,53,735.7,27.6,14.8,16,57.5,53.3,23.71,377.9,8332.397699,10790.36994
31/12/1996,58.9,8273,10706,1070700,3804,7.648,89.1,5401.7,7577.2,99.2,121001,357000,41.7,55.2,743.3,27.7,14.9,19.26,58.9,53.8,25.23,369,8295.057542,10734.37667
31/01/1997,59.4,8347,10714,1075800,3819,7.648,89.8,5434.9,7602.1,88.1,121231,340000,41.4,53.8,766.2,28.3,15,19.47,59.4,54.2,25.13,355.1,8362.39165,10733.49533
28/02/1997,60,8426,10880,1075300,3830,7.648,91.4,5457.7,7624.6,94.1,121532,322000,41.6,53.1,798.4,29.3,15,20.14,60,54.6,22.18,346.6,8432.302663,10888.00393
31/03/1997,60.6,8433,10868,1063600,3845,7.798,92.3,5477.6,7659.5,120.1,121844,325000,41.8,53.8,792.2,28.8,15.1,20.17,60.6,55,20.97,351.8,8438.918933,10876.19163
30/04/1997,60.7,8547,10973,1055500,3863,7.798,92.7,5482.8,7664.7,137.2,122135,337000,41.8,53.7,763.9,27.6,15.1,19.66,60.7,55.3,19.7,344.5,8546.114928,10971.68063
31/05/1997,60.9,8510,10937,1060600,3872,7.798,91.6,5484.3,7696.3,131.6,122391,321000,41.7,56.1,833.1,29.9,15.1,19.92,60.9,55.7,20.82,343.8,8491.142416,10913.16493
30/06/1997,61,8599,11042,1062100,3890,8.033,91.1,5518.2,7720.6,133.6,122644,322000,41.6,54.9,876.3,31.3,15.2,20.19,61,56,19.26,340.8,8588.913784,11029.16002
31/07/1997,60.9,8652,11088,1060600,3907,8.033,92.2,5573,7751.8,133.7,122927,306000,41.6,57.7,925.3,32.8,15.2,20.53,60.9,56.2,19.66,324.1,8633.316967,11064.26761
31/08/1997,60.9,8685,11119,1074500,3937,8.033,93.7,5611.8,7791.7,126,122909,332000,41.7,56.3,927.2,32.6,15.3,23.08,60.9,56.5,19.95,324,8657.447509,11084.35638
30/09/1997,60.8,8739,11165,1060100,3958,8.129,94,5625.6,7813,134.4,123417,317000,41.7,53.9,937,32.7,15.3,23.81,60.8,56.7,19.8,322.8,8720.562426,11141.13634
31/10/1997,60.2,8772,11196,1058700,3976,8.129,94.6,5661.2,7849.7,135.5,123756,306000,41.7,56.4,951.2,32.9,15.4,23.87,60.2,56.9,21.33,324.9,8736.455762,11150.17134
30/11/1997,59.7,8759,11172,1066400,3996,8.129,96,5685.2,7898.4,100.4,124059,318000,41.8,55.7,938.9,32.3,15.4,32.21,59.7,57.1,20.19,306,8713.810162,11114.96715
31/12/1997,59.4,8834,11262,1071400,4016,8.216,99.4,5716.4,7942.9,106.4,124358,303000,41.9,54.5,962.4,33,15.5,26.28,59.4,57.3,18.33,288.7,8797.656139,11216.15158
31/01/1998,59.2,8796,11205,1070900,4040,8.216,102.1,5714.4,8015,96.2,124628,315000,41.9,53.8,963.4,32.9,15.6,23.87,59.2,57.5,16.72,289.1,8752.714419,11149.88111
28/02/1998,59,8918,11359,1076800,4067,8.216,100.4,5748.4,8067,107.4,124817,317000,41.7,52.9,1023.7,34.7,15.6,20,59,57.8,16.06,297.5,8873.698825,11302.96713
31/03/1998,58.8,8956,11399,1064800,4097,8.26,100.1,5775,8114,140.9,124961,312000,41.6,52.9,1076.8,36.3,15.7,20.16,58.8,58,15.12,295.9,8920.744521,11355.0326
30/04/1998,58.4,8951,11384,1068500,4124,8.26,99.8,5812.9,8140.5,146.3,125238,311000,41.3,52.2,1112.2,37.3,15.8,22.03,58.4,58.2,15.35,308.3,8879.575464,11293.1465
31/05/1998,58,8978,11406,1072900,4144,8.26,100.6,5863.3,8173.6,138.2,125639,322000,41.5,50.9,1108.4,37,15.9,20.87,58,58.4,14.91,299.1,8915.546877,11327.57449
30/06/1998,57.6,9056,11503,1066900,4167,8.349,102.7,5897.2,8219.9,153.4,125851,376000,41.4,48.9,1108.4,36.8,16,21.66,57.6,58.6,13.72,292.3,9002.927998,11435.39322
31/07/1998,57.1,9075,11496,1067700,4187,8.349,103,5915.6,8234.8,149.3,125970,335000,41.4,49.2,1156.6,38.3,16,19.93,57.1,58.7,14.17,292.9,9022.941927,11430.02976
31/08/1998,56.6,9125,11548,1069800,4211,8.349,104.6,5951,8261.8,144.7,126322,310000,41.4,49.3,1074.6,35.4,16.1,31.59,56.6,58.8,13.47,284.1,9072.5755,11481.01
30/09/1998,56.1,9239,11697,1074500,4250,8.493,102.8,5991.8,8287.3,141.7,126540,294000,41.3,48.7,1020.6,33.5,16.2,38.2,56.1,58.9,15.03,289,9195.645625,11642.23923
31/10/1998,55.8,9297,11753,1086900,4285,8.493,99.9,6025.8,8301.1,149.8,126733,308000,41.4,48.7,1032.5,33.8,16.2,36.61,55.8,58.9,14.46,295.9,9244.342228,11686.99136
30/11/1998,55.6,9339,11791,1096100,4327,8.493,99.6,6042.7,8335,119.9,127017,310000,41.4,48.2,1144.4,37.4,16.2,26.22,55.6,58.9,13,294.1,9276.754425,11712.50265
31/12/1998,55.5,9341,11767,1091600,4357,8.54,98.7,6098.2,8349.5,124.5,127359,336000,41.5,46.8,1190.1,38.8,16.2,25.48,55.5,58.8,11.35,291.7,9278.229772,11687.73639
31/01/1999,55.7,9392,11802,1093900,4382,8.54,98.7,6099.1,8381.7,105.7,127480,305000,41.3,50.6,1248.8,40.6,16.3,28.04,55.7,58.7,12.51,287.1,9320.326734,11712.18572
28/02/1999,55.9,9447,11866,1099800,4406,8.54,100,6128.2,8409,114.7,127890,301000,41.4,51.7,1246.6,40.4,16.4,28.82,55.9,58.6,12.01,287.3,9384.511473,11787.70522
31/03/1999,56.1,9503,11925,1093800,4414,8.611,101.1,6159.7,8418.6,154.6,127996,298000,41.3,52.4,1281.7,41.4,16.5,25.31,56.1,58.4,14.68,286,9420.24583,11821.95354
30/04/1999,56.9,9527,11930,1095100,4442,8.611,101,6223.6,8402.6,151.8,128372,291000,41.3,52.3,1334.8,42.7,16.4,23.48,56.9,58.3,17.31,282.6,9454.805528,11838.70087
31/05/1999,58.2,9567,11980,1099200,4465,8.611,100.7,6253.4,8420.1,145.1,128585,303000,41.4,54.3,1332.1,42.6,16.3,26.2,58.2,58.2,17.72,276.4,9484.320043,11876.46384
30/06/1999,59.5,9576,11977,1095100,4488,8.675,101.1,6281.9,8448.9,169.3,128851,291000,41.3,55.8,1322.6,42.2,16.2,23.63,59.5,58.1,17.92,261.3,9503.276337,11885.74321
31/07/1999,60.7,9686,12095,1096500,4513,8.675,101.4,6309.5,8458.4,149.1,129142,300000,41.4,53.6,1381,43.8,16.3,21.05,60.7,58.1,20.1,256.1,9612.40126,12002.8503
31/08/1999,62,9685,12086,1082800,4532,8.675,100.4,6354.8,8494.4,151.9,129334,290000,41.5,54.8,1327.5,41.9,16.4,24.32,62,58.1,21.28,256.7,9601.548621,11980.97183
30/09/1999,63.1,9765,12158,1089600,4547,8.843,100,6407.4,8488.3,137.3,129536,306000,41.4,57,1318.2,41.3,16.5,24.54,63.1,58.2,23.8,264.7,9680.485766,12052.58053
31/10/1999,65,9845,12237,1101600,4568,8.843,99.5,6431.2,8541.3,137.6,129944,285000,41.4,57.2,1300,40.6,16.5,24.02,65,58.4,22.69,310.7,9750.744178,12119.75923
30/11/1999,67,9915,12311,1104800,4591,8.843,99.8,6467.2,8601.7,125.6,130238,288000,41.4,58.1,1391,43.2,16.5,21.82,67,58.7,25,293.2,9820.141243,12192.54321
31/12/1999,69,10018,12421,1126500,4616,8.926,99.9,6568.2,8672.2,120.9,130532,268000,41.4,57.8,1428.7,44.2,16.5,22.16,69,59,26.1,283.1,9911.409449,12289.50119
31/01/2000,70.1,9955,12295,1106300,4650,8.926,99.8,6564.7,8744.8,107.3,130781,285000,41.5,56.7,1425.6,43.8,16.6,23.2,70.1,59.5,27.26,284.3,9849.9255,12165.54553
29/02/2000,71,10023,12355,1100600,4660,8.926,101.2,6648.7,8778.7,121.8,130902,280000,41.5,55.8,1388.9,42.2,16.7,23.6,71,59.9,29.37,299.9,9928.317774,12237.60928
31/03/2000,71.7,10115,12427,1103100,4687,9.017,101.7,6714.8,8800.6,153.7,131374,272000,41.4,54.9,1442.2,43.2,16.8,22.72,71.7,60.5,29.84,286.4,10008.58731,12296.17651
30/04/2000,72.2,10254,12583,1113200,4744,9.017,102.3,6701,8836.9,138.9,131660,291000,41.6,54.7,1461.4,43.5,16.7,27.16,72.2,61,25.72,279.7,10124.643,12424.69672
31/05/2000,72.5,10262,12578,1096900,4735,9.017,104.5,6737.2,8869.8,148.9,131885,280000,41.2,53.2,1418.5,42,16.7,26.37,72.5,61.6,28.79,275.2,10153.90615,12445.94411
30/06/2000,72.6,10320,12616,1098000,4752,9.278,103.6,6773.6,8890.2,155.1,131839,296000,41.3,51.4,1462,42.8,16.7,21.54,72.6,62.1,31.82,285.7,10210.96774,12482.92011
31/07/2000,73.3,10275,12528,1094200,4769,9.278,103.9,6793.7,8937.1,129.8,132002,298000,41.5,52.5,1473,42.8,16.6,19.89,73.3,62.8,29.7,281.6,10166.43618,12396.00011
31/08/2000,74.1,10380,12645,1100300,4796,9.278,104.4,6828.7,8985.2,146.8,132005,312000,41,49.9,1485.5,42.9,16.5,18.09,74.1,63.4,31.26,274.5,10282.31472,12526.71477
30/09/2000,74.5,10418,12649,1096100,4831,9.404,105.9,6913.1,8985.5,131.4,132127,292000,41.1,49.7,1468.1,41.9,16.3,19.69,74.5,64.2,33.88,273.7,10298.82648,12504.03465
31/10/2000,72.7,10475,12697,1095600,4849,9.404,107.3,6919.6,9000,134.8,132116,301000,41.1,48.7,1390.1,39.4,16.3,25.2,72.7,64.8,33.11,270,10355.22606,12551.93134
30/11/2000,70.9,10482,12689,1095700,4858,9.404,108,6934.5,8994,121,132347,356000,41.1,48.5,1378,38.8,16.3,26.38,70.9,65.4,34.42,266,10361.87865,12543.68349
31/12/2000,69.3,10460,12651,1089600,4896,9.579,107.1,6979.1,9004.6,102.9,132485,353000,40.4,43.9,1330.9,37.3,16.3,26.53,69.3,66,28.44,271.5,10340.14008,12506.20003
31/01/2001,66.7,10505,12663,1093300,4951,9.579,107.5,7009.8,9054.5,117,132469,362000,40.6,42.3,1335.6,37,16.2,24.92,66.7,66.4,29.59,265.5,10417.41144,12556.92076
28/02/2001,64.4,10502,12636,1103300,4989,9.579,108.3,7029.3,9073,114.3,132530,386000,40.5,42.1,1305.8,35.8,16.1,23.41,64.4,66.8,29.61,261.9,10413.89325,12530.03019
31/03/2001,62.2,10518,12631,1105100,5043,9.537,109.9,7022.1,9101.3,147.7,132500,388000,40.5,43.1,1185.9,32.3,16,28.5,62.2,67,27.24,263,10440.70528,12538.57492
30/04/2001,58,10602,12694,1115300,5109,9.537,110.5,7036.2,9080.8,148.6,132219,406000,40.4,42.7,1189.8,32.2,15.9,28.13,58,67.1,27.49,260.5,10535.81764,12613.98218
31/05/2001,53.8,10681,12761,1117500,5108,9.537,110.6,7083.1,9061.7,159.8,132175,405000,40.4,41.3,1270.4,34.1,15.8,22.94,53.8,67,28.63,272.4,10602.58978,12667.66311
30/06/2001,49.8,10632,12676,1123800,5148,9.493,111.4,7097.1,9062.4,153.9,132047,394000,40.3,43.2,1238.7,33.1,15.7,20.94,49.8,66.6,27.6,270.2,10576.41289,12609.22426
31/07/2001,46.1,10625,12642,1138200,5178,9.493,111.5,7109.2,9198.4,140.6,131922,388000,40.7,43.5,1204.5,32.2,15.7,22.32,46.1,66.1,26.42,267.5,10580.55279,12588.99834
31/08/2001,42.3,10735,12773,1148900,5212,9.493,109.6,7146.1,9359,151.4,131762,395000,40.3,46.3,1178.5,31.4,15.7,21.86,42.3,65.4,27.37,272.4,10723.42769,12759.6889
30/09/2001,38.3,10559,12594,1205500,5315,9.131,110.2,7054.8,9290.6,125.2,131518,517000,40.2,46.2,1044.6,27.7,15.7,35.07,38.3,64.4,26.2,283.4,10558.64001,12594.4742
31/10/2001,36.8,10684,12694,1160800,5311,9.131,110.5,7250.2,9145.7,140.2,131193,483000,40.1,40.8,1076.6,28.6,15.7,32.72,36.8,63.4,22.17,283.1,10718.21545,12733.84328
30/11/2001,35.2,10627,12615,1171300,5352,9.131,111,7209.6,9167.5,124.4,130901,491000,40.1,44.1,1129.7,30,15.7,26.63,35.2,62.2,19.64,276.2,10683.183,12681.58566
31/12/2001,33.7,10793,12807,1182400,5405,9.12,110.9,7190,9190.4,113.6,130723,421000,40.2,45.3,1144.9,30.5,15.7,23.72,33.7,60.8,19.39,275.8,10872.74176,12901.92
31/01/2002,33.6,10843,12852,1183600,5427,9.12,112.2,7217.7,9385.7,115.7,130591,414000,40.1,47.5,1140.2,30.3,15.7,22.25,33.6,59.4,19.71,281.5,10922.99587,12947.56359
28/02/2002,33.5,10795,12777,1188200,5456,9.12,112.8,7259.7,9395.5,122.5,130444,398000,40.3,50.7,1100.7,29.1,15.7,22.88,33.5,58,20.72,295.5,10875.14796,12871.7985
31/03/2002,33.3,10866,12837,1191600,5469,9.098,112.2,7276.7,9391.3,143.2,130420,479000,40.5,52.4,1153.8,30.3,15.7,18.99,33.3,56.5,24.53,294.1,10946.46725,12932.46889
30/04/2002,34,10911,12881,1186900,5470,9.098,112,7345.6,9417.9,156,130335,414000,40.6,52.4,1111.9,29,15.8,19.9,34,54.9,26.18,302.7,11015.59456,13004.5846
31/05/2002,34.9,10914,12872,1193600,5496,9.098,110.6,7321.8,9438.5,164.2,130328,403000,40.6,53.1,1079.3,28.1,15.9,20.09,34.9,53.5,27.04,314.5,11006.88273,12981.4245
30/06/2002,35.8,10979,12925,1193500,5513,9.189,109.1,7366.1,9459,158,130373,386000,40.7,53.6,1014,26.4,16,25.27,35.8,52,25.52,321.2,11072.06496,13034.80444
31/07/2002,37.3,11050,12989,1204000,5556,9.189,107.5,7424.2,9429.7,159.3,130276,390000,40.4,50.2,903.6,23.5,16,34.05,37.3,50.6,26.97,313.3,11143.47426,13098.93446
31/08/2002,38.6,11009,12926,1189400,5603,9.189,108.9,7449,9422,153.7,130260,394000,40.5,50.3,912.6,23.6,15.9,33.74,38.6,49.2,28.39,310.3,11090.2591,13022.22338
30/09/2002,40,11053,12952,1205500,5627,9.24,109.7,7426.1,9427.1,149.5,130205,409000,40.5,50.5,867.8,22.4,15.8,37.65,40,47.8,29.66,319.1,11135.0428,13047.96282
31/10/2002,38.9,11044,12911,1212600,5670,9.24,110.5,7469.3,9448.3,162.9,130331,409000,40.3,49,854.6,22,15.9,35.24,38.9,46.4,28.84,316.6,11125.63137,13006.72226
30/11/2002,37.8,11096,12954,1203600,5719,9.24,109.3,7499.8,9469.5,126.8,130339,377000,40.4,48.5,909.9,23.3,16,28.18,37.8,45,26.35,319.1,11201.83495,13078.12828
31/12/2002,36.8,11172,13026,1218700,5743,9.167,108.7,7552.6,9497,135.8,130183,409000,40.5,51.6,899.2,23.1,16.1,28.21,36.8,43.6,29.46,331.9,11290.98919,13164.77316
31/01/2003,37.8,11172,12994,1229500,5775,9.167,107.3,7579.5,9500.8,126.4,130266,407000,40.3,51.3,895.8,22.9,16.1,27.42,37.8,42.4,32.95,356.9,11267.129,13103.99686
28/02/2003,38.7,11268,13073,1230100,5809,9.167,107.5,7573.6,9481.3,128.5,130108,421000,40.3,48.8,837,21.2,16.2,32.22,38.7,41.3,35.83,359,11375.84307,13198.06809
31/03/2003,39.7,11250,13026,1238500,5831,9.1,107,7627.5,9514.9,148.4,129896,436000,40.4,46.3,846.6,21.3,16.2,30.63,39.7,40.3,33.51,340.6,11357.51164,13151.0216
30/04/2003,41.6,11330,13113,1255200,5866,9.1,105.8,7661.7,9576.2,167.6,129847,444000,40.1,46.1,890,22.4,16.2,23.99,41.6,39.4,28.17,328.2,11450.39643,13252.10048
31/05/2003,43.5,11326,13100,1271500,5931,9.1,102.3,7669.2,9650.6,169.5,129841,431000,40.2,49,936,23.6,16.2,20.24,43.5,38.9,28.11,355.7,11458.79907,13253.10513
30/06/2003,45.3,11456,13244,1282500,5964,8.977,101.8,7722.9,9683.2,175.8,129839,429000,40.3,49,988,24.8,16.2,20.36,45.3,38.5,30.66,356.4,11614.91578,13427.58574
31/07/2003,47.1,11531,13304,1287500,6010,8.977,103,7783.8,9792.1,173,129864,398000,40.1,51,992.5,24.9,16.3,19.16,47.1,38.4,30.75,351,11678.56624,13474.16357
31/08/2003,48.6,11621,13366,1288900,6073,8.977,104.4,7878.9,9852.8,169.9,129822,407000,40.2,53.2,989.5,24.6,16.5,19.27,48.6,38.5,31.57,359.8,11757.43758,13522.55108
30/09/2003,50.2,11723,13447,1297300,6049,8.986,103.3,7874,9739,169.1,129925,387000,40.5,52.4,1019.4,25.2,16.6,19.53,50.2,38.8,28.31,378.9,11860.39556,13604.50925
31/10/2003,54.7,11751,13470,1299500,6036,8.986,101,7890.6,9780.6,182.8,130128,379000,40.6,55.2,1038.7,25.7,16.9,18.02,54.7,39.5,30.34,378.9,11875.75328,13613.33791
30/11/2003,59.3,11835,13551,1293100,6037,8.986,100.6,7950.4,9852.4,130.5,130146,357000,40.9,58.4,1049.9,25.9,17.1,17.4,59.3,40.4,31.11,389.9,11935.67396,13666.49385
31/12/2003,63.7,11865,13564,1302500,6038,9.084,99.3,7974.3,9869.1,147.9,130270,349000,40.7,60.1,1080.6,26.6,17.4,16.83,63.7,41.5,32.13,407,11952.64475,13665.16522
31/01/2004,64.9,11864,13503,1309200,6042,9.084,97.8,8037.3,9879.9,132,130420,376000,40.9,60.8,1132.5,27.7,17.6,16.1,64.9,42.8,34.31,413.8,11952.42651,13603.44984
29/02/2004,65.9,11999,13617,1319600,6078,9.084,98.4,8072.1,9900.7,137.1,130463,348000,41,59.9,1143.4,27.6,17.8,16,65.9,44.1,34.68,404.9,12075.41104,13703.9976
31/03/2004,66.9,12102,13699,1334700,6116,9.096,99.3,8121,9936.6,190.7,130801,340000,40.9,60.6,1124,26.9,18,17.69,66.9,45.4,36.74,406.7,12204.48231,13814.89216
30/04/2004,68.4,12110,13671,1334800,6153,9.096,99.9,8141.6,9969.2,192.5,131051,339000,40.7,60.6,1133.4,26.9,18.2,15.7,68.4,46.8,36.75,403.3,12187.13165,13758.23587
31/05/2004,69.8,12242,13770,1324000,6234,9.096,101.7,8212.9,10020.2,188.4,131361,337000,41.1,61.4,1102.8,25.9,18.4,17.71,69.8,48.2,40.28,383.8,12319.33798,13857.71689
30/06/2004,71.4,12193,13677,1355400,6239,9.118,100.8,8204.6,10020.5,197.1,131442,348000,40.8,60.5,1132.8,26.4,18.6,15.36,71.4,49.7,38.03,392.4,12269.99678,13763.95167
31/07/2004,72.2,12347,13815,1349600,6250,9.118,100,8270.7,10036.4,185.9,131489,341000,40.8,59.9,1105.9,25.7,18.8,15.5,72.2,51.2,40.78,398.1,12412.71342,13888.22085
31/08/2004,72.8,12363,13834,1351600,6275,9.118,100,8294.4,10065.8,185.2,131610,352000,40.8,58.5,1088.9,25.2,19,16.68,72.8,52.6,44.9,400.5,12415.24831,13892.55067
30/09/2004,73.3,12393,13843,1373700,6311,9.147,99.7,8373,10066,174.9,131770,351000,40.8,57.4,1117.7,25.7,19.2,14.08,73.3,54,45.94,405.3,12445.27623,13901.64188
31/10/2004,73.3,12522,13939,1370300,6336,9.147,98.5,8417.9,10075,174.5,132121,332000,40.6,56.3,1117.2,25.4,19.3,14.97,73.3,55.3,53.28,420.5,12587.91175,14013.18806
30/11/2004,73.6,12550,13944,1390200,6366,9.147,96.3,8458.4,10051.2,156.4,132185,335000,40.5,56.2,1168.9,26.5,19.3,13.58,73.6,56.7,48.47,439.4,12602.9611,14002.68477
31/12/2004,74.2,12615,13968,1390000,6389,9.164,95.2,8516.5,10418.5,155.2,132317,320000,40.6,57.2,1199.2,27.1,19.4,12.46,74.2,58.1,43.15,442.1,12668.27351,14026.82212
31/01/2005,74.7,12792,14106,1375300,6391,9.164,95.6,8521.2,10070.4,139.7,132453,331000,40.7,56.6,1181.4,26.6,19.7,13.44,74.7,59.7,46.84,424,12832.79819,14151.14144
28/02/2005,75,12787,14067,1379600,6402,9.164,95.8,8575.7,10074.5,149.4,132693,314000,40.6,54.8,1199.6,26.7,20,11.71,75,61.1,48.15,423.4,12841.5595,14126.37336
31/03/2005,75.1,12861,14124,1381000,6410,9.356,95.4,8622.5,10105.9,190.5,132835,342000,40.4,54.9,1194.9,26.3,20.2,13.13,75.1,62.6,54.19,434.3,12888.55747,14153.62506
30/04/2005,75.9,12924,14165,1362400,6423,9.356,96.4,8715.9,10125.6,193.2,133195,334000,40.4,52.5,1164.4,25.4,20.5,14.46,75.9,64,52.98,429.2,12951.03305,14194.97962
31/05/2005,77.2,12932,14119,1381100,6440,9.356,96.6,8680.6,10167.5,193.1,133364,340000,40.4,51,1178.3,25.6,20.7,13.97,77.2,65.5,49.83,421.9,12946.05513,14133.74232
30/06/2005,78.4,13066,14234,1398200,6472,9.487,97.5,8775.3,10196.8,211.9,133610,311000,40.4,52.6,1202.3,26.1,20.9,11.87,78.4,66.9,56.35,430.7,13066.05357,14234.0947
31/07/2005,79.4,13152,14272,1380700,6497,9.487,98.1,8867.9,10222.5,185.5,133979,316000,40.4,54,1222.2,26.3,21.1,11.05,79.4,68.2,59,424.5,13151.92836,14271.50415
31/08/2005,80.3,13219,14317,1388900,6533,9.487,97.3,8872.6,10238,208,134174,318000,40.5,51.6,1224.3,26.1,21.3,12.95,80.3,69.6,64.99,437.9,13204.87765,14302.06184
30/09/2005,80.6,13246,14287,1390000,6567,9.611,98.2,8923.6,10185.6,193.7,134237,359000,40.7,56.5,1225.9,25.7,21.5,12.63,80.6,70.8,65.59,456,13245.62912,14286.53862
31/10/2005,81.8,13297,14300,1378300,6602,9.611,99.1,8959.6,10234.6,176,134321,322000,41,57.2,1192,24.9,21.7,14.94,81.8,72.1,62.26,469.9,13296.80521,14300.21774
30/11/2005,83.8,13362,14360,1391200,6623,9.611,99.2,8987.7,10304.9,162.9,134655,311000,40.9,56.5,1237.4,25.9,22,12.15,83.8,73.3,58.32,476.7,13362.4899,14360.36766
31/12/2005,85.5,13486,14460,1386900,6648,9.725,98.4,9026.8,10359.6,151.3,134813,302000,40.8,54.9,1262.1,26.4,22.2,11.26,85.5,74.3,59.41,510.1,13471.41145,14444.43803
31/01/2006,86,13576,14503,1393700,6689,9.725,97.3,9100.1,10498.6,152.6,135094,282000,41,55,1278.7,26.5,22.4,12.04,86,75.2,65.49,549.9,13533.38274,14457.15043
28/02/2006,87,13603,14505,1396100,6716,9.725,97.5,9134.7,10543.4,151,135411,293000,41.1,55.5,1276.7,26.2,22.6,12.47,87,76.1,61.63,555,13574.77988,14474.86192
31/03/2006,87.7,13767,14630,1398100,6730,9.883,97.7,9168.1,10562.7,194.2,135698,295000,41.1,54.7,1293.7,26.3,22.8,11.69,87.7,77,62.69,557.1,13723.89529,14584.0563
30/04/2006,87.7,13744,14554,1389500,6763,9.883,97.2,9223.3,10549.1,168.6,135880,321000,41.3,55.8,1302.2,26.1,23,11.85,87.7,77.8,69.44,610.7,13700.88108,14508.56056
31/05/2006,87.9,13816,14616,1400200,6774,9.883,95.2,9254.1,10539.8,184.4,135891,330000,41.2,53.5,1290,25.6,23.2,14.45,87.9,78.6,70.84,675.4,13758.44236,14554.5836
30/06/2006,88.5,13839,14598,1384100,6807,9.998,96.5,9283.8,10563.3,184.2,135971,309000,41.2,52.4,1253.2,24.7,23.4,16.92,88.5,79.3,70.95,596.1,13780.83776,14537.26631
31/07/2006,89.8,13833,14554,1370500,6849,9.998,96.6,9360.4,10560.4,148,136173,311000,41.4,53.2,1260.2,24.7,23.7,15.33,89.8,80.1,74.41,633.7,13789.73869,14507.88463
31/08/2006,91.3,13919,14595,1386900,6879,9.998,96.2,9368.6,10558.6,161.2,136358,314000,41.2,52.8,1287.2,25,23.9,13.35,91.3,80.8,73.04,632.6,13875.38861,14549.45867
30/09/2006,93.3,13973,14659,1365200,6903,10.169,95.9,9393.9,10623.5,136.6,136514,309000,41.1,51.8,1317.7,25.6,24.1,12.18,93.3,81.6,63.8,598.2,13899.84605,14582.08727
31/10/2006,95,14003,14672,1378300,6952,10.169,95.6,9413.3,10684.6,133.1,136506,328000,41.1,50.5,1363.4,26.5,24.4,11.31,95,82.5,58.89,585.8,13915.41358,14579.52627
30/11/2006,96.3,14090,14751,1392000,6995,10.169,94.6,9431.2,10722.4,111.4,136711,349000,41,50.4,1388.6,26.9,24.6,10.82,96.3,83.4,59.08,627.8,14015.77168,14673.90886
31/12/2006,97.4,14106,14728,1384900,7034,10.268,94,9516.5,10750.4,113.6,136891,341000,41.1,52,1416.4,27.3,24.9,10.96,97.4,84.4,61.96,629.8,14017.73761,14635.62585
31/01/2007,97.7,14154,14700,1382200,7075,10.268,94.9,9553.1,10759.9,114.1,137094,308000,41,49.2,1424.2,27.2,25.1,11.04,97.7,85.3,54.51,631.2,14094.31771,14638.44371
28/02/2007,97.8,14302,14784,1365000,7094,10.268,94.8,9590.8,10788,112.1,137182,322000,40.9,51.9,1444.8,27.3,25.3,11.16,97.8,86.3,59.28,664.7,14226.73565,14706.19726
31/03/2007,97.6,14244,14694,1375800,7115,10.401,94.5,9631.6,10820.6,139.4,137400,307000,41.3,51.2,1407,26.2,25.5,15.16,97.6,87.2,60.44,654.9,14155.00258,14602.17308
30/04/2007,97.7,14387,14826,1382500,7194,10.401,93.4,9670.6,10818.3,130.9,137479,301000,41.3,52.9,1463.6,27,25.7,12.93,97.7,88.1,63.98,679.4,14311.97689,14748.49591
31/05/2007,97.8,14430,14846,1389600,7211,10.401,92.8,9708.9,10813,146,137620,310000,41.2,52.6,1511.1,27.5,25.9,13.3,97.8,88.9,63.45,666.9,14339.50082,14752.82947
30/06/2007,98.2,14450,14844,1360400,7239,10.497,92.5,9723.3,10800.7,135.6,137687,317000,41.4,53.2,1514.2,27.4,26.2,14.95,98.2,89.8,67.49,655.5,14388.98463,14781.70183
31/07/2007,95.8,14448,14838,1367600,7270,10.497,91.1,9759.6,10825.1,122.5,137638,305000,41.3,52.1,1520.7,27.4,26.4,17.27,95.8,90.5,74.12,665.3,14387.66371,14776.13735
31/08/2007,93.6,14592,14975,1387500,7343,10.497,91.4,9800.6,10831.6,126,137612,329000,41.3,50.5,1454.6,26.1,26.7,25.03,93.6,91,72.36,665.4,14530.34024,14912.27031
30/09/2007,90.9,14669,15002,1364100,7365,10.622,90.3,9837.5,10859.2,100.5,137681,317000,41.3,50.4,1497.1,26.7,27,22.2,90.9,91.5,79.91,712.7,14623.08288,14954.92065
31/10/2007,85.9,14616,14941,1382000,7377,10.622,88.3,9853.9,10839.4,103.8,137772,328000,41.2,49.9,1539.7,27.3,27.2,19.12,85.9,91.7,85.8,754.6,14569.80211,14893.48659
30/11/2007,80.7,14694,14998,1379900,7409,10.622,87.3,9928.6,10828.9,89.5,137899,352000,41.3,50.7,1463.4,25.7,27.5,25.58,80.7,91.6,94.77,806.2,14647.47008,14951.11657
31/12/2007,76,14746,15036,1371100,7442,10.671,87.9,9947.6,10874.9,77.8,137983,360000,41.1,48.7,1479.2,25.9,27.7,21.65,76,91.3,91.69,803.2,14746.45273,15036.48456
31/01/2008,73.4,14768,15026,1384900,7470,10.671,87.3,9963.2,10906.2,77.4,137996,366000,41.1,50.5,1378.8,24,27.9,25.82,73.4,90.8,92.97,889.6,14759.74043,15018.54254
29/02/2008,71,14575,14786,1379400,7554,10.671,86.2,9955.7,10925.4,75,137913,354000,41.2,48.7,1354.9,23.5,28.1,25.46,71,90.2,95.39,922.3,14551.79908,14762.47435
31/03/2008,68.2,14663,14856,1390700,7618,10.597,84.5,10004.2,10948.4,79.1,137841,387000,41.3,49.1,1316.9,22.6,28.3,27.1,68.2,89.5,105.45,968.4,14670.76,14864.14228
30/04/2008,64.4,14700,14870,1398000,7669,10.597,84.1,10044.6,10906.9,91.5,137656,370000,41.1,48.9,1370.5,23.3,28.4,21.56,64.4,88.5,112.58,909.7,14687.48577,14857.79132
31/05/2008,60.5,14740,14892,1393600,7675,10.597,84.5,10093.3,11431.6,92.3,137423,362000,41,49.6,1403.2,23.7,28.6,18.3,60.5,87.5,125.4,888.7,14789.60159,14942.0117
30/06/2008,56.6,14999,15128,1406600,7693,10.627,84.9,10149.4,11129.8,110.6,137245,392000,41,50,1341.3,22.4,28.7,22.11,56.6,86.2,133.88,889.5,15081.93875,15211.22444
31/07/2008,54.3,14914,14977,1418200,7737,10.627,84.6,10151.1,10954.3,85.9,137014,434000,40.9,49.6,1257.3,20.9,28.8,24.32,54.3,84.8,133.37,939.8,15010.53403,15074.32068
31/08/2008,52.5,14843,14906,1404900,7754,10.627,86.6,10140.3,10866.7,76.3,136747,442000,40.9,49.2,1281.5,21.4,28.8,20.7,52.5,83.3,116.67,839,14987.13934,15050.32563
30/09/2008,50.6,14772,14791,1502600,7807,10.403,88.8,10083.2,10878.9,70.9,136313,483000,40.5,43.2,1217,20.4,28.9,30.24,50.6,81.7,104.11,829.9,14914.85586,14934.79199
31/10/2008,39.6,14620,14641,1485100,7927,10.403,93.8,9983.3,10933,63.7,135804,480000,40.5,38.4,968.8,16.4,28.7,61.18,39.6,79.6,76.61,806.6,14810.71982,14832.49965
30/11/2008,28.6,14650,14669,1524200,7966,10.403,94.7,9851.2,11008.9,41.5,135002,529000,40.1,36.7,883,15.3,28.5,62.64,28.6,76.9,57.31,760.9,14888.68669,14908.28915
31/12/2008,17.1,14380,14420,1603400,8144,9.495,93.2,9744.2,10969.2,41.2,134383,533000,39.8,33.3,877.6,15.4,28.4,52.41,17.1,73.7,41.12,816.1,14693.4801,14734.4587
31/01/2009,13.9,14419,14404,1561500,8243,9.495,94,9792.1,11015.1,37.6,133563,629000,39.7,35.7,865.6,15.2,28,44.68,13.9,70.4,41.71,858.7,14797.33829,14782.31423
28/02/2009,10.8,14389,14366,1560700,8269,9.495,96.6,9775.7,10916,39.2,132837,652000,39.6,36,805.2,14.1,27.6,45.57,10.8,66.9,39.09,943.2,14846.96892,14823.18652
31/03/2009,7.8,14344,14355,1572300,8329,9.108,96.8,9742.9,10916.6,45.4,132041,665000,39.3,36.6,757.1,13.3,27.3,44.8,7.8,63.3,47.94,924.3,14865.5855,14877.04186
30/04/2009,8,14327,14351,1597800,8335,9.108,94.4,9741.9,10976.4,47.8,131381,620000,39.5,39.9,848.2,15,26.7,38.06,8,59.7,49.65,890.2,14862.92854,14888.64704
31/05/2009,8.2,14345,14367,1620900,8393,9.108,91.7,9759.7,11147.2,49.5,130995,607000,39.3,41.9,902.4,16,26.1,31.98,8.2,56.2,59.03,928.6,14963.6939,14986.87123
30/06/2009,8.4,14350,14348,1653500,8404,8.823,91,9807.6,10958,61.3,130493,594000,39.6,44.7,926.1,16.4,25.6,29.14,8.4,52.6,69.64,945.7,14985.80083,14984.00808
31/07/2009,10.3,14319,14347,1656000,8407,8.823,90.6,9835.2,10919.5,56.1,130193,587000,39.9,49,935.8,16.7,25,26.16,10.3,49.1,64.15,934.2,14936.2209,14965.75094
31/08/2009,12.1,14423,14434,1641200,8408,8.823,89.6,9961.9,10892.4,54,129962,564000,40,51.4,1009.7,18.1,24.5,25.34,12.1,45.7,71.04,949.4,15060.74388,15072.78717
30/09/2009,14,14411,14426,1659900,8405,8.672,89,9875.4,10907.1,52.9,129726,554000,40,53.2,1044.6,18.8,23.9,24.93,14,42.5,69.41,996.6,15081.71425,15097.60064
31/10/2009,28.3,14595,14594,1684900,8430,8.672,87.8,9924.6,10862.6,47.9,129505,522000,40.2,55.8,1067.7,19.4,23.4,24.25,28.3,40,75.72,1043.2,15282.87786,15281.60649
30/11/2009,42.5,14591,14560,1695500,8470,8.672,87.4,9946.1,10888,42.1,129450,475000,40.5,54.7,1088.1,19.8,22.9,23.78,42.5,38.3,77.99,1127,15261.10173,15228.67133
31/12/2009,56.9,14514,14472,1696500,8476,8.631,87.6,10000.6,10925.7,49.2,129320,468000,40.6,56.4,1110.4,20.3,22.4,21.24,56.9,37.4,74.47,1134.7,15180.46299,15137.0905
31/01/2010,60.4,14611,14548,1678500,8427,8.631,87.6,10003.4,10906.7,40.4,129279,496000,40.8,56.7,1123.6,20.5,22.2,20.64,60.4,36.7,78.33,1118,15248.62712,15182.93838
28/02/2010,64.1,14653,14582,1703600,8472,8.631,88.6,10034.7,10887.5,45.3,129244,488000,40.5,55.8,1089.2,19.9,22.1,22.54,64.1,36.4,76.39,1095.4,15309.37636,15234.65406
31/03/2010,67.5,14779,14685,1707600,8471,8.645,87.7,10095.5,10912,64.1,129433,459000,41,59.3,1152.1,21,21.9,17.77,67.5,36.2,81.2,1113.3,15440.94628,15342.40601
30/04/2010,69.6,14842,14722,1691100,8497,8.645,87.1,10106.9,10993.2,58.9,129672,449000,41.1,59,1197.3,21.8,22,17.42,69.6,36.3,84.29,1148.7,15517.80796,15392.03066
31/05/2010,71.9,14876,14741,1704700,8552,8.645,89.3,10140.2,11067,51.1,130188,458000,41.4,58.8,1125.1,20.5,22,31.93,71.9,36.6,73.74,1205.4,15501.10368,15361.10324
30/06/2010,74.2,14948,14774,1739900,8574,8.714,89.6,10165.9,11071.3,59.2,130021,464000,41,56,1083.4,19.7,22,29.92,74.2,37.1,75.34,1232.9,15541.54624,15361.41112
31/07/2010,75.9,15016,14830,1728100,8575,8.714,88.2,10184.3,11080.5,51.6,129963,476000,41.1,55.7,1079.8,19.7,22.1,25.57,75.9,37.9,76.32,1193,15622.84228,15429.91747
31/08/2010,77.6,15036,14824,1754300,8629,8.714,87.5,10247.1,11114.7,53.7,129912,467000,41.2,57.4,1087.3,19.8,22.3,24.75,77.6,38.8,76.6,1215.8,15661.5906,15440.69254
30/09/2010,79.3,15121,14882,1769100,8659,8.638,86.5,10268.9,11101.2,48.5,129885,459000,41.4,56.4,1122.1,20.4,22.4,22.52,79.3,39.9,75.24,1271,15732.73791,15484.07575
31/10/2010,81.2,15218,14944,1788100,8709,8.638,84.1,10343.7,11128.3,43.5,130105,453000,41.2,57,1171.6,21.2,22.5,20.37,81.2,41.1,81.89,1342,15825.15372,15540.61949
30/11/2010,83.2,15184,14896,1844500,8738,8.638,84.2,10399.8,11160.8,40.9,130226,432000,41.3,58,1198.9,21.7,22.6,20.1,83.2,42.9,84.25,1369.9,15842.65111,15541.19271
31/12/2010,85.1,15288,14977,1860000,8775,8.374,84.8,10436.1,11239,47.6,130346,404000,41.3,57.3,1241.5,22.4,22.7,17.57,85.1,45.1,89.15,1390.6,15880.36515,15557.41033
31/01/2011,86.1,15147,14837,1871400,8806,8.374,83.8,10474.7,11297.4,36.3,130464,420000,41,59.2,1282.6,23,23,17.32,86.1,47.9,89.17,1356.4,15675.70706,15353.94108
28/02/2011,87.1,15163,14803,1896500,8852,8.374,83.2,10512.4,11329,37.7,130660,385000,41.4,59.6,1321.1,23.5,23.2,17.43,87.1,50.8,88.58,1372.7,15674.91303,15302.90467
31/03/2011,87.7,15404,15004,1895900,8893,8.13,82.5,10583.5,11312.4,54.4,130865,399000,41.4,59.3,1304.5,22.9,23.4,20.72,87.7,53.9,102.86,1424,15906.49641,15493.15065
30/04/2011,88.1,15485,15048,1898600,8947,8.13,81.2,10624.6,11282.8,50.7,131169,468000,41.3,59.4,1331.5,23.1,23.7,16.24,88.1,57.1,109.53,1473.8,16002.09842,15550.22112
31/05/2011,88.6,15474,14993,1949000,9007,8.13,81.2,10653.1,11277.1,57.3,131284,418000,41.5,53.5,1338.3,23.1,24,16.91,88.6,60.3,100.9,1510.4,15990.99875,15493.45856
30/06/2011,89.6,15424,14929,1949900,9078,8.03,81,10676.4,11325.8,63.8,131493,421000,41.3,55.8,1287.3,22.1,24.3,19.15,89.6,63.6,96.26,1528.7,15956.70628,15444.53242
31/07/2011,90.6,15542,15006,1998900,9241,8.03,80.5,10727.1,11371.2,52.6,131571,406000,41.4,52.3,1325.2,22.6,24.6,19.23,90.6,66.9,97.3,1572.8,16070.38496,15516.3189
31/08/2011,91.4,15652,15088,2120200,9483,8.03,81,10745.6,11363.5,62.6,131703,409000,41.3,53.2,1185.3,20,24.9,35.03,91.4,70.1,86.33,1755.8,16184.3121,15601.26443
30/09/2011,92.4,15567,14969,2128300,9515,7.498,83.4,10790.6,11330.8,53.2,131928,406000,41.4,53.2,1173.9,19.7,25.2,36.53,92.4,73.3,85.52,1771.9,16078.56783,15461.12909
31/10/2011,92.6,15842,15252,2136100,9551,7.498,84,10827.6,11340.8,52,132094,399000,41.6,51.5,1207.2,20.1,25.6,32.83,92.6,76.5,86.32,1665.2,16350.09923,15740.62944
30/11/2011,92.7,15772,15169,2180600,9596,7.498,84.5,10828.7,11329.3,51.9,132268,397000,41.5,52.3,1226.4,20.3,26,31.94,92.7,79,97.16,1739,16241.3877,15621.30813
31/12/2011,92.9,15742,15150,2161800,9623,7.303,85.2,10827.3,11416,51.6,132498,376000,41.6,52.9,1243.3,20.5,26.4,25.05,92.9,81.1,98.56,1652.3,16175.65427,15567.40924
31/01/2012,93,15867,15229,2205800,9712,7.303,84.5,10905.6,11495.2,47.8,133188,372000,41.8,52.8,1300.6,21.2,26.7,20.23,93,82.5,100.27,1656.1,16273.68771,15619.18807
29/02/2012,93.2,16073,15385,2212000,9747,7.303,83.3,10975.9,11559,53.5,133414,364000,41.8,52.4,1352.5,21.8,27,18.42,93.2,83.8,102.2,1742.6,16485.07543,15779.49058
31/03/2012,93,15981,15259,2225900,9791,7.215,83.7,10987.2,11589,69.5,133657,357000,41.6,53,1389.2,22,27.4,16.17,93,85,106.16,1673.8,16373.11486,15633.28292
30/04/2012,92.5,16096,15345,2250600,9849,7.215,83.9,11017.4,11620,64.1,133753,372000,41.7,53.7,1386.4,21.8,27.7,17.82,92.5,86,103.32,1650.1,16484.66541,15715.43226
31/05/2012,92.4,16121,15354,2249400,9881,7.215,85.1,11010.3,11632.1,77.7,133863,381000,41.6,53.2,1341.3,20.9,28,21,92.4,86.9,94.65,1585.5,16528.48984,15742.10253
30/06/2012,92.4,16149,15389,2258200,9941,7.159,86.1,10997.4,11657.8,75.9,133951,371000,41.6,51,1323.5,20.5,28.3,21.13,92.4,87.7,82.3,1596.7,16556.75088,15777.65918
31/07/2012,92,16240,15434,2304100,10020,7.159,85.6,11034.9,11626.4,74.1,134111,372000,41.7,50.6,1359.8,21,28.7,17.57,92,88.4,87.9,1593.9,16677.79618,15849.54539
31/08/2012,91,16162,15319,2341000,10093,7.159,85.1,11054.9,11605.6,80,134261,377000,41.5,51.1,1403.5,21.4,29.2,15.69,91,89,94.13,1626,16561.27312,15697.19158
30/09/2012,90.1,16281,15390,2374800,10167,6.916,84,11131,11660.2,73.7,134422,376000,41.5,52.2,1443.4,21.8,29.6,15.28,90.1,89.5,94.51,1744.5,16629.28566,15718.88918
31/10/2012,90.1,16209,15293,2427400,10238,6.916,83.8,11144.7,11729.1,77.5,134647,365000,41.5,51.2,1437.8,21.6,30.1,16.28,90.1,90,89.49,1747,16597.65338,15659.86589
30/11/2012,90.6,16270,15360,2408700,10300,6.916,84,11161.7,11884.7,68.7,134850,390000,41.6,49.5,1394.5,20.9,30.7,16.7,90.6,90.3,86.53,1721.1,16642.5454,15711.21873
31/12/2012,90.8,16413,15500,2458600,10419,6.691,83.3,11186.5,12194.8,67.2,135064,361000,41.7,50.4,1422.3,21.2,31.3,17.31,90.8,90.6,87.86,1688.5,16788.7461,15855.22873
31/01/2013,91,16512,15562,2463700,10455,6.691,83.2,11225.4,11411.4,63.7,135293,365000,41.7,52.3,1480.4,21.9,31.5,13.51,91,90.9,94.76,1671,16933.10198,15959.0671
28/02/2013,90.6,16433,15435,2462800,10435,6.691,84.1,11283,11431,67.8,135607,336000,41.9,53.1,1512.3,22,31.8,14.07,90.6,91.1,95.31,1627.6,16815.76577,15794.05808
31/03/2013,90.8,16482,15479,2482900,10501,6.672,84.5,11261.6,11451.3,77.7,135722,374000,41.9,51.5,1550.8,22.4,32.1,13.03,90.8,91.2,92.94,1592.9,16847.20834,15822.76739
30/04/2013,92,16518,15527,2530100,10558,6.672,83.9,11253.9,11461.4,92.8,135909,329000,41.8,50,1570.7,22.6,32.5,13.97,92,91.4,92.02,1485.1,16884.44439,15871.53883
31/05/2013,93,16467,15455,2529100,10586,6.672,84.2,11279.5,11517.8,97.2,136128,353000,41.7,50,1639.8,23.4,32.9,13.49,93,91.6,94.51,1413.5,16850.11025,15815.08403
30/06/2013,93.9,16639,15582,2510400,10634,6.573,84.8,11320.2,11540.4,85.7,136255,340000,41.8,52.5,1618.8,22.9,33.3,17.27,93.9,91.8,95.77,1342.4,17026.01711,15944.60721
31/07/2013,95,16686,15606,2548800,10700,6.573,85.2,11343.1,11538.3,90.2,136419,333000,41.7,54.9,1668.7,23.5,33.6,13.97,95,92,104.67,1286.7,17057.23207,15953.13396
31/08/2013,96.1,16771,15668,2565100,10760,6.573,85.1,11370.2,11570.2,87.1,136675,326000,41.9,56.3,1670.1,23.4,34,14.21,96.1,92.2,106.57,1347.1,17125.10624,15998.79529
30/09/2013,97.2,16791,15651,2601000,10817,6.544,84.9,11423.9,11599.4,83.1,136825,320000,41.9,56,1687.2,23.4,34.4,14.69,97.2,92.5,106.29,1348.8,17128.05055,15964.49607
31/10/2013,99.4,16889,15734,2626800,10929,6.544,83.9,11465.2,11559.1,92.5,137050,348000,41.9,56.6,1720,23.8,34.6,15.41,99.4,92.7,100.54,1316.2,17264.77244,16083.77893
30/11/2013,101.6,17050,15839,2629700,10932,6.544,84.6,11542,11595,73.5,137367,317000,42,57,1783.5,24.6,34.8,12.92,101.6,93.1,93.86,1275.8,17373.07949,16138.50468
31/12/2013,103.6,17060,15809,2641400,10990,6.447,84.8,11566,11602.8,77.8,137476,335000,41.9,56.5,1807.8,24.9,35,14.19,103.6,93.5,97.63,1225.4,17326.76703,16056.6418
31/01/2014,103.5,16951,15702,2691200,11039,6.447,85.6,11562.2,11646.4,68.6,137574,344000,41.7,51.3,1822.4,24.9,35.4,14.24,103.5,94,94.62,1244.8,17212.24038,15944.01589
28/02/2014,103.3,17031,15760,2698500,11102,6.447,85.7,11631.4,11704.9,72.3,137742,333000,41.6,53.2,1817,24.6,35.8,15.47,103.3,94.4,100.82,1301,17311.96744,16019.77674
31/03/2014,102.9,17094,15780,2758900,11157,6.266,85.5,11714.6,11745,86.3,138014,330000,42,53.7,1863.5,25,36.2,14.84,102.9,94.8,100.8,1336.1,17376.09913,16040.39553
30/04/2014,103.3,17180,15835,2789300,11219,6.266,85.2,11757.1,11758.1,99.1,138324,341000,41.9,54.9,1864.3,24.8,36.6,14.2,103.3,95.2,102.07,1299,17397.98931,16036.55987
31/05/2014,103.7,17309,15910,2791300,11282,6.266,84.8,11790.1,11776.7,93.8,138537,314000,42.2,55.4,1889.8,24.9,37,12.48,103.7,95.6,102.18,1287.5,17529.21778,16112.04113
30/06/2014,104.3,17368,15957,2826100,11344,6.184,84.8,11854.4,11932.1,95.7,138843,311000,42.1,55.3,1947.1,25.6,37.4,11.54,104.3,96.1,105.79,1279.1,17550.68192,16125.58828
31/07/2014,105.3,17497,16045,2838600,11409,6.184,84.6,11878.5,11955.2,97.1,139075,303000,42,57.1,1973.1,25.8,37.8,12.3,105.3,96.6,103.59,1311,17705.6608,16236.14283
31/08/2014,106.4,17635,16154,2804300,11443,6.184,85.2,11965.9,12009.6,90.3,139293,304000,42,59,1961.5,25.6,38.1,13.49,106.4,97.2,96.54,1296,17826.49656,16329.5775
30/09/2014,107.3,17577,16085,2879500,11482,6.191,86.5,11978.6,12026.7,92.7,139579,292000,42.1,56.6,1993.2,25.9,38.5,13.47,107.3,97.8,93.21,1238.8,17729.77552,16225.30284
31/10/2014,106.3,17645,16140,2879100,11539,6.191,87.5,12049.5,12080.1,98.4,139779,291000,42.1,59,1937.3,25.2,38.8,18.06,106.3,98.5,84.4,1222.5,17781.53358,16265.47198
30/11/2014,105.7,17743,16224,2881600,11564,6.191,88.8,12095.7,12126.8,72.8,140110,299000,42.1,58.7,2044.6,26.6,39.1,13.41,105.7,99.1,75.79,1176.3,17880.36609,16350.18151
31/12/2014,105,17689,16196,2921200,11640,6.107,90.5,12082.4,12163.4,85,140402,291000,42.1,55.1,2054.3,26.8,39.4,16.29,105,99.7,59.29,1202.3,17788.12212,16286.67401
31/01/2015,104.5,17707,16247,2943800,11690,6.107,92,12056.3,12171.1,71,140623,284000,42.1,53.5,2028.2,26.5,39.9,19.12,104.5,100.2,47.22,1251.8,17827.45747,16356.83116
28/02/2015,103,17851,16329,2987900,11794,6.107,93.1,12087.5,12191.4,78.6,140888,310000,42,52.9,2082.2,27,40.4,15.9,103,100.7,50.58,1227.2,17934.12361,16405.22921
31/03/2015,101.3,17793,16231,2986000,11838,5.99,94.7,12152.9,12186.5,92.5,140972,268000,41.8,51.5,2080,26.7,40.8,14.81,101.3,101.1,47.82,1178.6,17875.45128,16307.04105
30/04/2015,99.6,17911,16328,2992800,11890,5.99,93.7,12181,12260.3,106,141223,266000,41.8,51.5,2094.9,26.8,41.1,13.49,99.6,101.5,54.45,1197.9,17975.09759,16386.24074
31/05/2015,97.7,17990,16357,3004100,11919,5.99,93,12257.7,12304.1,111.9,141496,277000,41.8,52.8,2111.9,26.8,41.4,13.34,97.7,101.7,59.27,1199.1,18073.46244,16432.76138
30/06/2015,95.9,18094,16439,3040800,11970,6,93.8,12281.8,12335.4,134.8,141724,280000,41.8,53.5,2099.3,26.5,41.7,14.34,95.9,101.8,59.82,1181.5,18140.18993,16480.21544
31/07/2015,94.4,18050,16378,3032500,12035,6,95.3,12327.9,12365.9,103.2,142001,269000,41.8,52.7,2094.1,26.4,42,14.35,94.4,101.9,50.9,1130,18097.33241,16420.97153
31/08/2015,93.1,18112,16430,3034000,12094,6,97,12355.6,12403.1,98.4,142151,281000,41.8,51.1,2039.9,25.7,42.3,19.43,93.1,101.8,42.87,1117.5,18121.49552,16438.76687
30/09/2015,91.8,18264,16557,3065700,12158,5.961,97.7,12387.2,12427.6,98.3,142300,277000,41.7,50.2,1944.4,24.5,42.5,24.38,91.8,101.6,45.48,1124.5,18273.75619,16565.67489
31/10/2015,90.5,18183,16457,3051900,12167,5.961,96.8,12402.1,12461.6,99.3,142595,278000,41.7,50.1,2024.8,25.5,42.8,16.79,90.5,101.3,46.22,1159.2,18174.92107,16449.63024
30/11/2015,89.3,18228,16488,3094300,12264,5.961,98.2,12442.4,12477.3,91,142875,274000,41.7,48.6,2080.6,26.2,43.1,16.21,89.3,100.9,42.44,1085.7,18219.92667,16480.55922
31/12/2015,88.2,18258,16528,3087300,12312,5.946,99,12471.8,12534.1,97.5,143146,285000,41.7,48,2054.1,26,43.4,18.03,88.2,100.4,37.19,1068.3,18250.483,16521.09143
31/01/2016,88,18275,16527,3100900,12409,5.946,101.2,12479.1,12547.2,74.8,143314,286000,41.9,48.2,1918.6,24.2,43.6,23.72,88,99.8,31.68,1097.4,18250.28108,16504.47424
29/02/2016,87.9,18198,16457,3155100,12488,5.946,99.8,12504.3,12548.6,84.5,143547,262000,41.8,49.5,1904.4,24,43.7,22.52,87.9,99.1,30.32,1199.9,18172.8396,16434.24568
31/03/2016,87.5,18372,16592,3167500,12570,5.872,97.7,12510.5,12578.5,97.7,143733,276000,41.7,51.8,2022,25.4,43.9,15.85,87.5,98.5,37.55,1246.3,18365.8944,16586.3227
30/04/2016,87.5,18432,16652,3182300,12635,5.872,96.3,12639.7,12590.1,99.7,143877,274000,41.8,50.8,2075.5,26,44.1,14.3,87.5,98.6,40.76,1242.3,18426.56218,16647.0601
31/05/2016,87.5,18408,16522,3208600,12734,5.872,97.3,12685.8,12591.5,107.7,143901,268000,41.9,51.3,2065.6,25.8,44.3,14.85,87.5,98.5,46.71,1259.4,18344.38654,16465.19891
30/06/2016,87.5,18438,16523,3228700,12808,5.741,97.6,12738.8,12600.9,114,144193,270000,41.8,53.2,2083.9,26,44.5,17.77,87.5,98.5,48.76,1276.4,18413.23908,16500.07569
01/07/2016,,,,3244000,12872,5.741,98.2,11514.3,12600.9,114,144448,269000,42,52.6,2103,26.2,44.5,13.16,,,44.65,1337.3,,
