Date,USINFR,USUNEMR,USNUNEMR,R10YTR,N10YTR,N2YTR,N3YTR,N3MTR,N3MTBSECM,SPXDIVY,SPRD10Y3MT,SPRDTYC,SPRDTL,SPRDCPTB,CURVYC,IMPRP,IMEP,USROA,DOMTBANKPER,INVDOMTBANKPER,USEMR,USNEMR,ACTNSPRD,NOUTGAP,ROUTGAP,EXCBP,SPRDGZ,TEDS,CLEVFISTI
31/01/1948,0.102,0.034,,,,,,,,,,,,,,,,,,,0.966,,,,,,,,
29/02/1948,0.093,0.038,,,,,,,,,,,,,,,,,,,0.962,,,,,,,,
31/03/1948,0.068,0.04,,,,,,,,,,,,,,,,,,,0.96,,,,,,,,
30/04/1948,0.087,0.039,,,,,,,,,,,,,,,,,,,0.961,,,,,,,,
31/05/1948,0.091,0.035,,,,,,,,,,,,,,,,,,,0.965,,,,,,,,
30/06/1948,0.095,0.036,,,,,,,,,,,,,,,,,,,0.964,,,,,,,,
31/07/1948,0.099,0.036,,,,,,,,,,,,,,,,,,,0.964,,,,,,,,
31/08/1948,0.089,0.039,,,,,,,,,,,,,,,,,,,0.961,,,,,,,,
30/09/1948,0.065,0.038,,,,,,,,,,,,,,,,,,,0.962,,,,,,,,
31/10/1948,0.061,0.037,,,,,,,,,,,,,,,,,,,0.963,,,,,,,,
30/11/1948,0.048,0.038,,,,,,,,,,,,,,,,,,,0.962,,,,,,,,
31/12/1948,0.03,0.04,,,,,,,,,,,,,,,,,,,0.96,,,,,,,,
31/01/1949,0.013,0.043,,,,,,,,,,,,,,,,,,,0.957,,,,,,,,
28/02/1949,0.013,0.047,,,,,,,,,,,,,,,,,,,0.953,,,,,,,,
31/03/1949,0.017,0.05,,,,,,,,,,,,,,,,,,,0.95,,,,,,,,
30/04/1949,0.004,0.053,,,,,,,,,,,,,,,,,,,0.947,,,,,,,,
31/05/1949,-0.004,0.061,,,,,,,,,,,,,,,,,,,0.939,,,,,,,,
30/06/1949,-0.008,0.062,,,,,,,,,,,,,,,,,,,0.938,,,,,,,,
31/07/1949,-0.029,0.067,,,,,,,,,,,,,,,,,,,0.933,,,,,,,,
31/08/1949,-0.029,0.068,,,,,,,,,,,,,,,,,,,0.932,,,,,,,,
30/09/1949,-0.024,0.066,,,,,,,,,,,,,,,,,,,0.934,,,,,,,,
31/10/1949,-0.029,0.079,,,,,,,,,,,,,,,,,,,0.921,,,,,,,,
30/11/1949,-0.017,0.064,,,,,,,,,,,,,,,,,,,0.936,,,,,,,,
31/12/1949,-0.021,0.066,,,,,,,,,,,,,,,,,,,0.934,,,,,,,,
31/01/1950,-0.021,0.065,,,,,,,,,,,,,,,,,,,0.935,,,,,,,,
28/02/1950,-0.013,0.064,,,,,,,,,,,,,,,,,,,0.936,,,,,,,,
31/03/1950,-0.008,0.063,,,,,,,,,,,,,,,,,,,0.937,,,,,,,,
30/04/1950,-0.013,0.058,,,,,,,,,,,,,,,,,,,0.942,,,,,,,,
31/05/1950,-0.004,0.055,,,,,,,,,,,,,,,,,,,0.945,,,,,,,,
30/06/1950,-0.004,0.054,,,,,,,,,,,,,,,,,,,0.946,,,,,,,,
31/07/1950,0.017,0.05,,,,,,,,,,,,,,,,,,,0.95,,,,,,,,
31/08/1950,0.021,0.045,,,,,,,,,,,,,,,,,,,0.955,,,,,,,,
30/09/1950,0.021,0.044,,,,,,,,,,,,,,,,,,,0.956,,,,,,,,
31/10/1950,0.038,0.042,,,,,,,,,,,,,,,,,,,0.958,,,,,,,,
30/11/1950,0.038,0.042,,,,,,,,,,,,,,,,,,,0.958,,,,,,,,
31/12/1950,0.059,0.043,,,,,,,,,,,,,,,,,,,0.957,,,,,,,,
31/01/1951,0.081,0.037,,,,,,,,,,,,,,,,,,,0.963,,,,,,,,
28/02/1951,0.094,0.034,,,,,,,,,,,,,,,,,,,0.966,,,,,,,,
31/03/1951,0.093,0.034,,,,,,,,,,,,,,,,,,,0.966,,,,,,,,
30/04/1951,0.093,0.031,,,,,,,,,,,,,,,,,,,0.969,,,,,,,,
31/05/1951,0.093,0.03,,,,,,,,,,,,,,,,,,,0.97,,,,,,,,
30/06/1951,0.088,0.032,,,,,,,,,,,,,,,,,,,0.968,,,,,,,,
31/07/1951,0.075,0.031,,,,,,,,,,,,,,,,,,,0.969,,,,,,,,
31/08/1951,0.066,0.031,,,,,,,,,,,,,,,,,,,0.969,,,,,,,,
30/09/1951,0.07,0.033,,,,,,,,,,,,,,,,,,,0.967,,,,,,,,
31/10/1951,0.065,0.035,,,,,,,,,,,,,,,,,,,0.965,,,,,,,,
30/11/1951,0.069,0.035,,,,,,,,,,,,,,,,,,,0.965,,,,,,,,
31/12/1951,0.06,0.031,,,,,,,,,,,,,,,,,,,0.969,,,,,,,,
31/01/1952,0.043,0.032,,,,,,,,,,,,,,,,,,,0.968,,,,,,,,
29/02/1952,0.023,0.031,,,,,,,,,,,,,,,,,,,0.969,,,,,,,,
31/03/1952,0.019,0.029,,,,,,,,,,,,,,,,,,,0.971,,,,,,,,
30/04/1952,0.023,0.029,,,,,,,,,,,,,,,,,,,0.971,,,,,,,,
31/05/1952,0.019,0.03,,,,,,,,,,,,,,,,,,,0.97,,,,,,,,
30/06/1952,0.023,0.03,,,,,,,,,,,,,,,,,,,0.97,,,,,,,,
31/07/1952,0.031,0.032,,,,,,,,,,,,,,,,,,,0.968,,,,,,,,
31/08/1952,0.031,0.034,,,,,,,,,,,,,,,,,,,0.966,,,,,,,,
30/09/1952,0.023,0.031,,,,,,,,,,,,,,,,,,,0.969,,,,,,,,
31/10/1952,0.019,0.03,,,,,,,,,,,,,,,,,,,0.97,,,,,,,,
30/11/1952,0.011,0.028,,,,,,,,,,,,,,,,,,,0.972,,,,,,,,
31/12/1952,0.008,0.027,,,,,,,,,,,,,,,,,,,0.973,,,,,,,,
31/01/1953,0.004,0.029,,,,,,,,,,,,,,,,,,,0.971,,,,,,,,
28/02/1953,0.008,0.026,,,,,,,,,,,,,,,,,,,0.974,,,,,,,,
31/03/1953,0.011,0.026,,,,,,,,,,,,,,,,,,,0.974,,,,,,,,
30/04/1953,0.008,0.027,,,,,,,,,,,,,,,,,,,0.973,,,,,,,,
31/05/1953,0.011,0.025,,,,,,,,,,,,,,,,,,,0.975,,,,,,,,
30/06/1953,0.011,0.025,,,,,,,,,,,,,,,,,,,0.975,,,,,,,,
31/07/1953,0.004,0.026,,,,,,,,,,,,,,,,,,,0.974,,,,,,,,
31/08/1953,0.007,0.027,,,,,,,,,,,,,,,,,,,0.973,,,,,,,,
30/09/1953,0.007,0.029,,,,,,,,,,,,,,,,,,,0.971,,,,,,,,
31/10/1953,0.011,0.031,,,,,,,,,,,,,,,,,,,0.969,,,,,,,,
30/11/1953,0.007,0.035,,,,,,,,,,,,,,,,,,,0.965,,,,,,,,
31/12/1953,0.007,0.045,,,,,,,,,,,,,,,,,,,0.955,,,,,,,,
31/01/1954,0.011,0.049,,,,,,,,,,,,,,,,,,,0.951,,,,,,,,
28/02/1954,0.015,0.052,,,,,,,,,,,,,,,,,,,0.948,,,,,,,,
31/03/1954,0.011,0.057,,,,,,,,,,,,,,,,,,,0.943,,,,,,,,
30/04/1954,0.008,0.059,,,,,,,,,,,,,,,,,,,0.941,,,,,,,,
31/05/1954,0.007,0.059,,,,,,,,,,,,,,,,,,,0.941,,,,,,,,
30/06/1954,0.004,0.056,,,,,,,,,,,,,,,,,,,0.944,,,,,,,,
31/07/1954,0.004,0.058,,,,,,,,,,,,,,,,,,,0.942,,,,,,,,
31/08/1954,#¡VALOR!,0.06,,,,,,,,,,,,,,,,,,,0.94,,,,,,,,
30/09/1954,-0.004,0.061,,,,,,,,,,,,,,,,,,,0.939,,,,,,,,
31/10/1954,-0.007,0.057,,,,,,,,,,,,,,,,,,,0.943,,,,,,,,
30/11/1954,-0.004,0.053,,,,,,,,,,,,,,,,,,,0.947,,,,,,,,
31/12/1954,-0.007,0.05,,,,,,,,,,,,,,,,,,,0.95,,,,,,,,
31/01/1955,-0.007,0.049,,,,,,,,,,,,,,,,,,,0.951,,,,,,,,
28/02/1955,-0.007,0.047,,,,,,,,,,,,,,,,,,,0.953,,,,,,,,
31/03/1955,-0.007,0.046,,,,,,,,,,,,,,,,,,,0.954,,,,,,,,
30/04/1955,-0.004,0.047,,,,,,,,,,,,,,,,,,,0.953,,,,,,,,
31/05/1955,-0.007,0.043,,,,,,,,,,,,,,,,,,,0.957,,,,,,,,
30/06/1955,-0.007,0.042,,,,,,,,,,,,,,,,,,,0.958,,,,,,,,
31/07/1955,-0.004,0.04,,,,,,,,,,,,,,,,,,,0.96,,,,,,,,
31/08/1955,-0.004,0.042,,,,,,,,,,,,,,,,,,,0.958,,,,,,,,
30/09/1955,0.004,0.041,,,,,,,,,,,,,,,,,,,0.959,,,,,,,,
31/10/1955,0.004,0.043,,,,,,,,,,,,,,,,,,,0.957,,,,,,,,
30/11/1955,0.004,0.042,,,,,,,,,,,,,,,,,,,0.958,,,,,,,,
31/12/1955,0.004,0.042,,,,,,,,,,,,,,,,,,,0.958,,,,,,,,
31/01/1956,0.004,0.04,,,,,,,,,,,,,,,,,,,0.96,,,,,,,,
29/02/1956,0.004,0.039,,,,,,,,,,,,,,,,,,,0.961,,,,,,,,
31/03/1956,0.004,0.042,,,,,,,,,,,,,,,,,,,0.958,,,,,,,,
30/04/1956,0.007,0.04,,,,,,,,,,,,,,,,,,,0.96,,,,,,,,
31/05/1956,0.011,0.043,,,,,,,,,,,,,,,,,,,0.957,,,,,,,,
30/06/1956,0.019,0.043,,,,,,,,,,,,,,,,,,,0.957,,,,,,,,
31/07/1956,0.022,0.044,,,,,,,,,,,,,,,,,,,0.956,,,,,,,,
31/08/1956,0.019,0.041,,,,,,,,,,,,,,,,,,,0.959,,,,,,,,
30/09/1956,0.019,0.039,,,,,,,,,,,,,,,,,,,0.961,,,,,,,,
31/10/1956,0.022,0.039,,,,,,,,,,,,,,,,,,,0.961,,,,,,,,
30/11/1956,0.022,0.043,,,,,,,,,,,,,,,,,,,0.957,,,,,,,,
31/12/1956,0.03,0.042,,,,,,,,,,,,,,,,,,,0.958,,,,,,,,
31/01/1957,0.03,0.042,,,,,,,,,,,,,,,,,,,0.958,,,,,,,,
28/02/1957,0.034,0.039,,,,,,,,,,,,,,,,,,,0.961,,,,,,,,
31/03/1957,0.037,0.037,,,,,,,,,,,,,,,,,,,0.963,,,,,,,,
30/04/1957,0.037,0.039,,,,,,,,,,,,,,,,,,,0.961,,,,,,,,
31/05/1957,0.037,0.041,,,,,,,,,,,,,,,,,,,0.959,,,,,,,,
30/06/1957,0.033,0.043,,,,,,,,,,,,,,,,,,,0.957,,,,,,,,
31/07/1957,0.033,0.042,,,,,,,,,,,,,,,,,,,0.958,,,,,,,,
31/08/1957,0.037,0.041,,,,,,,,,,,,,,,,,,,0.959,,,,,,,,
30/09/1957,0.033,0.044,,,,,,,,,,,,,,,,,,,0.956,,,,,,,,
31/10/1957,0.029,0.045,,,,,,,,,,,,,,,,,,,0.955,,,,,,,,
30/11/1957,0.033,0.051,,,,,,,,,,,,,,,,,,,0.949,,,,,,,,
31/12/1957,0.029,0.052,,,,,,,,,,,,,,,,,,,0.948,,,,,,,,
31/01/1958,0.036,0.058,,,,,,,,,,,,,,,,,,,0.942,,,,,,,,
28/02/1958,0.032,0.064,,,,,,,,,,,,,,,,,,,0.936,,,,,,,,
31/03/1958,0.036,0.067,,,,,,,,,,,,,,,,,,,0.933,,,,,,,,
30/04/1958,0.036,0.074,,,,,,,,,,,,,,,,,,,0.926,,,,,,,,
31/05/1958,0.032,0.074,,,,,,,,,,,,,,,,,,,0.926,,,,,,,,
30/06/1958,0.028,0.073,,,,,,,,,,,,,,,,,,,0.927,,,,,,,,
31/07/1958,0.025,0.075,,,,,,,,,,,,,,,,,,,0.925,,,,,,,,
31/08/1958,0.021,0.074,,,,,,,,,,,,,,,,,,,0.926,,,,,,,,
30/09/1958,0.021,0.071,,,,,,,,,,,,,,,,,,,0.929,,,,,,,,
31/10/1958,0.021,0.067,,,,,,,,,,,,,,,,,,,0.933,,,,,,,,
30/11/1958,0.021,0.062,,,,,,,,,,,,,,,,,,,0.938,,,,,,,,
31/12/1958,0.018,0.062,,,,,,,,,,,,,,,,,,,0.938,,,,,,,,
31/01/1959,0.014,0.06,,,,,,,,,,,,,,,,,,,0.94,,,,,,,,
28/02/1959,0.01,0.059,,,,,,,,,,,,,,,,,,,0.941,,,,,,,,
31/03/1959,0.003,0.056,,,,,,,,,,,,,,,,,,,0.944,,,,,,,,
30/04/1959,0.003,0.052,,,,,,,,,,,,,,,,,,,0.948,,,,,,,,
31/05/1959,0.003,0.051,,,,,,,,,,,,,,,,,,,0.949,,,,,,,,
30/06/1959,0.007,0.05,,,,,,,,,,,,,,,,,,,0.95,,,,,,,,
31/07/1959,0.007,0.051,,,,,,,,,,,,,,,,,,,0.949,,,,,,,,
31/08/1959,0.01,0.052,,,,,,,,,,,,,,,,,,,0.948,,,,,,,,
30/09/1959,0.014,0.055,,,,,,,,,,,,,,,,,,,0.945,,,,,,,,
31/10/1959,0.017,0.057,,,,,,,,,,,,,,,,,,,0.943,,,,,,,,
30/11/1959,0.014,0.058,,,,,,,,,,,,,,,,,,,0.942,,,,,,,,
31/12/1959,0.017,0.053,,,,,,,,,,,,,,,,,,,0.947,,,,,,,,
31/01/1960,0.01,0.052,,,,,,,,,,,,,,,,,,,0.948,,,,,,,,
29/02/1960,0.017,0.048,,,,,,,,,,,,,,,,,,,0.952,,,,,,,,
31/03/1960,0.017,0.054,,,,,,,,,,,,,,,,,,,0.946,,,,,,,,
30/04/1960,0.017,0.052,,,,,,,,,,,,,,,,,,,0.948,,,,,,,,
31/05/1960,0.017,0.051,,,,,,,,,,,,,,,,,,,0.949,,,,,,,,
30/06/1960,0.017,0.054,,,,,,,,,,,,,,,,,,,0.946,,,,,,,,
31/07/1960,0.014,0.055,,,,,,,,,,,,,,,,,,,0.945,,,,,,,,
31/08/1960,0.014,0.056,,,,,,,,,,,,,,,,,,,0.944,,,,,,,,
30/09/1960,0.01,0.055,,,,,,,,,,,,,,,,,,,0.945,,,,,,,,
31/10/1960,0.014,0.061,,,,,,,,,,,,,,,,,,,0.939,,,,,,,,
30/11/1960,0.014,0.061,,,,,,,,,,,,,,,,,,,0.939,,,,,,,,
31/12/1960,0.014,0.066,,,,,,,,,,,,,,,,,,,0.934,,,,,,,,
31/01/1961,0.017,0.066,,,,,,,,,,,,,,,,,,,0.934,,,,,,,,
28/02/1961,0.014,0.069,,,,,,,,,,,,,,,,,,,0.931,,,,,,,,
31/03/1961,0.014,0.069,,,,,,,,,,,,,,,,,,,0.931,,,,,,,,
30/04/1961,0.01,0.07,,,,,,,,,,,,,,,,,,,0.93,,,,,,,,
31/05/1961,0.01,0.071,,,,,,,,,,,,,,,,,,,0.929,,,,,,,,
30/06/1961,0.007,0.069,,,,,,,,,,,,,,,,,,,0.931,,,,,,,,
31/07/1961,0.014,0.07,,,,,,,,,,,,,,,,,,,0.93,,,,,,,,
31/08/1961,0.01,0.066,,,,,,,,,,,,,,,,,,,0.934,,,,,,,,
30/09/1961,0.014,0.067,,,,,,,,,,,,,,,,,,,0.933,,,,,,,,
31/10/1961,0.007,0.065,,,,,,,,,,,,,,,,,,,0.935,,,,,,,,
30/11/1961,0.007,0.061,,,,,,,,,,,,,,,,,,,0.939,,,,,,,,
31/12/1961,0.007,0.06,,,,,,,,,,,,,,,,,,,0.94,,,,,,,,
31/01/1962,0.007,0.058,,,,,,,,,,,,,,,,,,,0.942,,,,,,,,
28/02/1962,0.01,0.055,,,,,,,,,,,,,,,,,,,0.945,,,,,,,,
31/03/1962,0.01,0.056,,,,,,,,,,,,,,,,,,,0.944,,,,,,,,
30/04/1962,0.013,0.056,,,,,,,,,,,,,,,,,,,0.944,,,,,,,,
31/05/1962,0.013,0.055,,,,,,,,,,,,,,,,,,,0.945,,,,,,,,
30/06/1962,0.013,0.055,,,,,,,,,,,,,,,,,,,0.945,,,,,,,,
31/07/1962,0.01,0.054,,,,,,,,,,,,,,,,,,,0.946,,,,,,,,
31/08/1962,0.013,0.057,,,,,,,,,,,,,,,,,,,0.943,,,,,,,,
30/09/1962,0.013,0.056,,,,,,,,,,,,,,,,,,,0.944,,,,,,,,
31/10/1962,0.013,0.054,,,,,,,,,,,,,,,,,,,0.946,,,,,,,,
30/11/1962,0.013,0.057,,,,,,,,,,,,,,,,,,,0.943,,,,,,,,
31/12/1962,0.013,0.055,,,,,,,,,,,,,,,,,,,0.945,,,,,,,,
31/01/1963,0.013,0.057,,,,,,,,,,,,,,,,,,,0.943,,,,,,,,
28/02/1963,0.01,0.059,,,,,,,,,,,,,,,,,,,0.941,,,,,,,,
31/03/1963,0.013,0.057,,,,,,,,,,,,,,,,,,,0.943,,,,,,,,
30/04/1963,0.01,0.057,,,,,,,,,,,,,,,,,,,0.943,,,,,,,,
31/05/1963,0.01,0.059,,,,,,,,,,,,,,,,,,,0.941,,,,,,,,
30/06/1963,0.013,0.056,,,,,,,,,,,,,,,,,,,0.944,,,,,,,,
31/07/1963,0.013,0.056,,,,,,,,,,,,,,,,,,,0.944,,,,,,,,
31/08/1963,0.013,0.054,,,,,,,,,,,,,,,,,,,0.946,,,,,,,,
30/09/1963,0.01,0.055,,,,,,,,,,,,,,,,,,,0.945,,,,,,,,
31/10/1963,0.013,0.055,,,,,,,,,,,,,,,,,,,0.945,,,,,,,,
30/11/1963,0.013,0.057,,,,,,,,,,,,,,,,,,,0.943,,,,,,,,
31/12/1963,0.016,0.055,,,,,,,,,,,,,,,,,,,0.945,,,,,,,,
31/01/1964,0.016,0.056,,,,,,,,,,,,,,,,,,,0.944,,,,,,,,
29/02/1964,0.016,0.054,,,,,,,,,,,,,,,,,,,0.946,,,,,,,,
31/03/1964,0.013,0.054,,,,,,,,,,,,,,,,,,,0.946,,,,,,,,
30/04/1964,0.013,0.053,,,,,,,,,,,,,,,,,,,0.947,,,,,,,,
31/05/1964,0.013,0.051,,,,,,,,,,,,,,,,,,,0.949,,,,,,,,
30/06/1964,0.013,0.052,,,,,,,,,,,,,,,,,,,0.948,,,,,,,,
31/07/1964,0.013,0.049,,,,,,,,,,,,,,,,,,,0.951,,,,,,,,
31/08/1964,0.01,0.05,,,,,,,,,,,,,,,,,,,0.95,,,,,,,,
30/09/1964,0.013,0.051,,,,,,,,,,,,,,,,,,,0.949,,,,,,,,
31/10/1964,0.01,0.051,,,,,,,,,,,,,,,,,,,0.949,,,,,,,,
30/11/1964,0.013,0.048,,,,,,,,,,,,,,,,,,,0.952,,,,,,,,
31/12/1964,0.01,0.05,,,,,,,,,,,,,,,,,,,0.95,,,,,,,,
31/01/1965,0.01,0.049,,,,,,,,,,,,,,,,,,,0.951,,,,,,,,
28/02/1965,0.01,0.051,,,,,,,,,,,,,,,,,,,0.949,,,,,,,,
31/03/1965,0.013,0.047,,,,,,,,,,,,,,,,,,,0.953,,,,,,,,
30/04/1965,0.016,0.048,,,,,,,,,,,,,,,,,,,0.952,,,,,,,,
31/05/1965,0.016,0.046,,,,,,,,,,,,,,,,,,,0.954,,,,,,,,
30/06/1965,0.019,0.046,,,,,,,,,,,,,,,,,,,0.954,,,,,,,,
31/07/1965,0.016,0.044,,,,,,,,,,,,,,,,,,,0.956,,,,,,,,
31/08/1965,0.019,0.044,,,,,,,,,,,,,,,,,,,0.956,,,,,,,,
30/09/1965,0.016,0.043,,,,,,,,,,,,,,,,,,,0.957,,,,,,,,
31/10/1965,0.019,0.042,,,,,,,,,,,,,,,,,,,0.958,,,,,,,,
30/11/1965,0.016,0.041,,,,,,,,,,,,,,,,,,,0.959,,,,,,,,
31/12/1965,0.019,0.04,0.058,,,,,,,,,,,,,,,,,,0.96,0.942,-0.01875,,,,,,
31/01/1966,0.019,0.04,0.058,,,,,,,,,,,,,,,,,,0.96,0.942,-0.01875,,,,,,
28/02/1966,0.026,0.038,0.058,,,,,,,,,,,,,,,,,,0.962,0.942,-0.020790021,,,,,,
31/03/1966,0.026,0.038,0.058,,,,,,,,,,,,,,,,,,0.962,0.942,-0.020790021,,,,,,
30/04/1966,0.029,0.038,0.058,,,,,,,,,,,,,,,,,,0.962,0.942,-0.020790021,,,,,,
31/05/1966,0.029,0.039,0.058,,,,,,,,,,,,,,,,,,0.961,0.942,-0.019771072,,,,,,
30/06/1966,0.025,0.038,0.058,,,,,,,,,,,,,,,,,,0.962,0.942,-0.020790021,,,,,,
31/07/1966,0.028,0.038,0.058,,,,,,,,,,,,,,,,,,0.962,0.942,-0.020790021,,,,,,
31/08/1966,0.035,0.038,0.058,,,,,,,,,,,,,,,,,,0.962,0.942,-0.020790021,,,,,,
30/09/1966,0.035,0.037,0.058,,,,,,,,,,,,,,,,,,0.963,0.942,-0.021806854,,,,,,
31/10/1966,0.038,0.037,0.058,,,,,,,,,,,,,,,,,,0.963,0.942,-0.021806854,,,,,,
30/11/1966,0.038,0.036,0.058,,,,,,,,,,,,,,,,,,0.964,0.942,-0.022821577,,,,,,
31/12/1966,0.035,0.038,0.058,,,,,,,,,,,,,,,,,,0.962,0.942,-0.020790021,,,,,,
31/01/1967,0.035,0.039,0.058,,,,,,,,,,,,,,,,,,0.961,0.942,-0.019771072,,,,,,
28/02/1967,0.028,0.038,0.058,,,,,,,,,,,,,,,,,,0.962,0.942,-0.020790021,,,,,,
31/03/1967,0.028,0.038,0.058,,,,,,,,,,,,,,,,,,0.962,0.942,-0.020790021,,,,,,
30/04/1967,0.025,0.038,0.058,,,,,,,,,,,,,,,,,,0.962,0.942,-0.020790021,,,,,,
31/05/1967,0.028,0.038,0.058,,,,,,,,,,,,,,,,,,0.962,0.942,-0.020790021,,,,,,
30/06/1967,0.028,0.039,0.058,,,,,,,,,,,,,,,,,,0.961,0.942,-0.019771072,,,,,,
31/07/1967,0.028,0.038,0.058,,,,,,,,,,,,,,,,,,0.962,0.942,-0.020790021,,,,,,
31/08/1967,0.024,0.038,0.058,,,,,,,,,,,,,,,,,,0.962,0.942,-0.020790021,,,,,,
30/09/1967,0.028,0.038,0.058,,,,,,,,,,,,,,,,,,0.962,0.942,-0.020790021,,,,,,
31/10/1967,0.024,0.04,0.058,,,,,,,,,,,,,,,,,,0.96,0.942,-0.01875,,,,,,
30/11/1967,0.027,0.039,0.058,,,,,,,,,,,,,,,,,,0.961,0.942,-0.019771072,,,,,,
31/12/1967,0.03,0.038,0.058,,,,,,,,,,,,,,,,,,0.962,0.942,-0.020790021,,,,,,
31/01/1968,0.036,0.037,0.058,,,,,,,,,,,,,,,,,,0.963,0.942,-0.021806854,,,,,,
29/02/1968,0.04,0.038,0.058,,,,,,,,,,,,,,,,,,0.962,0.942,-0.020790021,,,,,,
31/03/1968,0.039,0.037,0.058,,,,,,,,,,,,,,,,,,0.963,0.942,-0.021806854,,,,,,
30/04/1968,0.039,0.035,0.058,,,,,,,,,,,,,,,,,,0.965,0.942,-0.023834197,,,,,,
31/05/1968,0.039,0.035,0.058,,,,,,,,,,,,,,,,,,0.965,0.942,-0.023834197,,,,,,
30/06/1968,0.042,0.037,0.058,,,,,,,,,,,,,,,,,,0.963,0.942,-0.021806854,,,,,,
31/07/1968,0.045,0.037,0.058,,,,,,,,,,,,,,,,,,0.963,0.942,-0.021806854,,,,,,
31/08/1968,0.045,0.035,0.058,,,,,,,,,,,,,,,,,,0.965,0.942,-0.023834197,,,,,,
30/09/1968,0.045,0.034,0.058,,,,,,,,,,,,,,,,,,0.966,0.942,-0.02484472,,,,,,
31/10/1968,0.047,0.034,0.058,,,,,,,,,,,,,,,,,,0.966,0.942,-0.02484472,,,,,,
30/11/1968,0.047,0.034,0.058,,,,,,,,,,,,,,,,,,0.966,0.942,-0.02484472,,,,,,
31/12/1968,0.047,0.034,0.058,,,,,,,,,,,,,,,,,,0.966,0.942,-0.02484472,,,,,,
31/01/1969,0.044,0.034,0.058,,,,,,,,,,,,,,,,,,0.966,0.942,-0.02484472,,,,,,
28/02/1969,0.047,0.034,0.058,,,,,,,,,,,,,,,,,,0.966,0.942,-0.02484472,,,,,,
31/03/1969,0.052,0.034,0.058,,,,,,,,,,,,,,,,,,0.966,0.942,-0.02484472,,,,,,
30/04/1969,0.055,0.034,0.059,,,,,,,,,,,,,,,,,,0.966,0.941,-0.025879917,,,,,,
31/05/1969,0.055,0.034,0.059,,,,,,,,,,,,,,,,,,0.966,0.941,-0.025879917,,,,,,
30/06/1969,0.055,0.035,0.059,,,,,,,,,,,,,,,,,,0.965,0.941,-0.024870466,,,,,,
31/07/1969,0.054,0.035,0.059,,,,,,,,,,,,,,,,,,0.965,0.941,-0.024870466,,,,,,
31/08/1969,0.057,0.035,0.059,,,,,,,,,,,,,,,,,,0.965,0.941,-0.024870466,,,,,,
30/09/1969,0.057,0.037,0.059,,,,,,,,,,,,,,,,,,0.963,0.941,-0.022845275,,,,,,
31/10/1969,0.057,0.037,0.059,,,,,,,,,,,,,,,,,,0.963,0.941,-0.022845275,,,,,,
30/11/1969,0.059,0.035,0.059,,,,,,,,,,,,,,,,,,0.965,0.941,-0.024870466,,,,,,
31/12/1969,0.062,0.035,0.059,,,,,,,,,,,,,,,,,,0.965,0.941,-0.024870466,,,,,,
31/01/1970,0.062,0.039,0.059,,,,,,,,,,,,,,,,,,0.961,0.941,-0.020811655,,,,,,
28/02/1970,0.061,0.042,0.059,,,,,,,,,,,,,,,,,,0.958,0.941,-0.017745303,,,,,,
31/03/1970,0.058,0.044,0.059,,,,,,,,,,,,,,,,,,0.956,0.941,-0.015690377,,,,,,
30/04/1970,0.061,0.046,0.059,,,,,,,,,,,,,,,,,,0.954,0.941,-0.013626834,,,,,,
31/05/1970,0.06,0.048,0.059,,,,,,,,,,,,,,,,,,0.952,0.941,-0.011554622,,,,,,
30/06/1970,0.06,0.049,0.059,,,,,,,,,,,,,,,,,,0.951,0.941,-0.010515247,,,,,,
31/07/1970,0.06,0.05,0.059,,,,,,,,,,,,,,,,,,0.95,0.941,-0.009473684,,,,,,
31/08/1970,0.054,0.051,0.059,,,,,,,,,,,,,,,,,,0.949,0.941,-0.008429926,,,,,,
30/09/1970,0.057,0.054,0.059,,,,,,,,,,,,,,,,,,0.946,0.941,-0.005285412,,,,,,
31/10/1970,0.056,0.055,0.059,,,,,,,,,,,,,,,,,,0.945,0.941,-0.004232804,,,,,,
30/11/1970,0.056,0.059,0.059,,,,,,,,,,,,,,,,,,0.941,0.941,0,,,,,,
31/12/1970,0.056,0.061,0.059,,,,,,,,,,,,,,,,,,0.939,0.941,0.002129925,,,,,,
31/01/1971,0.053,0.059,0.059,,,,,,,,,,,,,,,,,,0.941,0.941,0,,,,,,
28/02/1971,0.05,0.059,0.059,,,,,,,,,,,,,,,,,,0.941,0.941,0,,,,,,
31/03/1971,0.047,0.06,0.059,,,,,,,,,,,,,,,,,,0.94,0.941,0.00106383,,,,,,
30/04/1971,0.042,0.059,0.06,,,,,,,,,,,,,,,,,,0.941,0.94,-0.001062699,,,,,,
31/05/1971,0.044,0.059,0.06,,,,,,,,,,,,,,,,,,0.941,0.94,-0.001062699,,,,,,
30/06/1971,0.046,0.059,0.06,,,,,,,,,,,,,,,,,,0.941,0.94,-0.001062699,,,,,,
31/07/1971,0.044,0.06,0.06,,,,,,,,,,,,,,,,,,0.94,0.94,0,,,,,,
31/08/1971,0.046,0.061,0.06,,,,,,,,,,,,,,,,,,0.939,0.94,0.001064963,,,,,,
30/09/1971,0.041,0.06,0.06,,,,,,,,,,,,,,,,,,0.94,0.94,0,,,,,,
31/10/1971,0.038,0.058,0.06,,,,,,,,,,,,,,,,,,0.942,0.94,-0.002123142,,,,,,
30/11/1971,0.033,0.06,0.06,,,,,,,,,,,,,,,,,,0.94,0.94,0,,,,,,
31/12/1971,0.033,0.06,0.06,,,,,,,,,,,,,,,,,,0.94,0.94,0,,,,,,
31/01/1972,0.033,0.058,0.06,,,,,,,,,,,,,,,,,,0.942,0.94,-0.002123142,,,,,,
29/02/1972,0.035,0.057,0.06,,,,,,,,,,,,,,,,,,0.943,0.94,-0.003181336,,,,,,
31/03/1972,0.035,0.058,0.06,,,,,,,,,,,,,,,,,,0.942,0.94,-0.002123142,,,,,,
30/04/1972,0.035,0.057,0.06,,,,,,,,,,,,,,,,,,0.943,0.94,-0.003181336,,,,,,
31/05/1972,0.032,0.057,0.06,,,,,,,,,,,,,,,,,,0.943,0.94,-0.003181336,,,,,,
30/06/1972,0.027,0.057,0.061,,,,,,,,,,,,,,,,,,0.943,0.939,-0.004241782,,,,,,
31/07/1972,0.029,0.056,0.061,,,,,,,,,,,,,,,,,,0.944,0.939,-0.00529661,,,,,,
31/08/1972,0.029,0.056,0.061,,,,,,,,,,,,,,,,,,0.944,0.939,-0.00529661,,,,,,
30/09/1972,0.032,0.055,0.061,,,,,,,,,,,,,,,,,,0.945,0.939,-0.006349206,,,,,,
31/10/1972,0.034,0.056,0.061,,,,,,,,,,,,,,,,,,0.944,0.939,-0.00529661,,,,,,
30/11/1972,0.037,0.053,0.061,,,,,,,,,,,,,,,,,,0.947,0.939,-0.00844773,,,,,,
31/12/1972,0.034,0.052,0.061,,,,,,,,,,,,,,,,,,0.948,0.939,-0.009493671,,,,,,
31/01/1973,0.036,0.049,0.061,,,,,,,,,,,,,,,,,,0.951,0.939,-0.012618297,,,,,,
28/02/1973,0.039,0.05,0.061,,,,,,,,,,,,,,,,,,0.95,0.939,-0.011578947,,,,,,
31/03/1973,0.046,0.049,0.061,,,,,,,,,,,,,,,,,,0.951,0.939,-0.012618297,,,,,,
30/04/1973,0.051,0.05,0.061,,,,,,,,,,,,,,,,,,0.95,0.939,-0.011578947,,,,,,
31/05/1973,0.055,0.049,0.061,,,,,,,,,,,,,,,,,,0.951,0.939,-0.012618297,,,,,,
30/06/1973,0.06,0.049,0.062,,,,,,,,,,,,,,,,,,0.951,0.938,-0.013669821,,,,,,
31/07/1973,0.057,0.048,0.062,,,,,,,,,,,,,,,,,,0.952,0.938,-0.014705882,,,,,,
31/08/1973,0.074,0.048,0.062,,,,,,,,,,,,,,,,,,0.952,0.938,-0.014705882,,,,,,
30/09/1973,0.074,0.048,0.062,,,,,,,,,,,,,,,,,,0.952,0.938,-0.014705882,,,,,,
31/10/1973,0.078,0.046,0.062,,,,,,,,,,,,,,,,,,0.954,0.938,-0.016771488,,,,,,
30/11/1973,0.083,0.048,0.062,,,,,,,,,,,,,,,,,,0.952,0.938,-0.014705882,,,,,,
31/12/1973,0.087,0.049,0.062,,,,,,,,,,,,,,,,,,0.951,0.938,-0.013669821,,,,,,
31/01/1974,0.094,0.051,0.062,,,,,,,,,,,,,,,,,,0.949,0.938,-0.011591149,,,,,,
28/02/1974,0.1,0.052,0.062,,,,,,,,,,,,,,,,,,0.948,0.938,-0.010548523,,,,,,
31/03/1974,0.104,0.051,0.062,,,,,,,,,,,,,,,,,,0.949,0.938,-0.011591149,,,,,,
30/04/1974,0.101,0.051,0.062,,,,,,,,,,,,,,,,,,0.949,0.938,-0.011591149,,,,,,
31/05/1974,0.107,0.051,0.062,,,,,,,,,,,,,,,,,,0.949,0.938,-0.011591149,,,,,,
30/06/1974,0.109,0.054,0.062,,,,,,,,,,,,,,,,,,0.946,0.938,-0.00845666,,,,,,
31/07/1974,0.115,0.055,0.062,,,,,,,,,,,,,,,,,,0.945,0.938,-0.007407407,,,,,,
31/08/1974,0.109,0.055,0.062,,,,,,,,,,,,,,,,,,0.945,0.938,-0.007407407,,,,,,
30/09/1974,0.119,0.059,0.062,,,,,,,,,,,,,,,,,,0.941,0.938,-0.003188098,,,,,,
31/10/1974,0.121,0.06,0.062,,,,,,,,,,,,,,,,,,0.94,0.938,-0.00212766,,,,,,
30/11/1974,0.122,0.066,0.062,,,,,,,,,,,,,,,,,,0.934,0.938,0.004282655,,,,,,
31/12/1974,0.123,0.072,0.062,,,,,,,,,,,,,,,,,,0.928,0.938,0.010775862,,,,,,
31/01/1975,0.118,0.081,0.062,,,,,,,,,,,,,,,,,,0.919,0.938,0.020674646,,,,,,
28/02/1975,0.112,0.081,0.062,,,,,,,,,,,,,,,,,,0.919,0.938,0.020674646,,,,,,
31/03/1975,0.103,0.086,0.062,,,,,,,,,,,,,,,,,,0.914,0.938,0.026258206,,,,,,
30/04/1975,0.102,0.088,0.062,,,,,,,,,,,,,,,,,,0.912,0.938,0.028508772,,,,,,
31/05/1975,0.095,0.09,0.062,,,,,,,,,,,,,,,,,,0.91,0.938,0.030769231,,,,,,
30/06/1975,0.094,0.088,0.062,,,,,,,,,,,,,,,,,,0.912,0.938,0.028508772,,,,,,
31/07/1975,0.097,0.086,0.062,,,,,,,,,,,,,,,,,,0.914,0.938,0.026258206,,,,,,
31/08/1975,0.086,0.084,0.062,,,,,,,,,,,,,,,,,,0.916,0.938,0.024017467,,,,,,
30/09/1975,0.079,0.084,0.062,,,,,,,,,,,,,,,,,,0.916,0.938,0.024017467,,,,,,
31/10/1975,0.074,0.084,0.062,,,,,,,,,,,,,,,,,,0.916,0.938,0.024017467,,,,,,
30/11/1975,0.074,0.083,0.062,,,,,,,,,,,,,,,,,,0.917,0.938,0.022900763,,,,,,
31/12/1975,0.069,0.082,0.062,,,,,,,,,,,,,,,,,,0.918,0.938,0.021786492,,,,,,
31/01/1976,0.067,0.079,0.062,,,,,,,,,,,,,,,,,,0.921,0.938,0.018458198,,,,,,
29/02/1976,0.063,0.077,0.062,,,,,,,,,,,,,,,,,,0.923,0.938,0.016251354,,,,,,
31/03/1976,0.061,0.076,0.062,,,,,,,,,,,,,,,,,,0.924,0.938,0.015151515,,,,,,
30/04/1976,0.06,0.077,0.062,,,,,,,,,,,,,,,,,,0.923,0.938,0.016251354,,,,,,
31/05/1976,0.062,0.074,0.062,,,,,,,,,,,,,,,,,,0.926,0.938,0.012958963,,,,,,
30/06/1976,0.06,0.076,0.062,,,,,,,,,,,,,,,,,,0.924,0.938,0.015151515,,,,,,
31/07/1976,0.054,0.078,0.062,,,,,,,,,,,,,,,,,,0.922,0.938,0.017353579,,,,,,
31/08/1976,0.057,0.078,0.062,,,,,,,,,,,,,,,,,,0.922,0.938,0.017353579,,,,,,
30/09/1976,0.055,0.076,0.062,,,,,,,,,,,,,,,,,,0.924,0.938,0.015151515,,,,,,
31/10/1976,0.055,0.077,0.062,,,,,,,,,,,,,,,,,,0.923,0.938,0.016251354,,,,,,
30/11/1976,0.049,0.078,0.062,,,,,,,,,,,,,,,,,,0.922,0.938,0.017353579,,,,,,
31/12/1976,0.049,0.078,0.062,,,,,,,,,,,,,,,,,,0.922,0.938,0.017353579,,,,,,
31/01/1977,0.052,0.075,0.062,,,,,,,,,,,,,,,,,,0.925,0.938,0.014054054,,,,,,
28/02/1977,0.059,0.076,0.062,,,,,,,,,,,,,,,,,,0.924,0.938,0.015151515,,,,,,
31/03/1977,0.064,0.074,0.062,,,,,,,,,,,,,,,,,,0.926,0.938,0.012958963,,,,,,
30/04/1977,0.07,0.072,0.062,,,,,,,,,,,,,,,,,,0.928,0.938,0.010775862,,,,,,
31/05/1977,0.067,0.07,0.062,,,,,,,,,,,,,,,,,,0.93,0.938,0.008602151,,,,,,
30/06/1977,0.069,0.072,0.062,,,,,,,,,,,,,,,,,,0.928,0.938,0.010775862,,,,,,
31/07/1977,0.068,0.069,0.062,,,,,,,,,,,,,,,,,,0.931,0.938,0.007518797,,,,,,
31/08/1977,0.066,0.07,0.062,,,,,,,,,,,,,,,,,,0.93,0.938,0.008602151,,,,,,
30/09/1977,0.066,0.068,0.063,,,,,,,,,,,,,,,,,,0.932,0.937,0.005364807,,,,,,
31/10/1977,0.064,0.068,0.063,,,,,,,,,,,,,,,,,,0.932,0.937,0.005364807,,,,,,
30/11/1977,0.067,0.068,0.063,,,,,,,,,,,,,,,,,,0.932,0.937,0.005364807,,,,,,
31/12/1977,0.067,0.064,0.063,,,,,,,,,,,,,,,,,,0.936,0.937,0.001068376,,,,,,
31/01/1978,0.068,0.064,0.063,,,,,,,,,,,,,,,,,,0.936,0.937,0.001068376,,,,,,
28/02/1978,0.064,0.063,0.063,,,,,,,,,,,,,,,,,,0.937,0.937,0,,,,,,
31/03/1978,0.066,0.063,0.063,,,,,,,,,,,,,,,,,,0.937,0.937,0,,,,,,
30/04/1978,0.065,0.061,0.063,,,,,,,,,,,,,,,,,,0.939,0.937,-0.002129925,,,,,,
31/05/1978,0.07,0.06,0.063,,,,,,,,,,,,,,,,,,0.94,0.937,-0.003191489,,,,,,
30/06/1978,0.074,0.059,0.063,,,,,,,,,,,,,,,,,,0.941,0.937,-0.004250797,,,,,,
31/07/1978,0.077,0.062,0.063,,,,,,,,,,,,,,,,,,0.938,0.937,-0.001066098,,,,,,
31/08/1978,0.078,0.059,0.063,,,,,,,,,,,,,,,,,,0.941,0.937,-0.004250797,,,,,,
30/09/1978,0.083,0.06,0.063,,,,,,,,,,,,,,,,,,0.94,0.937,-0.003191489,,,,,,
31/10/1978,0.089,0.058,0.063,,,,,,,,,,,,,,,,,,0.942,0.937,-0.005307856,,,,,,
30/11/1978,0.089,0.059,0.063,,,,,,,,,,,,,,,,,,0.941,0.937,-0.004250797,,,,,,
31/12/1978,0.09,0.06,0.063,,,,,,,,,,,,,,,,,,0.94,0.937,-0.003191489,,,,,,
31/01/1979,0.093,0.059,0.063,,,,,,,,,,,,,,,,,,0.941,0.937,-0.004250797,,,,,,
28/02/1979,0.099,0.059,0.063,,,,,,,,,,,,,,,,,,0.941,0.937,-0.004250797,,,,,,
31/03/1979,0.101,0.058,0.063,,,,,,,,,,,,,,,,,,0.942,0.937,-0.005307856,,,,,,
30/04/1979,0.105,0.058,0.063,,,,,,,,,,,,,,,,,,0.942,0.937,-0.005307856,,,,,,
31/05/1979,0.109,0.056,0.063,,,,,,,,,,,,,,,,,,0.944,0.937,-0.007415254,,,,,,
30/06/1979,0.109,0.057,0.063,,,,,,,,,,,,,,,,,,0.943,0.937,-0.006362672,,,,,,
31/07/1979,0.113,0.057,0.062,,,,,,,,,,,,,,,,,,0.943,0.938,-0.005302227,,,,,,
31/08/1979,0.118,0.06,0.062,,,,,,,,,,,,,,,,,,0.94,0.938,-0.00212766,,,,,,
30/09/1979,0.122,0.059,0.062,,,,,,,,,,,,,,,,,,0.941,0.938,-0.003188098,,,,,,
31/10/1979,0.121,0.06,0.062,,,,,,,,,,,,,,,,,,0.94,0.938,-0.00212766,,,,,,
30/11/1979,0.126,0.059,0.062,,,,,,,,,,,,,,,,,,0.941,0.938,-0.003188098,,,,,,
31/12/1979,0.133,0.06,0.062,,,,,,,,,,,,,,,,,,0.94,0.938,-0.00212766,,,,,,
31/01/1980,0.139,0.063,0.062,,,,,,,,,,,,,,,,,,0.937,0.938,0.001067236,,,,,,
29/02/1980,0.142,0.063,0.062,,,,,,,,,,,,,,,,,,0.937,0.938,0.001067236,,,,,,
31/03/1980,0.148,0.063,0.062,,,,,,,,,,,,,,,,,,0.937,0.938,0.001067236,,,,,,
30/04/1980,0.147,0.069,0.062,,,,,,,,,,,,,,,,,,0.931,0.938,0.007518797,,,,,,
31/05/1980,0.144,0.075,0.062,,,,,,,,,,,,,,,,,,0.925,0.938,0.014054054,,,,,,
30/06/1980,0.144,0.076,0.062,,,,,,,,,,,,,,,,,,0.924,0.938,0.015151515,,,,,,
31/07/1980,0.131,0.078,0.062,,,,,,,,,,,,,,,,,,0.922,0.938,0.017353579,,,,,,
31/08/1980,0.129,0.077,0.062,,,,,,,,,,,,,,,,,,0.923,0.938,0.016251354,,,,,,
30/09/1980,0.126,0.075,0.062,,,,,,,,,,,,,,,,,,0.925,0.938,0.014054054,,,,,,
31/10/1980,0.128,0.075,0.062,,,,,,,,,,,,,,,,,,0.925,0.938,0.014054054,,,,,,
30/11/1980,0.126,0.075,0.062,,,,,,,,,,,,,,,,,,0.925,0.938,0.014054054,,,,,,
31/12/1980,0.125,0.072,0.062,,,,,,,,,,,,,,,,,,0.928,0.938,0.010775862,,,,,,
31/01/1981,0.118,0.075,0.062,,,,,,,,,,,,,,,,,,0.062,0.938,14.12903226,,,,,,
28/02/1981,0.114,0.074,0.062,,,,,,,,,,,,,,,,,,0.926,0.938,0.012958963,,,,,,
31/03/1981,0.105,0.074,0.062,,,,,,,,,,,,,,,,,,0.926,0.938,0.012958963,,,,,,
30/04/1981,0.1,0.072,0.062,,,,,,,,,,,,,,,,,,0.928,0.938,0.010775862,,,,,,
31/05/1981,0.098,0.075,0.062,,,,,,,,,,,,,,,,,,0.925,0.938,0.014054054,,,,,,
30/06/1981,0.096,0.075,0.062,,,,,,,,,,,,,,,,,,0.925,0.938,0.014054054,,,,,,
31/07/1981,0.108,0.072,0.062,,,,,,,,,,,,,,,,,,0.928,0.938,0.010775862,,,,,,
31/08/1981,0.108,0.074,0.062,,,,,,,,,,,,,,,,,,0.926,0.938,0.012958963,,,,,,
30/09/1981,0.11,0.076,0.062,,,,,,,,,,,,,,,,,,0.924,0.938,0.015151515,,,,,,
31/10/1981,0.101,0.079,0.062,,,,,,,,,,,,,,,,,,0.921,0.938,0.018458198,,,,,,
30/11/1981,0.096,0.083,0.062,,,,,,,,,,,,,,,,,,0.917,0.938,0.022900763,,,,,,
31/12/1981,0.089,0.085,0.061,,,,,,,,,,,,,,,,,,0.915,0.939,0.026229508,,,,,,
31/01/1982,0.084,0.086,0.061,,,,,,,,,,,,,,,,,,0.914,0.939,0.027352298,,,,,,
28/02/1982,0.076,0.089,0.061,,,,,,,,,,,,,,,,,,0.911,0.939,0.030735456,,,,,,
31/03/1982,0.068,0.09,0.061,,,,,,,,,,,,,,,,,,0.91,0.939,0.031868132,,,,,,
30/04/1982,0.065,0.093,0.061,,,,,,,,,,,,,,,,,,0.907,0.939,0.035281147,,,,,,
31/05/1982,0.067,0.094,0.061,,,,,,,,,,,,,,,,,,0.906,0.939,0.036423841,,,,,,
30/06/1982,0.071,0.096,0.061,,,,,,,,,,,,,,,,,,0.904,0.939,0.038716814,,,,,,
31/07/1982,0.064,0.098,0.061,,,,,,,,,,,,,,,,,,0.902,0.939,0.041019956,,,,,,
31/08/1982,0.059,0.098,0.061,,,,,,,,,,,,,,,,,,0.902,0.939,0.041019956,,,,,,
30/09/1982,0.05,0.101,0.061,,,,,,,,,,,,,,,,,,0.899,0.939,0.044493882,,,,,,
31/10/1982,0.051,0.104,0.061,,,,,,,,,,,,,,,,,,0.896,0.939,0.047991071,,,,,,
30/11/1982,0.046,0.108,0.061,,,,,,,,,,,,,,,,,,0.892,0.939,0.052690583,,,,,,
31/12/1982,0.038,0.108,0.061,,,,,,,,,,,,,,,,,,0.892,0.939,0.052690583,,,,,,
31/01/1983,0.037,0.104,0.061,,,,,,,,,,,,,,,,,,0.896,0.939,0.047991071,,,,,,
28/02/1983,0.035,0.104,0.061,,,,,,,,,,,,,,,,,,0.896,0.939,0.047991071,,,,,,
31/03/1983,0.036,0.103,0.061,,,,,,,,,,,,,,,,,,0.897,0.939,0.046822742,,,,,,
30/04/1983,0.039,0.102,0.061,,,,,,,,,,,,,,,,,,0.898,0.939,0.045657016,,,,,,
31/05/1983,0.035,0.101,0.061,,,,,,,,,,,,,,,,,,0.899,0.939,0.044493882,,,,,,
30/06/1983,0.026,0.101,0.061,,,,,,,,,,,,,,,,,,0.899,0.939,0.044493882,,,,,,
31/07/1983,0.025,0.094,0.061,,,,,,,,,,,,,,,,,,0.906,0.939,0.036423841,,,,,,
31/08/1983,0.026,0.095,0.061,,,,,,,,,,,,,,,,,,0.905,0.939,0.037569061,,,,,,
30/09/1983,0.029,0.092,0.061,,,,,,,,,,,,,,,,,,0.908,0.939,0.034140969,,,,,,
31/10/1983,0.029,0.088,0.061,,,,,,,,,,,,,,,,,,0.912,0.939,0.029605263,,,,,,
30/11/1983,0.033,0.085,0.061,,,,,,,,,,,,,,,,,,0.915,0.939,0.026229508,,,,,,
31/12/1983,0.038,0.083,0.061,,,,,,,,,,,,,,,,,,0.917,0.939,0.023991276,,,,,,
31/01/1984,0.042,0.08,0.061,,,,,,,,,,,,,,,,,,0.92,0.939,0.020652174,,,,,,
29/02/1984,0.046,0.078,0.061,,,,,,,,,,,,,,,,,,0.922,0.939,0.018438178,,,,,,
31/03/1984,0.048,0.078,0.061,,,,,,,,,,,,,,,,,,0.922,0.939,0.018438178,,,,,,
30/04/1984,0.046,0.077,0.061,,,,,,,,,,,,,,,,,,0.923,0.939,0.017334778,,,,,,
31/05/1984,0.042,0.074,0.061,,,,,,,,,,,,,,,,,,0.926,0.939,0.014038877,,,,,,
30/06/1984,0.042,0.072,0.061,,,,,,,,,,,,,,,,,,0.928,0.939,0.011853448,,,,,,
31/07/1984,0.042,0.075,0.061,,,,,,,,,,,,,,,,,,0.925,0.939,0.015135135,,,,,,
31/08/1984,0.043,0.075,0.061,,,,,,,,,,,,,,,,,,0.925,0.939,0.015135135,,,,,,
30/09/1984,0.043,0.073,0.061,,,,,,,,,,,,,,,,,,0.927,0.939,0.012944984,,,,,,
31/10/1984,0.043,0.074,0.061,,,,,,,,,,,,,,,,,,0.926,0.939,0.014038877,,,,,,
30/11/1984,0.041,0.072,0.061,,,,,,,,,,,,,,,,,,0.928,0.939,0.011853448,,,,,,
31/12/1984,0.039,0.073,0.061,,,,,,,,,,,,,,,,,,0.927,0.939,0.012944984,,,,,,
31/01/1985,0.035,0.073,0.061,,,,,,,,,,,,,,,,,,0.927,0.939,0.012944984,,,,,,
28/02/1985,0.035,0.072,0.061,,,,,,,,,,,,,,,,,,0.928,0.939,0.011853448,,,,,,
31/03/1985,0.037,0.072,0.061,,,,,,,,,,,,,,,,,,0.928,0.939,0.011853448,,,,,,
30/04/1985,0.037,0.073,0.061,,,,,,,,,,,,,,,,,,0.927,0.939,0.012944984,,,,,,
31/05/1985,0.038,0.072,0.061,,,,,,,,,,,,,,,,,,0.928,0.939,0.011853448,,,,,,
30/06/1985,0.038,0.074,0.061,,,,,,,,,,,,,,,,,,0.926,0.939,0.014038877,,,,,,
31/07/1985,0.036,0.074,0.061,,,,,,,,,,,,,,,,,,0.926,0.939,0.014038877,,,,,,
31/08/1985,0.033,0.071,0.061,,,,,,,,,,,,,,,,,,0.929,0.939,0.010764263,,,,,,
30/09/1985,0.031,0.071,0.061,,,,,,,,,,,,,,,,,,0.929,0.939,0.010764263,,,,,,
31/10/1985,0.032,0.071,0.061,,,,,,,,,,,,,,,,,,0.929,0.939,0.010764263,,,,,,
30/11/1985,0.035,0.07,0.061,,,,,,,,,,,,,,,,,,0.93,0.939,0.009677419,,,,,,
31/12/1985,0.038,0.07,0.061,,,,,,,,,,,,,,,,,,0.93,0.939,0.009677419,,,,,,
31/01/1986,0.039,0.067,0.061,,,,,,,,,,,,,,,,,,0.933,0.939,0.006430868,,,,,,
28/02/1986,0.031,0.072,0.061,,,,,,,,,,,,,,,,,,0.928,0.939,0.011853448,,,,,,
31/03/1986,0.023,0.072,0.061,,,,,,,,,,,,,,,,,,0.928,0.939,0.011853448,,,,,,
30/04/1986,0.016,0.071,0.061,,,,,,,,,,,,,,,,,,0.929,0.939,0.010764263,,,,,,
31/05/1986,0.015,0.072,0.061,,,,,,,,,,,,,,,,,,0.928,0.939,0.011853448,,,,,,
30/06/1986,0.018,0.072,0.061,,,,,,,,,,,,,,,,,,0.928,0.939,0.011853448,,,,,,
31/07/1986,0.016,0.07,0.06,,,,,,,,,,,,,,,,,,0.93,0.94,0.010752688,,,,,,
31/08/1986,0.016,0.069,0.06,,,,,,,,,,,,,,,,,,0.931,0.94,0.009667025,,,,,,
30/09/1986,0.018,0.07,0.06,,,,,,,,,,,,,,,,,,0.93,0.94,0.010752688,,,,,,
31/10/1986,0.015,0.07,0.06,,,,,,,,,,,,,,,,,,0.93,0.94,0.010752688,,,,,,
30/11/1986,0.013,0.069,0.06,,,,,,,,,,,,,,,,,,0.931,0.94,0.009667025,,,,,,
31/12/1986,0.011,0.066,0.06,,,,,,,,,,,,,,,,,,0.934,0.94,0.006423983,,,,,,
31/01/1987,0.015,0.066,0.06,,,,,,,,,,,,,,,,,,0.934,0.94,0.006423983,,,,,,
28/02/1987,0.021,0.066,0.06,,,,,,,,,,,,,,,,,,0.934,0.94,0.006423983,,,,,,
31/03/1987,0.03,0.066,0.06,,,,,,,,,,,,,,,,,,0.934,0.94,0.006423983,,,,,,
30/04/1987,0.038,0.063,0.06,,,,,,,,,,,,,,,,,,0.937,0.94,0.003201708,,,,,,
31/05/1987,0.039,0.063,0.06,,,,,,,,,,,,,,,,,,0.937,0.94,0.003201708,,,,,,
30/06/1987,0.037,0.062,0.06,,,,,,,,,,,,,,,,,,0.938,0.94,0.002132196,,,,,,
31/07/1987,0.039,0.061,0.06,,,,,,,,,,,,,,,,,,0.939,0.94,0.001064963,,,,,,
31/08/1987,0.043,0.06,0.06,,,,,,,,,,,,,,,,,,0.94,0.94,0,,,,,,
30/09/1987,0.044,0.059,0.06,,,,,,,,,,,,,,,,,,0.941,0.94,-0.001062699,,,,,,
31/10/1987,0.045,0.06,0.06,,,,,,,,,,,,,,,,,,0.94,0.94,0,,,,,,
30/11/1987,0.045,0.058,0.06,,,,,,,,,,,,,,,,,,0.942,0.94,-0.002123142,,,,,,
31/12/1987,0.044,0.057,0.06,,,,,,,,,,,,,,,,,,0.943,0.94,-0.003181336,,,,,,
31/01/1988,0.04,0.057,0.06,,,,,,,,,,,,,,,,,,0.943,0.94,-0.003181336,,,,,,
29/02/1988,0.039,0.057,0.06,,,,,,,,,,,,,,,,,,0.943,0.94,-0.003181336,,,,,,
31/03/1988,0.039,0.057,0.06,,,,,,,,,,,,,,,,,,0.943,0.94,-0.003181336,,,,,,
30/04/1988,0.039,0.054,0.06,,,,,,,,,,,,,,,,,,0.946,0.94,-0.006342495,,,,,,
31/05/1988,0.039,0.056,0.06,,,,,,,,,,,,,,,,,,0.944,0.94,-0.004237288,,,,,,
30/06/1988,0.04,0.054,0.06,,,,,,,,,,,,,,,,,,0.946,0.94,-0.006342495,,,,,,
31/07/1988,0.041,0.054,0.06,,,,,,,,,,,,,,,,,,0.946,0.94,-0.006342495,,,,,,
31/08/1988,0.04,0.056,0.06,,,,,,,,,,,,,,,,,,0.944,0.94,-0.004237288,,,,,,
30/09/1988,0.042,0.054,0.06,,,,,,,,,,,,,,,,,,0.946,0.94,-0.006342495,,,,,,
31/10/1988,0.042,0.054,0.06,,,,,,,,,,,,,,,,,,0.946,0.94,-0.006342495,,,,,,
30/11/1988,0.042,0.053,0.06,,,,,,,,,,,,,,,,,,0.947,0.94,-0.007391763,,,,,,
31/12/1988,0.044,0.053,0.059,,,,,,,,,,,,,,,,,,0.947,0.9409,-0.006441394,,,,,,
31/01/1989,0.047,0.054,0.059,,,,,,,,,,,,,,,,,,0.946,0.9409,-0.005391121,,,,,,
28/02/1989,0.048,0.052,0.059,,,,,,,,,,,,,,,,,,0.948,0.9409,-0.007489451,,,,,,
31/03/1989,0.05,0.05,0.059,,,,,,,,,,,,,,,,,,0.95,0.9409,-0.009578947,,,,,,
30/04/1989,0.051,0.052,0.059,,,,,,,,,,,,,,,,,,0.948,0.9409,-0.007489451,,,,,,
31/05/1989,0.054,0.052,0.059,,,,,,,,,,,,,,,,,,0.948,0.9409,-0.007489451,,,,,,
30/06/1989,0.052,0.053,0.059,,,,,,,,,,,,,,,,,,0.947,0.9409,-0.006441394,,,,,,
31/07/1989,0.05,0.052,0.059,,,,,,,,,,,,,,,,,,0.948,0.9409,-0.007489451,,,,,,
31/08/1989,0.047,0.052,0.059,,,,,,,,,,,,,,,,,,0.948,0.9409,-0.007489451,,,,,,
30/09/1989,0.043,0.053,0.059,,,,,,,,,,,,,,,,,,0.947,0.9409,-0.006441394,,,,,,
31/10/1989,0.045,0.053,0.059,,,,,,,,,,,,,,,,,,0.947,0.9412,-0.006124604,,,,,,
30/11/1989,0.047,0.054,0.059,,,,,,,,,,,,,,,,,,0.946,0.9412,-0.005073996,,,,,,
31/12/1989,0.046,0.054,0.059,,,,,,,,,,,,,,,,,,0.946,0.9412,-0.005073996,,,,,,
31/01/1990,0.052,0.054,0.059,,,,,,,,,,,,,,,,,,0.946,0.9413,-0.004968288,,,,,,
28/02/1990,0.053,0.053,0.059,,,,,,,,,,,,,,,,,,0.947,0.9413,-0.006019007,,,,,,
31/03/1990,0.052,0.052,0.059,,,,,,,,,,,,,,,,,,0.948,0.9413,-0.007067511,,,,,,
30/04/1990,0.047,0.054,0.059,,,,,,,,,,,,,,,,,,0.946,0.9414,-0.004862579,,,,,,
31/05/1990,0.044,0.054,0.059,,,,,,,,,,,,,,,,,,0.946,0.9414,-0.004862579,,,,,,
30/06/1990,0.047,0.052,0.059,,,,,,,,,,,,,,,,,,0.948,0.9414,-0.006962025,,,,,,
31/07/1990,0.048,0.055,0.058,,,,,,,,,,,,,,,,,,0.945,0.9416,-0.003597884,,,,,,
31/08/1990,0.056,0.057,0.058,,,,,,,,,,,,,,,,,,0.943,0.9416,-0.001484624,,,,,,
30/09/1990,0.062,0.059,0.058,,,,,,,,,,,,,,,,,,0.941,0.9416,0.00063762,,,,,,
31/10/1990,0.063,0.059,0.058,,,,,,,,,,,,,,,,,,0.941,0.9418,0.000850159,,,,,,
30/11/1990,0.063,0.062,0.058,,,,,,,,,,,,,,,,,,0.938,0.9418,0.004051173,,,,,,
31/12/1990,0.061,0.063,0.058,,,,,,,,,,,,,,,,,,0.937,0.9418,0.005122732,,,,,,
31/01/1991,0.057,0.064,0.058,,,,,,,,,,,,,,,,,,0.936,0.9421,0.006517094,,,,,,
28/02/1991,0.053,0.066,0.058,,,,,,,,,,,,,,,,,,0.934,0.9421,0.008672377,,,,,,
31/03/1991,0.049,0.068,0.058,,,,,,,,,,,,,,,,,,0.932,0.9421,0.01083691,,,,,,
30/04/1991,0.049,0.067,0.058,,,,,,,,,,,,,,,,,,0.933,0.9423,0.009967846,,,,,,
31/05/1991,0.05,0.069,0.058,,,,,,,,,,,,,,,,,,0.931,0.9423,0.012137487,,,,,,
30/06/1991,0.047,0.069,0.058,,,,,,,,,,,,,,,,,,0.931,0.9423,0.012137487,,,,,,
31/07/1991,0.044,0.068,0.057,,,,,,,,,,,,,,,,,,0.932,0.9426,0.011373391,,,,,,
31/08/1991,0.038,0.069,0.057,,,,,,,,,,,,,,,,,,0.931,0.9426,0.012459721,,,,,,
30/09/1991,0.034,0.069,0.057,,,,,,,,,,,,,,,,,,0.931,0.9426,0.012459721,,,,,,
31/10/1991,0.029,0.07,0.057,,,,,,,,,,,,,,,,,,0.93,0.9429,0.013870968,,,,,,
30/11/1991,0.03,0.07,0.057,,,,,,,,,,,,,,,,,,0.93,0.9429,0.013870968,0.025146631,,,,,
31/12/1991,0.0306,0.073,0.057,0.036,0.067,0.048,0.051,0.04,0.041,0.031,0.028,0.015,0.012,0.041,-0.023,0.008,,0.006,0.053,-0.053,0.927,0.9429,0.017152104,0.025146631,-0.01686287,20.1,156.8,37,0.09
31/01/1992,0.026,0.073,0.057,0.047,0.073,0.051,0.057,0.039,0.038,0.029,0.034,0.013,0.015,0.028,-0.027,-0.005,,0.006,0.053,-0.053,0.927,0.9432,0.017475728,-0.017175573,-0.017175573,7.5,136.8,34.8,-0.62
29/02/1992,0.0282,0.074,0.057,0.045,0.073,0.053,0.058,0.04,0.038,0.03,0.032,0.008,0.016,0.025,-0.025,-0.002,,0.006,0.053,-0.053,0.926,0.9432,0.018574514,-0.018235793,-0.018235793,12.2,130,32,-0.67
31/03/1992,0.0319,0.074,0.057,0.044,0.075,0.056,0.062,0.042,0.04,0.03,0.034,0.005,0.015,0.02,-0.025,0.018,,0.006,0.009,-0.009,0.926,0.9432,0.018574514,-0.018235793,-0.018235793,7.6,123.9,31.7,-0.93
30/04/1992,0.0318,0.074,0.056,0.044,0.076,0.055,0.061,0.038,0.038,0.03,0.038,0.004,0.016,0.023,-0.027,0.017,,0.005,0.009,-0.009,0.926,0.9436,0.019006479,-0.018651971,-0.018651971,7,124.3,36.3,-0.74
31/05/1992,0.0302,0.076,0.056,0.043,0.073,0.052,0.058,0.038,0.036,0.03,0.035,0,0.016,0.018,-0.027,0.017,,0.005,0.009,-0.009,0.924,0.9436,0.021212121,-0.020771513,-0.020771513,3.1,124.8,36.3,-1.2
30/06/1992,0.0309,0.078,0.056,0.041,0.071,0.048,0.054,0.037,0.037,0.03,0.035,0.001,0.017,0.02,-0.029,0.024,,0.005,-0.017,0.017,0.922,0.9436,0.023427332,-0.022891056,-0.022891056,1.3,121.8,36.8,-0.81
31/07/1992,0.0316,0.077,0.056,0.036,0.067,0.044,0.05,0.033,0.032,0.03,0.035,0.002,0.017,0.016,-0.029,0.028,,0.009,-0.017,0.017,0.923,0.9439,0.022643554,-0.022142176,-0.022142176,-6.7,128.4,25.8,-0.91
31/08/1992,0.0315,0.076,0.056,0.035,0.066,0.042,0.047,0.032,0.031,0.03,0.034,0.003,0.018,0.019,-0.03,0.029,,0.009,-0.017,0.017,0.924,0.9439,0.021536797,-0.021082742,-0.021082742,11,144.4,34,-0.72
30/09/1992,0.0299,0.076,0.056,0.034,0.064,0.038,0.043,0.028,0.029,0.03,0.036,0.006,0.019,0.018,-0.031,0.035,,0.009,0.044,-0.044,0.924,0.9439,0.021536797,-0.021082742,-0.021082742,21.7,155.8,57.6,-0.29
31/10/1992,0.032,0.073,0.056,0.036,0.068,0.044,0.05,0.03,0.029,0.03,0.038,0.003,0.021,0.04,-0.03,0.033,,0.009,0.044,-0.044,0.927,0.9442,0.018554477,-0.01821648,-0.01821648,13.4,143.1,60.3,-0.39
30/11/1992,0.0305,0.074,0.056,0.039,0.07,0.048,0.054,0.034,0.031,0.029,0.036,0,0.02,0.047,-0.027,0.029,,0.009,0.044,-0.044,0.926,0.9442,0.019654428,-0.019275577,-0.019275577,10.3,130.5,73,-0.91
31/12/1992,0.029,0.074,0.056,0.038,0.067,0.046,0.051,0.032,0.032,0.028,0.036,0.002,0.017,0.043,-0.027,0.036,0.052,0.009,0.027,-0.027,0.926,0.9442,0.019654428,-0.019275577,-0.019275577,15,138.2,35.8,-1.01
31/01/1993,0.0326,0.073,0.055,0.031,0.064,0.042,0.047,0.03,0.03,0.029,0.034,0.003,0.017,0.041,-0.027,0.042,0.04,0.01,0.027,-0.027,0.927,0.9446,0.018985976,-0.018632225,-0.018632225,11.2,141,35,-1.02
28/02/1993,0.0325,0.071,0.055,0.028,0.06,0.039,0.044,0.03,0.029,0.028,0.03,0.003,0.019,0.04,-0.026,0.046,0.036,0.01,0.027,-0.027,0.929,0.9446,0.01679225,-0.016514927,-0.016514927,8.4,144.1,26.1,-0.78
31/03/1993,0.0309,0.07,0.055,0.029,0.06,0.04,0.044,0.03,0.03,0.028,0.031,0.01,0.019,0.031,-0.025,0.033,0.022,0.01,-0.079,0.079,0.93,0.9446,0.015698925,-0.015456278,-0.015456278,6.8,139.2,36,-0.77
30/04/1993,0.0323,0.071,0.055,0.028,0.061,0.038,0.043,0.03,0.029,0.028,0.031,0.011,0.02,0.026,-0.027,0.035,0.027,0.01,-0.079,0.079,0.929,0.9449,0.017115178,-0.016827177,-0.016827177,8,143.3,27.8,-0.58
31/05/1993,0.0322,0.071,0.055,0.029,0.062,0.042,0.046,0.031,0.03,0.028,0.03,0.011,0.021,0.015,-0.023,0.034,0.032,0.01,-0.079,0.079,0.929,0.9449,0.017115178,-0.016827177,-0.016827177,5.2,135.5,31.5,0
30/06/1993,0.03,0.07,0.055,0.028,0.058,0.04,0.044,0.031,0.031,0.028,0.027,0.012,0.021,0.007,-0.021,0.03,0.014,0.01,-0.195,0.195,0.93,0.9449,0.016021505,-0.015768864,-0.015768864,-3.7,133.6,28.3,-0.11
31/07/1993,0.0278,0.069,0.055,0.031,0.058,0.041,0.045,0.031,0.03,0.028,0.027,0.015,0.021,0.009,-0.021,0.027,0.008,0.012,-0.195,0.195,0.931,0.9452,0.015252417,-0.015023275,-0.015023275,-4,131.6,28.3,-0.73
31/08/1993,0.0277,0.068,0.055,0.027,0.055,0.039,0.042,0.031,0.03,0.028,0.024,0.016,0.019,0.011,-0.019,0.03,0.018,0.012,-0.195,0.195,0.932,0.9452,0.01416309,-0.013965298,-0.013965298,-5.7,139.7,24,-1.17
30/09/1993,0.0269,0.067,0.055,0.027,0.054,0.039,0.042,0.03,0.03,0.027,0.024,0.021,0.02,0.015,-0.019,0.025,0.022,0.012,-0.178,0.178,0.933,0.9452,0.013076099,-0.012907321,-0.012907321,4.5,142.4,45.5,-0.99
31/10/1993,0.0275,0.068,0.054,0.027,0.054,0.04,0.043,0.031,0.03,0.027,0.023,0.024,0.019,0.02,-0.018,0.025,0.019,0.012,-0.178,0.178,0.932,0.9456,0.014592275,-0.014382403,-0.014382403,-3.2,137,40.8,-0.61
30/11/1993,0.0268,0.066,0.054,0.032,0.058,0.042,0.046,0.032,0.031,0.027,0.026,0.023,0.018,0.018,-0.019,0.02,0.02,0.012,-0.178,0.178,0.934,0.9456,0.0124197,-0.012267343,-0.012267343,-10.9,130.2,36,0.03
31/12/1993,0.0275,0.065,0.054,0.031,0.058,0.043,0.046,0.031,0.031,0.027,0.028,0.019,0.017,0.015,-0.019,0.024,0.017,0.012,-0.13,0.13,0.935,0.9456,0.011336898,-0.011209814,-0.011209814,-13.9,128,36.5,-0.35
31/01/1994,0.0252,0.066,0.054,0.032,0.057,0.041,0.044,0.031,0.03,0.027,0.027,0.017,0.018,0.016,-0.019,0.022,0.021,0.012,-0.13,0.13,0.934,0.9459,0.012740899,-0.012580611,-0.012580611,-21.9,123.8,29,-0.63
28/02/1994,0.0252,0.066,0.054,0.036,0.062,0.047,0.05,0.035,0.033,0.027,0.027,0.016,0.018,0.018,-0.019,0.018,0.022,0.012,-0.13,0.13,0.934,0.9459,0.012740899,-0.012580611,-0.012580611,-42.4,114,39,-0.71
31/03/1994,0.0251,0.065,0.054,0.043,0.068,0.052,0.057,0.036,0.035,0.027,0.032,0.016,0.016,0.024,-0.02,0.02,0.02,0.012,-0.122,0.122,0.935,0.9459,0.011657754,-0.011523417,-0.011523417,-30.5,121.9,45.8,-0.47
30/04/1994,0.0236,0.064,0.054,0.047,0.071,0.057,0.062,0.04,0.037,0.029,0.031,0.01,0.015,0.032,-0.018,0.017,0.016,0.012,-0.122,0.122,0.936,0.9462,0.010897436,-0.010779962,-0.010779962,-26.7,122,44.3,-0.54
31/05/1994,0.0229,0.061,0.054,0.049,0.072,0.06,0.064,0.043,0.041,0.028,0.029,0.01,0.014,0.033,-0.015,0.015,0.018,0.012,-0.122,0.122,0.939,0.9462,0.007667732,-0.007609385,-0.007609385,-27.9,124.7,46.5,-0.67
30/06/1994,0.0249,0.061,0.054,0.048,0.073,0.062,0.065,0.043,0.041,0.028,0.031,0.013,0.014,0.034,-0.015,0.024,0.014,0.012,-0.07,0.07,0.939,0.9462,0.007667732,-0.007609385,-0.007609385,-32.6,120.2,72.5,-1.14
31/07/1994,0.0277,0.061,0.054,0.043,0.071,0.06,0.063,0.044,0.043,0.029,0.027,0.012,0.006,0.037,-0.015,0.029,0.026,0.012,-0.07,0.07,0.939,0.9465,0.00798722,-0.00792393,-0.00792393,-29.3,120.4,60.5,-0.71
31/08/1994,0.029,0.06,0.054,0.043,0.072,0.062,0.064,0.047,0.045,0.028,0.025,0.014,0.008,0.03,-0.013,0.029,0.027,0.012,-0.07,0.07,0.94,0.9465,0.006914894,-0.006867406,-0.006867406,-25,118.4,44,-0.97
30/09/1994,0.0296,0.059,0.054,0.047,0.076,0.066,0.069,0.048,0.046,0.028,0.028,0.018,0.012,0.03,-0.013,0.026,0.011,0.012,-0.174,0.174,0.941,0.9465,0.005844846,-0.005810882,-0.005810882,-38.9,116,83,-1.01
31/10/1994,0.0261,0.058,0.053,0.052,0.078,0.068,0.071,0.052,0.05,0.028,0.026,0.016,0.008,0.04,-0.012,0.021,0.016,0.012,-0.174,0.174,0.942,0.9467,0.004989384,-0.004964614,-0.004964614,-29,118.6,59.5,-0.34
30/11/1994,0.0267,0.056,0.053,0.052,0.079,0.074,0.076,0.057,0.053,0.028,0.022,0.017,0.004,0.041,-0.007,0.021,0.004,0.012,-0.174,0.174,0.944,0.9467,0.002860169,-0.002852012,-0.002852012,-24.2,123.9,62.8,-0.52
31/12/1994,0.0267,0.055,0.053,0.052,0.078,0.077,0.078,0.057,0.056,0.029,0.022,0.024,0.002,0.046,-0.003,0.02,0.01,0.012,-0.069,0.069,0.945,0.9467,0.001798942,-0.001795711,-0.001795711,-18.9,127.7,97,-0.35
31/01/1995,0.028,0.056,0.053,0.048,0.076,0.073,0.074,0.06,0.057,0.028,0.016,0.027,0.001,0.043,-0.005,0.023,0.015,0.012,-0.069,0.069,0.944,0.947,0.003177966,-0.003167899,-0.003167899,-23.5,127.3,48.3,-0.5
28/02/1995,0.0286,0.054,0.053,0.044,0.072,0.068,0.069,0.059,0.058,0.027,0.013,0.031,0.001,0.033,-0.005,0.027,0.002,0.012,-0.069,0.069,0.946,0.947,0.001057082,-0.001055966,-0.001055966,-26.9,123.9,49,-1.31
31/03/1995,0.0285,0.054,0.053,0.043,0.072,0.068,0.069,0.059,0.057,0.027,0.013,0.036,0.001,0.033,-0.005,0.02,0.006,0.012,-0.059,0.059,0.946,0.947,0.001057082,-0.001055966,-0.001055966,-27.4,124.4,55,-1.17
30/04/1995,0.0305,0.058,0.053,0.04,0.071,0.066,0.067,0.059,0.057,0.026,0.012,0.037,0.001,0.038,-0.006,0.023,0.009,0.012,-0.059,0.059,0.942,0.9473,0.005626327,-0.005594849,-0.005594849,-22.4,121.1,49.8,-1.15
31/05/1995,0.0319,0.056,0.053,0.031,0.063,0.059,0.06,0.058,0.057,0.025,0.005,0.038,0.001,0.03,-0.005,0.031,0.008,0.012,-0.059,0.059,0.944,0.9473,0.003495763,-0.003483585,-0.003483585,-33.4,132.7,43.3,-1.25
30/06/1995,0.0304,0.056,0.053,0.032,0.062,0.058,0.059,0.056,0.055,0.025,0.006,0.043,0.001,0.028,-0.005,0.018,0.02,0.012,-0.061,0.061,0.944,0.9473,0.003495763,-0.003483585,-0.003483585,-13.2,134.9,61.9,-0.88
31/07/1995,0.0276,0.057,0.053,0.037,0.065,0.059,0.06,0.056,0.054,0.024,0.009,0.043,0.006,0.023,-0.007,0.013,0.009,0.011,-0.061,0.061,0.943,0.9475,0.004772004,-0.00474934,-0.00474934,-31.1,127.1,45.5,-0.81
31/08/1995,0.0262,0.057,0.053,0.037,0.063,0.059,0.06,0.055,0.054,0.024,0.008,0.04,0.005,0.026,-0.005,0.013,0.009,0.011,-0.061,0.061,0.943,0.9475,0.004772004,-0.00474934,-0.00474934,-19.9,128.9,59.3,-1.17
30/09/1995,0.0254,0.056,0.053,0.036,0.062,0.058,0.059,0.054,0.053,0.023,0.008,0.04,0.002,0.032,-0.004,0.015,0.021,0.011,-0.035,0.035,0.944,0.9475,0.003707627,-0.003693931,-0.003693931,-16.6,127.9,71.3,-1.3
31/10/1995,0.0281,0.055,0.052,0.032,0.06,0.056,0.057,0.055,0.053,0.023,0.006,0.041,0.005,0.037,-0.005,0.02,0.012,0.011,-0.035,0.035,0.945,0.9477,0.002857143,-0.002849003,-0.002849003,-12.8,136.4,61.8,-0.94
30/11/1995,0.0261,0.056,0.052,0.032,0.058,0.054,0.054,0.055,0.054,0.023,0.003,0.042,0.003,0.029,-0.004,0.02,0.017,0.011,-0.035,0.035,0.944,0.9477,0.003919492,-0.003904189,-0.003904189,-3.8,141.6,55.5,-0.53
31/12/1995,0.0254,0.056,0.052,0.03,0.056,0.052,0.053,0.051,0.051,0.022,0.005,0.044,0.002,0.029,-0.005,0.016,0.019,0.011,0.07,-0.07,0.944,0.9477,0.003919492,-0.003904189,-0.003904189,-4.5,143.6,66.5,-0.82
31/01/1996,0.0273,0.056,0.052,0.029,0.056,0.049,0.051,0.051,0.05,0.023,0.006,0.042,0.003,0.032,-0.008,0.018,0.015,0.012,0.07,-0.07,0.944,0.9479,0.004131356,-0.004114358,-0.004114358,-9.2,142.2,46.5,-0.55
29/02/1996,0.0265,0.055,0.052,0.035,0.061,0.054,0.056,0.05,0.048,0.022,0.011,0.041,0.004,0.021,-0.008,0.011,0.019,0.012,0.07,-0.07,0.945,0.9479,0.003068783,-0.003059394,-0.003059394,-33,132.2,41.5,-1.32
31/03/1996,0.0284,0.055,0.052,0.035,0.063,0.058,0.059,0.051,0.05,0.022,0.012,0.037,0.005,0.022,-0.007,0.014,0.02,0.012,-0.009,0.009,0.945,0.9479,0.003068783,-0.003059394,-0.003059394,-34.2,128.2,47.3,-1.01
30/04/1996,0.029,0.056,0.052,0.038,0.067,0.06,0.062,0.051,0.05,0.022,0.015,0.035,0.004,0.032,-0.008,0.011,0.03,0.012,-0.009,0.009,0.944,0.9481,0.00434322,-0.004324438,-0.004324438,-29.1,127.3,47.4,-0.88
31/05/1996,0.0289,0.056,0.052,0.04,0.069,0.063,0.064,0.052,0.05,0.021,0.017,0.032,0.004,0.029,-0.008,0.009,0.024,0.012,-0.009,0.009,0.944,0.9481,0.00434322,-0.004324438,-0.004324438,-31.5,122.3,46,-0.97
30/06/1996,0.0275,0.053,0.052,0.04,0.067,0.061,0.063,0.052,0.051,0.021,0.016,0.03,0.003,0.028,-0.008,0.023,0.016,0.012,-0.037,0.037,0.947,0.9481,0.001161563,-0.001160215,-0.001160215,-27.5,128.2,54.2,-1.38
31/07/1996,0.0295,0.055,0.052,0.038,0.068,0.062,0.064,0.053,0.052,0.022,0.015,0.029,0.004,0.03,-0.008,0.025,0.028,0.011,-0.037,0.037,0.945,0.9483,0.003492063,-0.003479911,-0.003479911,-32.7,129.8,49.6,-0.97
31/08/1996,0.0288,0.051,0.052,0.041,0.07,0.063,0.065,0.053,0.051,0.022,0.017,0.032,0.008,0.028,-0.008,0.023,0.018,0.011,-0.037,0.037,0.949,0.9483,-0.000737619,0.000738163,0.000738163,-39.9,127,41.3,-1.35
30/09/1996,0.03,0.052,0.052,0.037,0.067,0.061,0.063,0.051,0.051,0.022,0.016,0.031,0.009,0.027,-0.008,0.027,0.02,0.011,-0.078,0.078,0.948,0.9483,0.000316456,-0.000316356,-0.000316356,-39.1,125,71.5,-1.39
31/10/1996,0.0299,0.052,0.052,0.034,0.064,0.058,0.059,0.052,0.05,0.021,0.012,0.031,0.008,0.033,-0.008,0.03,0.035,0.012,-0.078,0.078,0.948,0.9485,0.000527426,-0.000527148,-0.000527148,-33.3,129.8,47,-1.6
30/11/1996,0.0326,0.054,0.052,0.028,0.061,0.056,0.057,0.051,0.05,0.02,0.009,0.033,0.009,0.028,-0.006,0.035,0.042,0.012,-0.078,0.078,0.946,0.9485,0.002642706,-0.002635741,-0.002635741,-29.6,134.6,50,-1.56
31/12/1996,0.0332,0.054,0.052,0.031,0.064,0.059,0.06,0.052,0.049,0.02,0.012,0.035,0.006,0.036,-0.007,0.036,0.025,0.012,-0.055,0.055,0.946,0.9485,0.002642706,-0.002635741,-0.002635741,-40.8,127,49.3,-0.89
31/01/1997,0.0304,0.053,0.051,0.035,0.065,0.059,0.061,0.052,0.05,0.02,0.014,0.033,0.007,0.03,-0.007,0.031,0.021,0.012,-0.055,0.055,0.947,0.9487,0.001795143,-0.001791926,-0.001791926,-30.8,128.5,54.3,-1.21
28/02/1997,0.0303,0.052,0.051,0.035,0.066,0.061,0.062,0.052,0.05,0.019,0.013,0.033,0.007,0.029,-0.006,0.03,0.036,0.012,-0.055,0.055,0.948,0.9487,0.000738397,-0.000737852,-0.000737852,-45.4,119.1,44.9,-1.53
31/03/1997,0.0276,0.052,0.051,0.042,0.069,0.065,0.066,0.054,0.051,0.019,0.016,0.033,0.006,0.026,-0.006,0.025,0.023,0.012,-0.07,0.07,0.948,0.9487,0.000738397,-0.000737852,-0.000737852,-48.2,120.5,54.3,-0.97
30/04/1997,0.025,0.051,0.051,0.042,0.067,0.063,0.064,0.053,0.052,0.02,0.014,0.031,0.005,0.037,-0.006,0.025,0.015,0.013,-0.07,0.07,0.949,0.9489,-0.000105374,0.000105385,0.000105385,-41.2,123.1,67.6,-0.18
31/05/1997,0.0224,0.049,0.051,0.044,0.067,0.062,0.064,0.05,0.051,0.018,0.017,0.03,0.004,0.04,-0.006,0.021,0.01,0.013,-0.07,0.07,0.951,0.9489,-0.002208202,0.002213089,0.002213089,-43.3,115.8,99.3,-0.51
30/06/1997,0.023,0.05,0.051,0.042,0.065,0.061,0.063,0.053,0.049,0.017,0.013,0.03,0.007,0.042,-0.006,0.019,0.02,0.013,-0.057,0.057,0.95,0.9489,-0.001157895,0.001159237,0.001159237,-52.3,116,83.8,-1.02
31/07/1997,0.0223,0.049,0.051,0.038,0.06,0.057,0.058,0.053,0.051,0.016,0.008,0.031,0.006,0.038,-0.003,0.023,0.02,0.013,-0.057,0.057,0.951,0.949,-0.002103049,0.002107482,0.002107482,-49.9,121.6,59.7,-1.01
31/08/1997,0.0223,0.048,0.051,0.041,0.063,0.06,0.061,0.052,0.051,0.016,0.011,0.033,0.005,0.032,-0.005,0.019,0.021,0.013,-0.057,0.057,0.952,0.949,-0.003151261,0.003161222,0.003161222,-48.5,116.2,61.9,-0.88
30/09/1997,0.0215,0.049,0.051,0.04,0.061,0.058,0.059,0.051,0.05,0.016,0.011,0.032,0.006,0.037,-0.004,0.025,0.022,0.013,-0.07,0.07,0.951,0.949,-0.002103049,0.002107482,0.002107482,-54.6,117,84,-0.77
31/10/1997,0.0208,0.047,0.051,0.038,0.058,0.056,0.057,0.052,0.05,0.016,0.006,0.032,0.011,0.039,-0.003,0.027,0.016,0.013,-0.07,0.07,0.953,0.9491,-0.00409234,0.004109156,0.004109156,-39.4,133.9,68,-0.87
30/11/1997,0.0183,0.046,0.051,0.04,0.059,0.058,0.058,0.052,0.051,0.016,0.006,0.034,0.009,0.037,-0.001,0.024,0.007,0.013,-0.07,0.07,0.954,0.9491,-0.005136268,0.005162786,0.005162786,-32.3,132.7,82.2,-0.08
31/12/1997,0.017,0.047,0.051,0.04,0.058,0.057,0.057,0.054,0.052,0.016,0.004,0.036,0.008,0.039,-0.001,0.021,0.022,0.013,0.018,-0.018,0.953,0.9491,-0.00409234,0.004109156,0.004109156,-40.2,132.5,59.3,-0.83
31/01/1998,0.0157,0.046,0.051,0.04,0.055,0.053,0.054,0.052,0.05,0.016,0.003,0.038,0.006,0.034,-0.002,0.022,0.016,0.013,0.018,-0.018,0.954,0.9493,-0.004926625,0.004951017,0.004951017,-34.2,138.6,56.5,-0.42
28/02/1998,0.0144,0.046,0.051,0.042,0.056,0.056,0.056,0.053,0.051,0.015,0.003,0.038,0.005,0.032,-0.001,0.018,0.012,0.013,0.018,-0.018,0.954,0.9493,-0.004926625,0.004951017,0.004951017,-32.3,134.1,50,-1.06
31/03/1998,0.0138,0.047,0.051,0.043,0.057,0.056,0.056,0.052,0.05,0.015,0.005,0.037,0.004,0.034,-0.001,0.018,0.016,0.013,-0.071,0.071,0.953,0.9493,-0.003882476,0.003897609,0.003897609,-36.9,132.8,69.1,-1.34
30/04/1998,0.0144,0.043,0.051,0.042,0.057,0.056,0.056,0.05,0.05,0.014,0.007,0.036,0.004,0.036,-0.001,0.019,0.002,0.013,-0.071,0.071,0.957,0.9494,-0.007941484,0.008005056,0.008005056,-44.9,122,84.9,-1.01
31/05/1998,0.0169,0.044,0.051,0.039,0.056,0.055,0.055,0.05,0.05,0.014,0.005,0.035,0.005,0.036,0,0.022,0.014,0.013,-0.071,0.071,0.956,0.9494,-0.006903766,0.006951759,0.006951759,-39.8,122.8,79.8,-0.3
30/06/1998,0.0168,0.045,0.051,0.038,0.054,0.055,0.055,0.051,0.05,0.014,0.003,0.036,0.006,0.036,0.001,0.019,0.014,0.013,0,0,0.955,0.9494,-0.005863874,0.005898462,0.005898462,-38.3,132.4,74.9,-0.22
31/07/1998,0.0168,0.045,0.051,0.038,0.055,0.055,0.055,0.051,0.05,0.014,0.004,0.037,0.006,0.037,0,0.017,0.009,0.013,0,0,0.955,0.9495,-0.005759162,0.005792522,0.005792522,-32.9,138.3,71.8,-0.83
31/08/1998,0.0162,0.045,0.051,0.034,0.051,0.049,0.049,0.05,0.049,0.015,0.001,0.038,0.007,0.038,-0.001,0.023,0.017,0.013,0,0,0.955,0.9495,-0.005759162,0.005792522,0.005792522,3.5,202.8,84.5,0.43
30/09/1998,0.0149,0.046,0.051,0.03,0.044,0.043,0.043,0.044,0.046,0.016,0.001,0.04,0.007,0.04,-0.001,0.028,0.032,0.013,0.364,-0.364,0.954,0.9495,-0.004716981,0.004739336,0.004739336,1.1,213.7,105.3,1.25
31/10/1998,0.0149,0.045,0.05,0.032,0.046,0.041,0.042,0.043,0.04,0.016,0.003,0.04,0.01,0.042,-0.006,0.026,0.033,0.013,0.364,-0.364,0.955,0.9496,-0.00565445,0.005686605,0.005686605,13.4,228.5,99,1.73
30/11/1998,0.0155,0.044,0.05,0.032,0.047,0.045,0.045,0.046,0.044,0.014,0.002,0.037,0.011,0.04,-0.002,0.024,0.037,0.013,0.364,-0.364,0.956,0.9496,-0.006694561,0.00673968,0.00673968,15.6,202.1,86.3,1.53
31/12/1998,0.0161,0.044,0.05,0.03,0.047,0.045,0.046,0.045,0.044,0.014,0.002,0.038,0.009,0.039,-0.001,0.034,0.026,0.013,0.074,-0.074,0.956,0.9496,-0.006694561,0.00673968,0.00673968,1,198.5,69.6,1.34
31/01/1999,0.0167,0.043,0.05,0.03,0.047,0.046,0.046,0.045,0.043,0.013,0.002,0.038,0.009,0.035,-0.001,0.034,0.034,0.012,0.074,-0.074,0.957,0.9497,-0.007628004,0.007686638,0.007686638,1.5,194.7,60,1
28/02/1999,0.0161,0.044,0.05,0.037,0.053,0.051,0.052,0.047,0.044,0.013,0.006,0.037,0.01,0.032,-0.002,0.027,0.02,0.012,0.074,-0.074,0.956,0.9497,-0.006589958,0.006633674,0.006633674,-23.3,180.9,47.6,0.91
31/03/1999,0.0173,0.042,0.05,0.035,0.053,0.05,0.051,0.045,0.044,0.013,0.008,0.035,0.01,0.03,-0.003,0.026,0.019,0.012,0.1,-0.1,0.958,0.9497,-0.008663883,0.008739602,0.008739602,-18.8,170.6,63,-0.15
30/04/1999,0.0228,0.043,0.05,0.031,0.054,0.051,0.052,0.046,0.043,0.012,0.008,0.033,0.01,0.035,-0.004,0.03,0.031,0.012,0.1,-0.1,0.957,0.9497,-0.007628004,0.007686638,0.007686638,-23.9,164.2,55.9,-0.5
31/05/1999,0.0209,0.042,0.05,0.036,0.056,0.054,0.055,0.047,0.045,0.012,0.01,0.032,0.009,0.028,-0.003,0.026,0.026,0.012,0.1,-0.1,0.958,0.9497,-0.008663883,0.008739602,0.008739602,-23.5,168.3,53.6,-0.44
30/06/1999,0.0196,0.043,0.05,0.038,0.058,0.055,0.056,0.048,0.046,0.012,0.01,0.03,0.009,0.032,-0.003,0.021,0.014,0.012,0.054,-0.054,0.957,0.9497,-0.007628004,0.007686638,0.007686638,-18.3,171.4,71.8,0.29
31/07/1999,0.0214,0.043,0.05,0.038,0.059,0.056,0.057,0.048,0.046,0.012,0.012,0.028,0.009,0.036,-0.004,0.021,0.025,0.013,0.054,-0.054,0.957,0.9497,-0.007628004,0.007686638,0.007686638,-13.3,178,72.3,-0.28
31/08/1999,0.0226,0.042,0.05,0.037,0.06,0.057,0.058,0.05,0.047,0.012,0.01,0.029,0.008,0.036,-0.003,0.022,0.02,0.013,0.054,-0.054,0.958,0.9497,-0.008663883,0.008739602,0.008739602,-9.1,199,68,0.54
30/09/1999,0.0263,0.042,0.05,0.033,0.059,0.056,0.057,0.049,0.047,0.012,0.01,0.03,0.007,0.036,-0.003,0.027,0.013,0.013,0.091,-0.091,0.958,0.9497,-0.008663883,0.008739602,0.008739602,5,204.2,134.4,0.69
31/10/1999,0.0256,0.041,0.05,0.035,0.06,0.058,0.059,0.051,0.049,0.013,0.009,0.029,0.008,0.039,-0.003,0.025,0.016,0.013,0.091,-0.091,0.959,0.9498,-0.009593326,0.00968625,0.00968625,5.6,211.4,121.5,0.93
30/11/1999,0.0262,0.041,0.05,0.036,0.062,0.06,0.061,0.053,0.051,0.012,0.009,0.03,0.007,0.038,-0.002,0.023,0.018,0.013,0.091,-0.091,0.959,0.9498,-0.009593326,0.00968625,0.00968625,1.6,206.2,96.5,0.02
31/12/1999,0.0268,0.04,0.05,0.038,0.065,0.062,0.063,0.053,0.052,0.012,0.011,0.03,0.004,0.036,-0.003,0.022,0.026,0.013,0.109,-0.109,0.96,0.9498,-0.010625,0.010739103,0.010739103,-21.1,188.8,93.4,0.43
31/01/2000,0.0274,0.04,0.05,0.039,0.067,0.066,0.067,0.058,0.053,0.012,0.009,0.028,0.003,0.033,-0.001,0.02,0.012,0.014,0.109,-0.109,0.96,0.9499,-0.010520833,0.010632698,0.010632698,-3.5,197.5,54.8,0.67
29/02/2000,0.0322,0.041,0.05,0.032,0.064,0.065,0.066,0.058,0.056,0.012,0.006,0.028,0.003,0.028,0.001,0.028,0.019,0.014,0.109,-0.109,0.959,0.9499,-0.009489051,0.009579956,0.009579956,2,213.9,48.9,0.7
31/03/2000,0.0376,0.04,0.05,0.023,0.06,0.065,0.064,0.059,0.057,0.012,0.002,0.031,0.002,0.025,0.005,0.032,0.03,0.014,0.246,-0.246,0.96,0.9499,-0.010520833,0.010632698,0.010632698,25.6,249,57,0.77
30/04/2000,0.0307,0.038,0.05,0.032,0.062,0.067,0.066,0.058,0.057,0.011,0.004,0.034,0.007,0.03,0.005,0.023,0.03,0.014,0.246,-0.246,0.962,0.9499,-0.012577963,0.012738183,0.012738183,41.7,264.7,84.3,0.69
31/05/2000,0.0319,0.04,0.05,0.031,0.063,0.067,0.067,0.056,0.058,0.012,0.007,0.034,0.014,0.035,0.004,0.024,0.03,0.014,0.246,-0.246,0.96,0.9499,-0.010520833,0.010632698,0.010632698,60.7,282.7,138.3,0.53
30/06/2000,0.0373,0.04,0.05,0.023,0.06,0.064,0.063,0.059,0.057,0.011,0.002,0.033,0.014,0.036,0.004,0.042,0.04,0.014,0.339,-0.339,0.96,0.9499,-0.010520833,0.010632698,0.010632698,65.4,282.6,105.9,0.42
31/07/2000,0.0366,0.04,0.05,0.024,0.06,0.063,0.062,0.063,0.06,0.011,-0.002,0.035,0.012,0.035,0.003,0.041,0.021,0.014,0.339,-0.339,0.96,0.9499,-0.010520833,0.010632698,0.010632698,71.4,294.5,69.2,0.48
31/08/2000,0.0341,0.041,0.05,0.023,0.057,0.062,0.061,0.063,0.061,0.011,-0.006,0.037,0.013,0.03,0.005,0.042,0.034,0.014,0.339,-0.339,0.959,0.95,-0.009384776,0.009473684,0.009473684,88,308,55,-0.58
30/09/2000,0.0345,0.039,0.05,0.023,0.058,0.06,0.059,0.062,0.06,0.011,-0.004,0.038,0.013,0.031,0.002,0.03,0.026,0.014,0.438,-0.438,0.961,0.95,-0.01144641,0.011578947,0.011578947,97.2,321.2,76.1,-0.63
31/10/2000,0.0345,0.039,0.05,0.023,0.058,0.059,0.059,0.064,0.061,0.012,-0.006,0.038,0.014,0.03,0.002,0.03,0.025,0.012,0.438,-0.438,0.961,0.95,-0.01144641,0.011578947,0.011578947,137.2,368.5,57,0.18
30/11/2000,0.0345,0.039,0.05,0.02,0.055,0.056,0.055,0.062,0.062,0.012,-0.007,0.039,0.013,0.026,0.002,0.033,0.021,0.012,0.438,-0.438,0.961,0.95,-0.01144641,0.011578947,0.011578947,144.7,379.8,68.5,0.1
31/12/2000,0.0339,0.039,0.05,0.017,0.051,0.051,0.051,0.059,0.058,0.012,-0.008,0.039,0.014,0.033,0,0.025,0.013,0.012,0.597,-0.597,0.961,0.95,-0.01144641,0.011578947,0.011578947,144.6,381.3,66.9,0.35
31/01/2001,0.0373,0.042,0.05,0.015,0.052,0.046,0.047,0.05,0.052,0.012,0.002,0.039,0.015,0.03,-0.006,0.027,0.031,0.012,0.597,-0.597,0.958,0.95,-0.008350731,0.008421053,0.008421053,103.4,341.6,56.1,0.17
28/02/2001,0.0353,0.042,0.05,0.014,0.049,0.044,0.045,0.049,0.049,0.012,0.001,0.038,0.018,0.027,-0.006,0.028,0.023,0.012,0.597,-0.597,0.958,0.95,-0.008350731,0.008421053,0.008421053,106.9,332.2,32.3,0.08
31/03/2001,0.0292,0.043,0.05,0.02,0.049,0.042,0.043,0.043,0.044,0.013,0.006,0.038,0.021,0.028,-0.009,0.017,0.014,0.012,0.509,-0.509,0.957,0.95,-0.007314525,0.007368421,0.007368421,102.1,328.5,67.9,0.91
30/04/2001,0.0327,0.044,0.05,0.021,0.054,0.043,0.046,0.04,0.039,0.013,0.014,0.034,0.018,0.037,-0.013,0.016,0.008,0.012,0.509,-0.509,0.956,0.95,-0.006276151,0.006315789,0.006315789,84,320.6,47.6,0.79
31/05/2001,0.0362,0.043,0.05,0.018,0.054,0.042,0.045,0.036,0.036,0.012,0.018,0.027,0.019,0.029,-0.015,0.018,0.013,0.012,0.509,-0.509,0.957,0.95,-0.007314525,0.007368421,0.007368421,68.5,300,44,0
30/06/2001,0.0325,0.045,0.05,0.022,0.054,0.043,0.045,0.037,0.035,0.013,0.018,0.023,0.019,0.021,-0.014,0,0.002,0.012,0.404,-0.404,0.955,0.95,-0.005235602,0.005263158,0.005263158,92.2,308.4,26.6,-0.39
31/07/2001,0.0272,0.046,0.05,0.024,0.051,0.038,0.041,0.035,0.035,0.013,0.015,0.023,0.019,0.009,-0.016,-0.001,0.006,0.013,0.404,-0.404,0.954,0.95,-0.004192872,0.004210526,0.004210526,66.8,302.9,21,-0.39
31/08/2001,0.0272,0.049,0.05,0.021,0.049,0.036,0.039,0.034,0.034,0.013,0.015,0.025,0.02,0.004,-0.015,0.002,0.011,0.013,0.404,-0.404,0.951,0.95,-0.001051525,0.001052632,0.001052632,65.2,301.7,16.3,-0.02
30/09/2001,0.0265,0.05,0.05,0.02,0.046,0.029,0.032,0.024,0.026,0.015,0.022,0.026,0.023,0.012,-0.021,0.001,0.003,0.013,0.509,-0.509,0.95,0.95,0,0,0,111.9,351.1,24,0.7
31/10/2001,0.0213,0.053,0.05,0.022,0.043,0.024,0.029,0.021,0.022,0.015,0.023,0.02,0.025,0.013,-0.023,-0.002,0.008,0.012,0.509,-0.509,0.947,0.95,0.003167899,-0.003157895,-0.003157895,92.3,340.6,19,0.86
30/11/2001,0.019,0.055,0.05,0.029,0.048,0.028,0.033,0.018,0.019,0.014,0.03,0.016,0.023,0.009,-0.024,-0.01,-0.003,0.012,0.509,-0.509,0.945,0.95,0.005291005,-0.005263158,-0.005263158,-29,296.3,28.2,0.88
31/12/2001,0.0155,0.057,0.05,0.035,0.051,0.031,0.036,0.017,0.017,0.014,0.033,0.008,0.023,0.011,-0.025,-0.019,0.011,0.012,0.454,-0.454,0.943,0.95,0.007423118,-0.007368421,-0.007368421,33.9,288.2,17.1,0.31
31/01/2002,0.0114,0.057,0.05,0.039,0.051,0.032,0.037,0.018,0.017,0.014,0.033,0.004,0.024,0.004,-0.025,-0.023,0.006,0.012,0.454,-0.454,0.943,0.95,0.007423118,-0.007368421,-0.007368421,50.3,291.9,15,-0.14
28/02/2002,0.0114,0.057,0.05,0.037,0.049,0.031,0.036,0.018,0.017,0.014,0.031,0.005,0.025,0.003,-0.024,-0.021,0.005,0.012,0.454,-0.454,0.943,0.95,0.007423118,-0.007368421,-0.007368421,70.2,292.8,14,0.15
31/03/2002,0.0148,0.057,0.05,0.039,0.054,0.037,0.043,0.018,0.018,0.014,0.036,0.006,0.023,0.003,-0.023,-0.011,0.006,0.012,0.25,-0.25,0.943,0.95,0.007423118,-0.007368421,-0.007368421,19,258.3,27,-0.42
30/04/2002,0.0164,0.059,0.05,0.035,0.051,0.032,0.038,0.018,0.017,0.014,0.033,0.002,0.023,0.011,-0.025,-0.006,0.011,0.012,0.25,-0.25,0.941,0.95,0.009564293,-0.009473684,-0.009473684,34.3,263.1,18,-0.6
31/05/2002,0.0118,0.058,0.05,0.039,0.051,0.032,0.037,0.017,0.017,0.015,0.033,0.003,0.023,0.003,-0.024,-0.01,0.001,0.012,0.25,-0.25,0.942,0.95,0.008492569,-0.008421053,-0.008421053,45.7,271.8,18.6,-0.36
30/06/2002,0.0107,0.058,0.05,0.038,0.049,0.029,0.034,0.017,0.017,0.016,0.032,0.004,0.024,0.004,-0.024,-0.008,0.012,0.012,0.214,-0.214,0.942,0.95,0.008492569,-0.008421053,-0.008421053,87.3,324.7,19,0.03
31/07/2002,0.0146,0.058,0.05,0.03,0.045,0.022,0.027,0.017,0.017,0.018,0.028,0.007,0.024,0.004,-0.027,0.002,0.029,0.013,0.214,-0.214,0.942,0.95,0.008492569,-0.008421053,-0.008421053,144.6,403.1,14.4,0.47
31/08/2002,0.018,0.057,0.05,0.023,0.041,0.021,0.025,0.017,0.016,0.017,0.025,0.011,0.025,0.005,-0.024,0.009,0.015,0.013,0.214,-0.214,0.943,0.95,0.007423118,-0.007368421,-0.007368421,135.4,393.6,14.6,0.83
30/09/2002,0.0151,0.057,0.05,0.021,0.036,0.017,0.02,0.016,0.016,0.018,0.021,0.016,0.026,0.008,-0.022,0.021,0.034,0.013,0.2,-0.2,0.943,0.95,0.007423118,-0.007368421,-0.007368421,150.9,427.3,25,1.21
31/10/2002,0.0203,0.057,0.05,0.019,0.039,0.017,0.021,0.014,0.016,0.019,0.025,0.02,0.026,0.012,-0.026,0.023,0.022,0.014,0.2,-0.2,0.943,0.95,0.007423118,-0.007368421,-0.007368421,131.8,433.7,26.6,1.35
30/11/2002,0.022,0.059,0.05,0.02,0.042,0.021,0.025,0.012,0.012,0.018,0.03,0.016,0.026,0.013,-0.026,0.021,0.03,0.014,0.2,-0.2,0.941,0.95,0.009564293,-0.009473684,-0.009473684,97.2,379.8,22.5,1.26
31/12/2002,0.0238,0.06,0.05,0.015,0.038,0.016,0.02,0.012,0.012,0.018,0.026,0.01,0.027,0.013,-0.026,0.024,0.025,0.014,0.22,-0.22,0.94,0.95,0.010638298,-0.010526316,-0.010526316,81.7,368.6,18,1.19
31/01/2003,0.026,0.058,0.05,0.014,0.04,0.017,0.022,0.012,0.012,0.018,0.028,0.011,0.027,0.009,-0.027,0.025,0.017,0.014,0.22,-0.22,0.942,0.95,0.008492569,-0.008421053,-0.008421053,80,359,19,1.23
28/02/2003,0.0298,0.059,0.05,0.007,0.037,0.015,0.019,0.012,0.012,0.019,0.025,0.011,0.027,0.007,-0.026,0.033,0.038,0.014,0.22,-0.22,0.941,0.95,0.009564293,-0.009473684,-0.009473684,55.9,343.1,16,1.36
31/03/2003,0.0302,0.059,0.05,0.008,0.038,0.015,0.019,0.011,0.011,0.019,0.027,0.013,0.027,0.004,-0.027,0.028,0.029,0.014,0.089,-0.089,0.941,0.95,0.009564293,-0.009473684,-0.009473684,2.2,318,15.9,1.41
30/04/2003,0.0222,0.06,0.05,0.017,0.039,0.015,0.02,0.011,0.011,0.018,0.028,0.012,0.027,0.006,-0.028,0.018,0.021,0.014,0.089,-0.089,0.94,0.95,0.010638298,-0.010526316,-0.010526316,-1,270,20,1.09
31/05/2003,0.0206,0.061,0.05,0.013,0.034,0.013,0.016,0.011,0.011,0.017,0.023,0.012,0.027,0.012,-0.023,0.021,0.026,0.014,0.089,-0.089,0.939,0.95,0.01171459,-0.011578947,-0.011578947,-67.8,277.4,19,1.22
30/06/2003,0.0211,0.063,0.05,0.014,0.035,0.013,0.017,0.009,0.009,0.016,0.026,0.017,0.027,0.009,-0.026,0.023,0.033,0.014,0.035,-0.035,0.937,0.95,0.013874066,-0.013684211,-0.013684211,-47.6,251.4,22.6,0.74
31/07/2003,0.0211,0.062,0.05,0.024,0.045,0.018,0.023,0.01,0.009,0.016,0.035,0.013,0.028,0.012,-0.032,0.013,0.022,0.014,0.035,-0.035,0.938,0.95,0.012793177,-0.012631579,-0.012631579,-119.2,241.8,17.4,0.35
31/08/2003,0.0216,0.061,0.05,0.023,0.045,0.02,0.025,0.01,0.01,0.017,0.035,0.005,0.028,0.009,-0.031,0.014,0.033,0.014,0.035,-0.035,0.939,0.95,0.01171459,-0.011578947,-0.011578947,-23,237.3,18,-0.5
30/09/2003,0.0232,0.061,0.05,0.016,0.04,0.015,0.02,0.01,0.009,0.016,0.03,0.002,0.027,0.01,-0.029,0.033,0.044,0.014,0,0,0.939,0.95,0.01171459,-0.011578947,-0.011578947,-63.6,239.9,23,-0.56
31/10/2003,0.0204,0.06,0.05,0.023,0.043,0.019,0.024,0.01,0.009,0.016,0.034,0.005,0.027,0.013,-0.03,0.026,0.041,0.014,0,0,0.94,0.95,0.010638298,-0.010526316,-0.010526316,-55.2,208.4,22.9,-0.46
30/11/2003,0.0177,0.058,0.05,0.026,0.043,0.021,0.026,0.009,0.009,0.016,0.034,0.004,0.027,0.013,-0.028,0.023,0.037,0.014,0,0,0.942,0.95,0.008492569,-0.008421053,-0.008421053,-57.4,199.1,26.2,-0.39
31/12/2003,0.0188,0.057,0.05,0.024,0.043,0.018,0.024,0.01,0.009,0.016,0.033,0.004,0.026,0.016,-0.03,0.037,0.031,0.014,-0.179,0.179,0.943,0.95,0.007423118,-0.007368421,-0.007368421,-51.8,190.5,22.2,-0.46
31/01/2004,0.0193,0.057,0.05,0.022,0.042,0.018,0.024,0.009,0.009,0.016,0.032,0.005,0.027,0.015,-0.028,0.038,0.032,0.014,-0.179,0.179,0.943,0.95,0.007423118,-0.007368421,-0.007368421,-74.4,178.5,23,-0.57
29/02/2004,0.0169,0.056,0.05,0.023,0.04,0.017,0.021,0.01,0.009,0.016,0.03,0.006,0.027,0.01,-0.028,0.038,0.032,0.014,-0.179,0.179,0.944,0.95,0.006355932,-0.006315789,-0.006315789,-34.4,190.7,18,-0.43
31/03/2004,0.0174,0.058,0.05,0.021,0.039,0.016,0.02,0.01,0.009,0.016,0.029,0.008,0.027,0.005,-0.027,0.04,0.046,0.014,-0.228,0.228,0.942,0.95,0.008492569,-0.008421053,-0.008421053,-54.3,192.8,18,-0.03
30/04/2004,0.0229,0.056,0.05,0.022,0.045,0.023,0.029,0.01,0.009,0.016,0.036,0.008,0.027,0.009,-0.028,0.039,0.033,0.014,-0.228,0.228,0.944,0.95,0.006355932,-0.006315789,-0.006315789,-77.6,175.4,22,0
31/05/2004,0.0305,0.056,0.05,0.016,0.047,0.025,0.031,0.011,0.01,0.017,0.036,0.002,0.027,0.01,-0.027,0.046,0.048,0.014,-0.228,0.228,0.944,0.95,0.006355932,-0.006315789,-0.006315789,-37.3,190.4,25.5,-0.19
30/06/2004,0.0327,0.056,0.05,0.014,0.046,0.027,0.032,0.013,0.013,0.016,0.033,0.001,0.026,0.01,-0.024,0.046,0.029,0.014,-0.2,0.2,0.944,0.95,0.006355932,-0.006315789,-0.006315789,-38.5,180.7,30,-0.36
31/07/2004,0.0299,0.055,0.05,0.015,0.045,0.027,0.031,0.015,0.013,0.017,0.031,0.005,0.025,0.016,-0.022,0.045,0.034,0.014,-0.2,0.2,0.945,0.95,0.005291005,-0.005263158,-0.005263158,-32.3,174.5,28,0.07
31/08/2004,0.0265,0.054,0.05,0.015,0.041,0.024,0.028,0.016,0.015,0.017,0.025,0.008,0.025,0.016,-0.021,0.046,0.031,0.014,-0.2,0.2,0.946,0.95,0.00422833,-0.004210526,-0.004210526,-45.4,186.8,23,0.2
30/09/2004,0.0254,0.054,0.05,0.016,0.041,0.026,0.029,0.017,0.017,0.017,0.024,0.012,0.024,0.014,-0.018,0.036,0.024,0.014,-0.211,0.211,0.946,0.95,0.00422833,-0.004210526,-0.004210526,-59.7,175.4,34,-0.06
31/10/2004,0.0319,0.055,0.05,0.009,0.041,0.026,0.028,0.019,0.018,0.017,0.021,0.016,0.023,0.019,-0.018,0.044,0.039,0.014,-0.211,0.211,0.945,0.95,0.005291005,-0.005263158,-0.005263158,-56.4,175.1,30,0.32
30/11/2004,0.0352,0.054,0.05,0.008,0.044,0.03,0.033,0.022,0.021,0.017,0.021,0.018,0.022,0.013,-0.016,0.043,0.034,0.014,-0.211,0.211,0.946,0.95,0.00422833,-0.004210526,-0.004210526,-68.9,154.1,21,-0.02
31/12/2004,0.0326,0.054,0.05,0.01,0.042,0.031,0.033,0.022,0.022,0.016,0.02,0.02,0.021,0.016,-0.013,0.038,0.034,0.014,-0.236,0.236,0.946,0.95,0.00422833,-0.004210526,-0.004210526,-75.6,147.2,38.4,-0.4
31/01/2005,0.0297,0.053,0.05,0.012,0.041,0.033,0.034,0.025,0.023,0.017,0.016,0.021,0.021,0.019,-0.01,0.037,0.046,0.013,-0.236,0.236,0.947,0.95,0.003167899,-0.003157895,-0.003157895,-76,169.7,27,-0.04
28/02/2005,0.0301,0.054,0.05,0.014,0.044,0.036,0.038,0.028,0.025,0.017,0.016,0.023,0.021,0.018,-0.009,0.035,0.035,0.013,-0.236,0.236,0.946,0.95,0.00422833,-0.004210526,-0.004210526,-101.8,154.2,20,0.11
31/03/2005,0.0315,0.052,0.05,0.014,0.045,0.038,0.04,0.028,0.027,0.017,0.017,0.024,0.021,0.014,-0.009,0.041,0.029,0.013,-0.241,0.241,0.948,0.95,0.002109705,-0.002105263,-0.002105263,-72.8,183.9,39,0.16
30/04/2005,0.0351,0.052,0.05,0.007,0.042,0.037,0.037,0.029,0.028,0.018,0.013,0.023,0.021,0.021,-0.006,0.048,0.044,0.013,-0.241,0.241,0.948,0.95,0.002109705,-0.002105263,-0.002105263,-52.5,211.1,37,0.65
31/05/2005,0.028,0.051,0.05,0.012,0.04,0.036,0.037,0.03,0.028,0.018,0.01,0.027,0.02,0.024,-0.005,0.043,0.026,0.013,-0.241,0.241,0.949,0.95,0.001053741,-0.001052632,-0.001052632,-41.8,208.9,40.8,0.61
30/06/2005,0.0253,0.05,0.05,0.014,0.039,0.037,0.037,0.031,0.03,0.017,0.008,0.028,0.02,0.026,-0.003,0.038,0.039,0.013,-0.167,0.167,0.95,0.95,0,0,0,-58.9,192.5,45.6,0.33
31/07/2005,0.0317,0.05,0.05,0.011,0.043,0.04,0.041,0.034,0.032,0.017,0.009,0.03,0.02,0.024,-0.003,0.041,0.035,0.014,-0.167,0.167,0.95,0.95,0,0,0,-68.6,167.2,36,-0.23
31/08/2005,0.0364,0.049,0.05,0.004,0.04,0.038,0.038,0.035,0.034,0.017,0.005,0.03,0.02,0.02,-0.002,0.049,0.044,0.014,-0.167,0.167,0.951,0.95,-0.001051525,0.001052632,0.001052632,-70.3,178.3,43,-0.3
30/09/2005,0.0469,0.05,0.05,-0.003,0.043,0.042,0.042,0.036,0.034,0.018,0.008,0.031,0.019,0.026,-0.002,0.055,0.05,0.014,-0.088,0.088,0.95,0.95,0,0,0,-57.7,180.2,59.5,0.07
31/10/2005,0.0435,0.05,0.05,0.002,0.046,0.044,0.044,0.04,0.037,0.018,0.006,0.031,0.019,0.028,-0.002,0.05,0.038,0.013,-0.088,0.088,0.95,0.95,0,0,0,-47.5,186.6,37,-0.12
30/11/2005,0.0346,0.05,0.05,0.01,0.045,0.044,0.044,0.04,0.039,0.018,0.005,0.031,0.018,0.026,-0.001,0.042,0.034,0.013,-0.088,0.088,0.95,0.95,0,0,0,-44.8,186.6,56,-1.07
31/12/2005,0.0342,0.049,0.05,0.01,0.044,0.044,0.044,0.041,0.039,0.018,0.003,0.033,0.018,0.032,0.001,0.039,0.039,0.013,-0.107,0.107,0.951,0.95,-0.001051525,0.001052632,0.001052632,-44.1,193.3,54.6,-0.47
31/01/2006,0.0399,0.047,0.05,0.005,0.045,0.045,0.045,0.045,0.042,0.018,0.001,0.034,0.018,0.025,0.001,0.043,0.035,0.013,-0.107,0.107,0.953,0.95,-0.003147954,0.003157895,0.003157895,-48.4,178.5,31,-0.4
28/02/2006,0.036,0.048,0.05,0.01,0.046,0.047,0.047,0.046,0.044,0.018,-0.001,0.036,0.017,0.018,0.002,0.039,0.034,0.013,-0.107,0.107,0.952,0.95,-0.00210084,0.002105263,0.002105263,-44.8,172.5,31.3,-0.41
31/03/2006,0.0336,0.047,0.05,0.015,0.049,0.048,0.048,0.046,0.045,0.018,0.002,0.036,0.017,0.021,-0.001,0.036,0.034,0.013,-0.123,0.123,0.953,0.95,-0.003147954,0.003157895,0.003157895,-51.9,170.4,48,-0.78
30/04/2006,0.0355,0.047,0.05,0.015,0.051,0.049,0.049,0.048,0.046,0.018,0.003,0.035,0.016,0.026,-0.002,0.036,0.026,0.013,-0.123,0.123,0.953,0.95,-0.003147954,0.003157895,0.003157895,-54.2,161.5,48,-0.98
31/05/2006,0.0417,0.046,0.05,0.01,0.051,0.05,0.05,0.049,0.047,0.018,0.003,0.035,0.016,0.026,-0.001,0.042,0.04,0.013,-0.123,0.123,0.954,0.95,-0.004192872,0.004210526,0.004210526,-43,163.8,49.8,-0.84
30/06/2006,0.0432,0.046,0.05,0.008,0.052,0.052,0.051,0.05,0.048,0.019,0.001,0.035,0.016,0.031,0,0.041,0.033,0.013,-0.089,0.089,0.954,0.95,-0.004192872,0.004210526,0.004210526,-48.6,172.9,61.1,-0.18
31/07/2006,0.0415,0.047,0.05,0.008,0.05,0.05,0.049,0.051,0.05,0.019,-0.001,0.036,0.016,0.031,0,0.041,0.028,0.014,-0.089,0.089,0.953,0.95,-0.003147954,0.003157895,0.003157895,-39,177.5,49.6,-0.35
31/08/2006,0.0382,0.047,0.05,0.009,0.047,0.048,0.047,0.051,0.05,0.019,-0.003,0.037,0.015,0.026,0.001,0.04,0.028,0.014,-0.089,0.089,0.953,0.95,-0.003147954,0.003157895,0.003157895,-41.4,178.6,47.8,-0.66
30/09/2006,0.0206,0.045,0.05,0.026,0.046,0.047,0.046,0.049,0.048,0.018,-0.003,0.037,0.015,0.029,0.002,0.015,0.014,0.014,0,0,0.955,0.95,-0.005235602,0.005263158,0.005263158,-49.7,179.2,60,-0.86
31/10/2006,0.0131,0.044,0.05,0.033,0.046,0.047,0.046,0.051,0.049,0.018,-0.005,0.037,0.016,0.027,0.002,0.007,0.005,0.014,0,0,0.956,0.95,-0.006276151,0.006315789,0.006315789,-51.5,169.7,42.1,-1.06
30/11/2006,0.0197,0.045,0.05,0.025,0.045,0.046,0.045,0.05,0.049,0.018,-0.006,0.037,0.015,0.023,0.003,0.016,0.015,0.014,0,0,0.955,0.95,-0.005235602,0.005263158,0.005263158,-48.5,167.9,47,-0.91
31/12/2006,0.0254,0.044,0.05,0.022,0.047,0.048,0.047,0.05,0.049,0.018,-0.003,0.037,0.015,0.028,0.002,0.021,0.01,0.014,0,0,0.956,0.95,-0.006276151,0.006315789,0.006315789,-60.5,158.2,47,-0.74
31/01/2007,0.0208,0.046,0.05,0.028,0.048,0.049,0.049,0.051,0.05,0.018,-0.003,0.037,0.015,0.023,0.002,0.015,0.003,0.014,0,0,0.954,0.95,-0.004192872,0.004210526,0.004210526,-65,148.8,37,-1.15
28/02/2007,0.0242,0.045,0.05,0.021,0.046,0.047,0.046,0.052,0.05,0.018,-0.006,0.037,0.016,0.018,0.002,0.021,0.013,0.014,0,0,0.955,0.95,-0.005235602,0.005263158,0.005263158,-68.5,150.6,33.8,-1.4
31/03/2007,0.0278,0.044,0.05,0.019,0.047,0.046,0.045,0.05,0.049,0.018,-0.004,0.037,0.017,0.021,0,0.012,0.001,0.014,-0.037,0.037,0.956,0.95,-0.006276151,0.006315789,0.006315789,-45.4,157.8,45,-0.1
30/04/2007,0.0257,0.045,0.05,0.021,0.046,0.046,0.045,0.049,0.049,0.018,-0.003,0.037,0.017,0.026,0,0.01,0.014,0.013,-0.037,0.037,0.955,0.95,-0.005235602,0.005263158,0.005263158,-45.3,154.3,56.5,-0.33
31/05/2007,0.0269,0.044,0.05,0.022,0.049,0.049,0.049,0.047,0.047,0.017,0.002,0.036,0.017,0.031,0.001,0.008,0.009,0.013,-0.037,0.037,0.956,0.95,-0.006276151,0.006315789,0.006315789,-69.1,146.2,76,-0.92
30/06/2007,0.0269,0.046,0.05,0.023,0.05,0.049,0.049,0.048,0.046,0.017,0.002,0.035,0.017,0.033,-0.002,0.012,0.011,0.013,0.075,-0.075,0.954,0.95,-0.004192872,0.004210526,0.004210526,-48.2,161.4,68,-0.96
31/07/2007,0.0236,0.046,0.05,0.024,0.048,0.046,0.046,0.05,0.048,0.017,-0.002,0.033,0.016,0.03,-0.002,0.011,0.012,0.012,0.075,-0.075,0.954,0.95,-0.004192872,0.004210526,0.004210526,-9.9,211.6,53.9,-0.45
31/08/2007,0.0197,0.046,0.05,0.026,0.045,0.042,0.042,0.04,0.042,0.018,0.005,0.035,0.015,0.033,-0.004,0.01,0.018,0.012,0.075,-0.075,0.954,0.95,-0.004192872,0.004210526,0.004210526,2.5,227.2,171.1,0.51
30/09/2007,0.0276,0.047,0.05,0.018,0.046,0.04,0.04,0.038,0.039,0.018,0.008,0.032,0.017,0.036,-0.007,0.024,0.026,0.012,0.192,-0.192,0.953,0.95,-0.003147954,0.003157895,0.003157895,-5.2,223.4,150.9,0.84
31/10/2007,0.0354,0.047,0.05,0.009,0.045,0.039,0.039,0.039,0.039,0.018,0.005,0.03,0.018,0.036,-0.005,0.032,0.031,0.012,0.192,-0.192,0.953,0.95,-0.003147954,0.003157895,0.003157895,-14.7,217.2,105.4,0.66
30/11/2007,0.0431,0.047,0.05,-0.003,0.04,0.03,0.031,0.032,0.033,0.019,0.008,0.03,0.018,0.036,-0.01,0.046,0.042,0.012,0.192,-0.192,0.953,0.95,-0.003147954,0.003157895,0.003157895,17.6,274.1,205.1,1.49
31/12/2007,0.0408,0.05,0.05,0,0.04,0.031,0.031,0.034,0.03,0.019,0.007,0.028,0.019,0.037,-0.01,0.039,0.048,0.012,0.322,-0.322,0.95,0.95,0,0,0,32.9,282.5,141.3,1.73
31/01/2008,0.0428,0.05,0.051,-0.006,0.037,0.022,0.023,0.02,0.028,0.02,0.017,0.029,0.02,0.036,-0.016,0.047,0.054,0.012,0.322,-0.322,0.95,0.9495,-0.000526316,0.000526593,0.000526593,55.8,323.8,119.2,1.85
29/02/2008,0.0403,0.049,0.051,-0.005,0.035,0.017,0.019,0.019,0.021,0.021,0.017,0.027,0.021,0.036,-0.021,0.046,0.03,0.012,0.322,-0.322,0.951,0.9495,-0.001577287,0.001579779,0.001579779,77.1,350,124.8,1.89
31/03/2008,0.0398,0.051,0.051,-0.005,0.035,0.016,0.018,0.014,0.013,0.021,0.021,0.021,0.023,0.037,-0.02,0.039,0.046,0.012,0.554,-0.554,0.949,0.9495,0.00052687,-0.000526593,-0.000526593,97.7,373.5,132.8,2.11
30/04/2008,0.0394,0.05,0.051,-0.002,0.038,0.023,0.025,0.014,0.013,0.021,0.023,0.017,0.026,0.038,-0.017,0.034,0.031,0.009,0.554,-0.554,0.95,0.9492,-0.000842105,0.000842815,0.000842815,48.9,321.6,144,2.22
31/05/2008,0.0418,0.054,0.051,-0.001,0.041,0.027,0.029,0.019,0.017,0.02,0.022,0.016,0.024,0.037,-0.017,0.034,0.035,0.009,0.554,-0.554,0.946,0.9492,0.003382664,-0.00337126,-0.00337126,53.6,306.8,83.1,1.79
30/06/2008,0.0502,0.056,0.051,-0.01,0.04,0.026,0.029,0.019,0.019,0.021,0.021,0.019,0.022,0.036,-0.016,0.041,0.063,0.009,0.576,-0.576,0.944,0.9492,0.005508475,-0.005478298,-0.005478298,60.7,339.2,91.3,1.63
31/07/2008,0.056,0.058,0.052,-0.016,0.04,0.025,0.028,0.017,0.016,0.023,0.023,0.017,0.022,0.037,-0.018,0.048,0.061,0.007,0.576,-0.576,0.942,0.9481,0.006475584,-0.00643392,-0.00643392,87.2,362.2,114.1,1.85
31/08/2008,0.0537,0.061,0.052,-0.015,0.038,0.024,0.026,0.017,0.017,0.022,0.021,0.016,0.023,0.038,-0.017,0.047,0.049,0.007,0.576,-0.576,0.939,0.9481,0.009691161,-0.009598144,-0.009598144,102.6,373.5,112.1,1.67
30/09/2008,0.0494,0.061,0.052,-0.011,0.039,0.02,0.023,0.009,0.011,0.024,0.029,0.019,0.024,0.039,-0.021,0.033,0.034,0.007,0.836,-0.836,0.939,0.9481,0.009691161,-0.009598144,-0.009598144,150.6,473.7,315.3,1.67
31/10/2008,0.0366,0.065,0.053,0.004,0.04,0.016,0.018,0.005,0.007,0.03,0.036,0.01,0.029,0.04,-0.027,0.024,0.023,0.005,0.836,-0.836,0.935,0.9472,0.013048128,-0.012880068,-0.012880068,291,705.7,258.6,1.72
30/11/2008,0.0107,0.068,0.053,0.019,0.029,0.01,0.013,0,0.002,0.032,0.029,0.006,0.03,0.041,-0.022,0.011,0.011,0.005,0.836,-0.836,0.932,0.9472,0.016309013,-0.016047297,-0.016047297,226.5,775.8,220.7,1.87
31/12/2008,0.0009,0.073,0.053,0.022,0.023,0.008,0.01,0.001,0,0.032,0.021,0.009,0.039,0.04,-0.017,-0.018,-0.01,0.005,0.642,-0.642,0.927,0.9472,0.021790723,-0.021326014,-0.021326014,240.1,751.9,131.5,2.81
31/01/2009,0.0003,0.078,0.054,0.028,0.029,0.009,0.013,0.002,0.001,0.032,0.026,0.018,0.041,0.031,-0.023,-0.025,-0.012,0.005,0.642,-0.642,0.922,0.9462,0.026247289,-0.025575988,-0.025575988,221.6,627.2,94.4,2.89
28/02/2009,0.0024,0.083,0.054,0.028,0.03,0.01,0.014,0.003,0.003,0.034,0.028,0.016,0.034,0.033,-0.024,-0.022,0.011,0.005,0.642,-0.642,0.917,0.9462,0.031842966,-0.030860283,-0.030860283,275.6,611.2,100.4,2.24
31/03/2009,-0.0038,0.087,0.054,0.031,0.027,0.008,0.012,0.002,0.002,0.036,0.025,0.015,0.032,0.033,-0.022,-0.031,0.006,0.005,0.396,-0.396,0.913,0.9462,0.036363636,-0.035087719,-0.035087719,224,622.8,98.2,2.06
30/04/2009,-0.0074,0.089,0.055,0.039,0.032,0.009,0.014,0.001,0.002,0.031,0.03,0.014,0.033,0.028,-0.027,-0.044,-0.006,0.002,0.396,-0.396,0.911,0.9451,0.037431394,-0.036080838,-0.036080838,192.2,531.7,87.6,2.23
31/05/2009,-0.0128,0.094,0.055,0.048,0.035,0.009,0.014,0.001,0.002,0.029,0.033,0.01,0.034,0.021,-0.031,-0.055,-0.016,0.002,0.396,-0.396,0.906,0.9451,0.043156733,-0.041371283,-0.041371283,106.9,473.7,51.6,1.62
30/06/2009,-0.0143,0.095,0.055,0.05,0.035,0.011,0.016,0.002,0.002,0.028,0.033,0.005,0.033,0.016,-0.03,-0.064,-0.038,0.002,0.315,-0.315,0.905,0.9451,0.044309392,-0.042429373,-0.042429373,66.8,410.3,40.5,0.98
31/07/2009,-0.021,0.095,0.056,0.056,0.035,0.011,0.016,0.002,0.002,0.027,0.033,0.003,0.032,0.015,-0.029,-0.072,-0.037,0.002,0.315,-0.315,0.905,0.944,0.043093923,-0.041313559,-0.041313559,9.8,348.9,29.9,1
31/08/2009,-0.0148,0.096,0.056,0.049,0.034,0.01,0.015,0.002,0.002,0.024,0.033,0.003,0.031,0.01,-0.03,-0.067,-0.023,0.002,0.315,-0.315,0.904,0.944,0.044247788,-0.042372881,-0.042372881,-16,328.2,19.8,0.77
30/09/2009,-0.0129,0.098,0.056,0.046,0.033,0.01,0.015,0.001,0.001,0.023,0.032,0.005,0.032,0.009,-0.029,-0.057,-0.012,0.002,0.14,-0.14,0.902,0.944,0.046563193,-0.044491525,-0.044491525,-12.4,293.5,14.7,0.97
31/10/2009,-0.0018,0.1,0.058,0.036,0.034,0.009,0.014,0.001,0.001,0.022,0.034,0.006,0.035,0.011,-0.03,-0.048,0.017,0.001,0.14,-0.14,0.9,0.9424,0.047111111,-0.044991511,-0.044991511,-30.9,282.5,23.1,0.72
30/11/2009,0.0184,0.099,0.058,0.014,0.032,0.007,0.011,0.001,0.001,0.021,0.032,0.004,0.037,0.014,-0.03,-0.026,0.03,0.001,0.14,-0.14,0.901,0.9424,0.045948946,-0.04393039,-0.04393039,-14.7,282,19.7,0.34
31/12/2009,0.0272,0.099,0.058,0.011,0.039,0.011,0.017,0.001,0.001,0.02,0.038,0.004,0.039,0.014,-0.033,0.007,0.037,0.001,-0.055,0.055,0.901,0.9424,0.045948946,-0.04393039,-0.04393039,-59.9,239.5,19.1,0.33
31/01/2010,0.0263,0.097,0.058,0.01,0.036,0.008,0.014,0.001,0.001,0.02,0.036,0.001,0.037,0.009,-0.034,0.008,0.038,0.001,-0.055,0.055,0.903,0.9424,0.043632337,-0.041808149,-0.041808149,-26.4,239.2,16.9,-0.31
28/02/2010,0.0214,0.098,0.058,0.015,0.036,0.008,0.014,0.001,0.001,0.02,0.035,0.001,0.036,0.007,-0.034,0.004,0.034,0.001,-0.055,0.055,0.902,0.9424,0.044789357,-0.04286927,-0.04286927,-4.3,241.8,12.2,-0.03
31/03/2010,0.0231,0.098,0.058,0.015,0.038,0.01,0.016,0.002,0.002,0.019,0.037,0.001,0.034,0.005,-0.034,0.021,0.036,0.001,-0.071,0.071,0.902,0.9424,0.044789357,-0.04286927,-0.04286927,-16.8,221.6,13.2,-0.85
30/04/2010,0.0224,0.099,0.058,0.015,0.037,0.01,0.015,0.002,0.002,0.018,0.035,0.001,0.032,0.012,-0.033,0.021,0.039,-0.001,-0.071,0.071,0.901,0.942,0.045504994,-0.043524416,-0.043524416,-30.2,210,18.7,-1.28
31/05/2010,0.0202,0.096,0.058,0.013,0.033,0.008,0.013,0.002,0.002,0.02,0.032,0.002,0.032,0.022,-0.031,0.023,0.033,-0.001,-0.071,0.071,0.904,0.942,0.042035398,-0.040339703,-0.040339703,-23.9,255.2,37.6,-0.37
30/06/2010,0.0105,0.094,0.058,0.019,0.03,0.006,0.01,0.002,0.001,0.02,0.028,0.007,0.034,0.028,-0.028,0.029,0.027,-0.001,-0.088,0.088,0.906,0.942,0.039735099,-0.038216561,-0.038216561,-9.7,267.9,35.4,0.2
31/07/2010,0.0124,0.095,0.058,0.017,0.029,0.006,0.008,0.002,0.002,0.021,0.028,0.008,0.034,0.021,-0.027,0.031,0.035,0.005,-0.088,0.088,0.905,0.9416,0.040441989,-0.038870008,-0.038870008,9.4,252.2,30.4,0.67
31/08/2010,0.0115,0.096,0.058,0.013,0.025,0.005,0.007,0.001,0.002,0.02,0.023,0.011,0.033,0.011,-0.023,0.035,0.032,0.005,-0.088,0.088,0.904,0.9416,0.04159292,-0.039932031,-0.039932031,-50,267,15.6,0.85
30/09/2010,0.0114,0.095,0.058,0.014,0.025,0.004,0.006,0.002,0.002,0.02,0.024,0.015,0.033,0.008,-0.023,0.038,0.032,0.005,-0.105,0.105,0.905,0.9416,0.040441989,-0.038870008,-0.038870008,-11.7,251.2,13,1.15
31/10/2010,0.0117,0.095,0.059,0.015,0.026,0.003,0.005,0.001,0.001,0.019,0.025,0.016,0.033,0.008,-0.025,0.036,0.022,0.006,-0.105,0.105,0.905,0.9411,0.039889503,-0.038359367,-0.038359367,-5.1,239.2,16.6,1.28
30/11/2010,0.0114,0.098,0.059,0.017,0.028,0.005,0.007,0.002,0.001,0.019,0.026,0.015,0.033,0.008,-0.026,0.034,0.023,0.006,-0.105,0.105,0.902,0.9411,0.043348115,-0.041547126,-0.041547126,-19.3,238.5,13,0.61
31/12/2010,0.015,0.094,0.059,0.018,0.033,0.006,0.01,0.001,0.001,0.018,0.032,0.01,0.033,0.01,-0.031,0.028,0.029,0.006,-0.105,0.105,0.906,0.9411,0.038741722,-0.03729678,-0.03729678,-45.5,220.9,18.3,0.04
31/01/2011,0.0163,0.091,0.059,0.018,0.034,0.006,0.01,0.002,0.002,0.018,0.033,0.006,0.032,0.008,-0.032,0.028,0.012,0.006,-0.105,0.105,0.909,0.9407,0.034873487,-0.03369831,-0.03369831,2.7,210.6,15.4,-0.66
28/02/2011,0.0211,0.09,0.059,0.013,0.034,0.007,0.012,0.002,0.001,0.018,0.033,0.005,0.031,0.009,-0.032,0.032,0.009,0.006,-0.105,0.105,0.91,0.9407,0.033736264,-0.032635272,-0.032635272,-25.5,198.6,16,-1.1
31/03/2011,0.0268,0.089,0.059,0.008,0.035,0.008,0.013,0.001,0.001,0.018,0.034,0.003,0.032,0.011,-0.032,0.03,0.021,0.006,-0.164,0.164,0.911,0.9407,0.032601537,-0.031572233,-0.031572233,-29.4,194.7,21.3,-0.45
30/04/2011,0.0316,0.09,0.06,0.002,0.033,0.006,0.01,0,0.001,0.018,0.033,0.004,0.033,0.015,-0.031,0.036,0.027,0.006,-0.164,0.164,0.91,0.9404,0.033406593,-0.03232667,-0.03232667,-25.6,194.6,23.3,-0.38
31/05/2011,0.0357,0.09,0.06,-0.005,0.031,0.005,0.008,0.001,0,0.018,0.03,0.005,0.034,0.013,-0.029,0.043,0.033,0.006,-0.164,0.164,0.91,0.9404,0.033406593,-0.03232667,-0.03232667,-13.6,203.8,19.3,-0.03
30/06/2011,0.0356,0.091,0.06,-0.004,0.032,0.005,0.008,0,0,0.019,0.032,0.007,0.035,0.01,-0.031,0.041,0.029,0.006,-0.218,0.218,0.909,0.9404,0.034543454,-0.033390047,-0.033390047,-0.3,212.1,21.6,0.41
31/07/2011,0.0363,0.091,0.06,-0.008,0.028,0.004,0.006,0.001,0,0.019,0.027,0.008,0.033,0.012,-0.027,0.045,0.033,0.009,-0.218,0.218,0.909,0.9399,0.033993399,-0.032875838,-0.032875838,-8.2,218.3,15.6,0.24
31/08/2011,0.0377,0.091,0.06,-0.015,0.022,0.002,0.003,0,0,0.021,0.022,0.011,0.037,0.014,-0.022,0.055,0.048,0.009,-0.218,0.218,0.909,0.9399,0.033993399,-0.032875838,-0.032875838,-27.1,277.4,30.7,1.27
30/09/2011,0.0387,0.09,0.06,-0.019,0.019,0.003,0.004,0,0,0.021,0.019,0.019,0.038,0.017,-0.018,0.054,0.04,0.009,-0.059,0.059,0.91,0.9399,0.032857143,-0.031811895,-0.031811895,20.8,305.8,35.4,2
31/10/2011,0.0353,0.089,0.06,-0.014,0.022,0.003,0.004,0,0,0.021,0.022,0.021,0.04,0.019,-0.021,0.048,0.049,0.009,-0.059,0.059,0.911,0.9402,0.032052689,-0.031057222,-0.031057222,-32.4,276.4,41.9,2
30/11/2011,0.0339,0.087,0.06,-0.013,0.021,0.003,0.004,0,0,0.021,0.021,0.019,0.039,0.019,-0.02,0.047,0.04,0.009,-0.059,0.059,0.913,0.9402,0.029791895,-0.028930015,-0.028930015,32.6,294.2,51.9,2.07
31/12/2011,0.0296,0.085,0.06,-0.011,0.019,0.003,0.004,0,0,0.021,0.019,0.021,0.035,0.016,-0.018,0.05,0.033,0.009,0.054,-0.054,0.915,0.9402,0.027540984,-0.026802808,-0.026802808,6.9,284.3,56.1,1.93
31/01/2012,0.0293,0.083,0.06,-0.011,0.018,0.002,0.003,0.001,0,0.021,0.018,0.021,0.033,0.017,-0.017,0.049,0.05,0.009,0.054,-0.054,0.917,0.9405,0.025627045,-0.024986709,-0.024986709,-1.8,271.6,48.2,1.7
29/02/2012,0.0287,0.083,0.06,-0.009,0.02,0.003,0.004,0.001,0.001,0.02,0.019,0.021,0.034,0.011,-0.018,0.047,0.061,0.009,0.054,-0.054,0.917,0.9405,0.025627045,-0.024986709,-0.024986709,-11.3,245.9,40.4,1.59
31/03/2012,0.0265,0.082,0.06,-0.004,0.022,0.003,0.005,0.001,0.001,0.02,0.022,0.021,0.03,0.008,-0.021,0.053,0.034,0.009,-0.069,0.069,0.918,0.9405,0.024509804,-0.023923445,-0.023923445,-53.7,239.2,39.8,0.91
30/04/2012,0.023,0.081,0.059,-0.004,0.02,0.003,0.004,0.001,0.001,0.02,0.019,0.019,0.03,0.008,-0.018,0.053,0.035,0.009,-0.069,0.069,0.919,0.9412,0.024156692,-0.02358691,-0.02358691,-35.8,249.8,36.6,0.65
31/05/2012,0.017,0.082,0.059,-0.001,0.016,0.003,0.004,0.001,0.001,0.021,0.015,0.021,0.03,0.007,-0.014,0.051,0.039,0.009,-0.069,0.069,0.918,0.9412,0.025272331,-0.024649384,-0.024649384,-36.8,276.4,39.7,1
30/06/2012,0.0166,0.082,0.059,0,0.017,0.003,0.004,0.001,0.001,0.021,0.016,0.024,0.03,0.009,-0.014,0.047,0.044,0.009,-0.095,0.095,0.918,0.9412,0.025272331,-0.024649384,-0.024649384,-5.5,271.8,37.1,1.35
31/07/2012,0.0141,0.083,0.058,0.001,0.015,0.002,0.003,0.001,0.001,0.021,0.014,0.025,0.03,0.01,-0.014,0.046,0.042,0.01,-0.095,0.095,0.917,0.9417,0.02693566,-0.02622916,-0.02622916,-24.3,256,33.3,1.18
31/08/2012,0.0169,0.081,0.058,-0.001,0.016,0.002,0.003,0.001,0.001,0.021,0.015,0.025,0.029,0.005,-0.014,0.048,0.029,0.01,-0.095,0.095,0.919,0.9417,0.024700762,-0.024105341,-0.024105341,-44.9,249,32.8,0.95
30/09/2012,0.0199,0.078,0.058,-0.003,0.017,0.002,0.003,0.001,0.001,0.02,0.016,0.024,0.028,0.002,-0.015,0.049,0.041,0.01,-0.076,0.076,0.922,0.9417,0.021366594,-0.020919613,-0.020919613,-34.8,236.2,25.9,0.61
31/10/2012,0.0216,0.079,0.057,-0.004,0.017,0.003,0.004,0.001,0.001,0.021,0.016,0.023,0.028,0.004,-0.015,0.05,0.021,0.01,-0.076,0.076,0.921,0.9431,0.023995657,-0.023433358,-0.023433358,-34.9,220.4,20.3,0.45
30/11/2012,0.0176,0.078,0.057,-0.001,0.016,0.003,0.003,0.001,0.001,0.022,0.015,0.023,0.028,0.008,-0.015,0.048,0.03,0.01,-0.076,0.076,0.922,0.9431,0.022885033,-0.022373025,-0.022373025,-20.3,230.2,23.1,0.66
31/12/2012,0.0174,0.078,0.057,0,0.018,0.003,0.004,0.001,0.001,0.022,0.017,0.024,0.03,0.005,-0.016,0.035,0.041,0.01,-0.074,0.074,0.922,0.9431,0.022885033,-0.022373025,-0.022373025,-29.7,220.8,25.6,0.5
31/01/2013,0.0159,0.079,0.056,0.004,0.02,0.003,0.004,0.001,0.001,0.021,0.02,0.022,0.032,0.008,-0.019,0.031,0.04,0.01,-0.074,0.074,0.921,0.9445,0.025515744,-0.024880889,-0.024880889,-18.3,209.3,22.8,0.02
28/02/2013,0.0198,0.077,0.056,-0.001,0.019,0.003,0.004,0.001,0.001,0.021,0.018,0.021,0.03,0.004,-0.018,0.036,0.023,0.01,-0.074,0.074,0.923,0.9445,0.023293608,-0.022763367,-0.022763367,-13.6,212.8,17.7,-0.32
31/03/2013,0.0147,0.076,0.056,0.004,0.019,0.003,0.004,0.001,0.001,0.021,0.018,0.021,0.028,0.002,-0.017,0.03,0.029,0.01,-0.191,0.191,0.924,0.9445,0.022186147,-0.021704606,-0.021704606,-19.2,210.9,21.3,-0.47
30/04/2013,0.0106,0.075,0.055,0.006,0.017,0.002,0.003,0.001,0.001,0.021,0.017,0.021,0.03,0.005,-0.016,0.028,0.025,0.01,-0.191,0.191,0.925,0.9455,0.022162162,-0.02168165,-0.02168165,-23.2,205,22.3,-0.1
31/05/2013,0.0136,0.076,0.055,0.008,0.022,0.003,0.005,0,0,0.02,0.021,0.021,0.032,0.006,-0.021,0.026,0.017,0.01,-0.191,0.191,0.924,0.9455,0.023268398,-0.022739291,-0.022739291,-61.3,196.7,23.5,-0.34
30/06/2013,0.0175,0.076,0.055,0.008,0.025,0.004,0.007,0,0.001,0.021,0.025,0.019,0.032,0.004,-0.025,0.023,0.024,0.01,-0.181,0.181,0.924,0.9455,0.023268398,-0.022739291,-0.022739291,-47,214.8,23.3,-0.08
31/07/2013,0.0196,0.074,0.053,0.006,0.026,0.003,0.006,0,0,0.02,0.026,0.015,0.032,0.006,-0.026,0.024,0.021,0.011,-0.181,0.181,0.926,0.9466,0.02224622,-0.021762096,-0.021762096,-3.2,201.2,22.6,-0.85
31/08/2013,0.0152,0.073,0.053,0.013,0.028,0.004,0.008,0,0,0.02,0.028,0.013,0.033,0.004,-0.028,0.018,0.028,0.011,-0.181,0.181,0.927,0.9466,0.021143474,-0.020705683,-0.020705683,-15.1,198.4,23,-0.84
30/09/2013,0.0118,0.072,0.053,0.015,0.026,0.003,0.006,0,0,0.02,0.026,0.01,0.033,0.005,-0.026,0.023,0.022,0.011,-0.083,0.083,0.928,0.9466,0.020043103,-0.019649271,-0.019649271,-16.2,203.8,22.9,-0.82
31/10/2013,0.0096,0.073,0.052,0.016,0.026,0.003,0.006,0,0.001,0.02,0.025,0.011,0.035,0.004,-0.025,0.022,0.032,0.011,-0.083,0.083,0.927,0.9476,0.022222222,-0.02173913,-0.02173913,-3.8,195.1,20.2,-0.78
30/11/2013,0.0124,0.07,0.052,0.015,0.028,0.003,0.006,0.001,0.001,0.02,0.027,0.012,0.031,0.001,-0.028,0.022,0.032,0.011,-0.083,0.083,0.93,0.9476,0.018924731,-0.018573238,-0.018573238,1.6,189.9,17.9,-1.42
31/12/2013,0.015,0.067,0.052,0.015,0.03,0.004,0.008,0.001,0.001,0.019,0.03,0.01,0.03,0.002,-0.031,0.032,0.017,0.011,-0.137,0.137,0.933,0.9476,0.015648446,-0.015407345,-0.015407345,-9.8,176.4,17.6,-1.76
31/01/2014,0.0158,0.066,0.052,0.011,0.027,0.003,0.007,0,0,0.019,0.027,0.008,0.03,0.003,-0.027,0.036,0.008,0.011,-0.137,0.137,0.934,0.9484,0.015417559,-0.015183467,-0.015183467,-31.3,180.3,21.7,-1.92
28/02/2014,0.0113,0.067,0.052,0.015,0.027,0.003,0.007,0.001,0.001,0.02,0.026,0.01,0.031,0.004,-0.027,0.032,0.019,0.011,-0.137,0.137,0.933,0.9484,0.016505895,-0.016237874,-0.016237874,-20.1,170.5,18.6,-0.99
31/03/2014,0.0151,0.067,0.052,0.012,0.027,0.004,0.009,0.001,0.001,0.019,0.027,0.011,0.031,0.002,-0.028,0.024,0.022,0.011,-0.111,0.111,0.933,0.9484,0.016505895,-0.016237874,-0.016237874,-26.7,165.7,18.1,-1.38
30/04/2014,0.0195,0.063,0.051,0.007,0.027,0.004,0.009,0,0,0.02,0.026,0.011,0.031,0.004,-0.027,0.029,0.023,0.011,-0.111,0.111,0.937,0.9489,0.012700107,-0.012540837,-0.012540837,-37.3,158.2,19.3,-1
31/05/2014,0.0213,0.063,0.051,0.004,0.025,0.004,0.008,0,0,0.02,0.024,0.011,0.033,0.003,-0.025,0.033,0.036,0.011,-0.111,0.111,0.937,0.9489,0.012700107,-0.012540837,-0.012540837,-40.1,157.9,18.7,-0.69
30/06/2014,0.0207,0.061,0.051,0.005,0.025,0.005,0.009,0,0,0.019,0.025,0.013,0.031,0.002,-0.025,0.039,0.027,0.011,-0.107,0.107,0.939,0.9489,0.010543131,-0.010433133,-0.010433133,-32.2,156.1,19.1,-1.16
31/07/2014,0.0199,0.062,0.051,0.006,0.026,0.005,0.01,0,0,0.019,0.026,0.012,0.032,0.005,-0.025,0.038,0.032,0.01,-0.107,0.107,0.938,0.9492,0.011940299,-0.01179941,-0.01179941,-34.4,160,20.9,-0.98
31/08/2014,0.017,0.061,0.051,0.007,0.024,0.005,0.009,0,0,0.019,0.023,0.013,0.032,0.005,-0.023,0.038,0.034,0.01,-0.107,0.107,0.939,0.9492,0.01086262,-0.010745891,-0.010745891,-36.1,159.2,20.4,-0.78
30/09/2014,0.0166,0.059,0.051,0.009,0.025,0.006,0.011,0,0,0.019,0.025,0.014,0.032,0.006,-0.024,0.041,0.028,0.01,-0.105,0.105,0.941,0.9492,0.008714134,-0.008638854,-0.008638854,-27.4,172,21.5,-1.21
31/10/2014,0.0166,0.058,0.051,0.007,0.024,0.005,0.01,0,0,0.02,0.023,0.013,0.034,0.006,-0.023,0.043,0.025,0.01,-0.105,0.105,0.942,0.9493,0.007749469,-0.007689877,-0.007689877,-28.8,184.2,22.2,-0.22
30/11/2014,0.0132,0.058,0.051,0.009,0.022,0.005,0.009,0,0,0.019,0.022,0.015,0.034,0.007,-0.021,0.04,0.024,0.01,-0.105,0.105,0.942,0.9493,0.007749469,-0.007689877,-0.007689877,-3.6,198.3,21.4,-0.89
31/12/2014,0.0076,0.056,0.051,0.014,0.022,0.007,0.011,0,0,0.019,0.021,0.015,0.034,0.009,-0.019,0.031,0.02,0.01,-0.055,0.055,0.944,0.9493,0.005614407,-0.005583061,-0.005583061,-2.3,208.3,21.6,-0.65
31/01/2015,-0.0009,0.057,0.051,0.018,0.017,0.005,0.008,0,0,0.02,0.017,0.017,0.034,0.011,-0.015,0.027,0.028,0.01,-0.055,0.055,0.943,0.9494,0.00678685,-0.0067411,-0.0067411,-28.4,207.1,23.3,0.07
28/02/2015,-0.0003,0.055,0.051,0.02,0.02,0.006,0.01,0,0,0.019,0.02,0.019,0.033,0.011,-0.018,0.025,0.024,0.01,-0.055,0.055,0.945,0.9494,0.004656085,-0.004634506,-0.004634506,-41.8,191.5,24.2,0.32
31/03/2015,-0.0007,0.055,0.051,0.02,0.019,0.006,0.009,0,0,0.02,0.019,0.018,0.033,0.008,-0.017,0.033,0.016,0.01,-0.053,0.053,0.945,0.9494,0.004656085,-0.004634506,-0.004634506,-26.6,202.8,24.1,-0.07
30/04/2015,-0.002,0.054,0.051,0.022,0.021,0.006,0.009,0,0,0.02,0.02,0.018,0.033,0.007,-0.018,0.031,0.019,0.01,-0.053,0.053,0.946,0.9494,0.00359408,-0.003581209,-0.003581209,-8.1,199,26.9,0.32
31/05/2015,-0.0004,0.055,0.051,0.022,0.021,0.006,0.009,0,0,0.02,0.021,0.018,0.033,0.009,-0.018,0.032,0.018,0.01,-0.053,0.053,0.945,0.9494,0.004656085,-0.004634506,-0.004634506,-3.2,197.9,27.4,0.05
30/06/2015,0.0012,0.053,0.051,0.022,0.024,0.006,0.01,0,0,0.02,0.023,0.016,0.034,0.013,-0.021,0.028,0.02,0.01,-0.07,0.07,0.947,0.9494,0.002534319,-0.002527912,-0.002527912,11.6,213,27.3,-0.33
31/07/2015,0.0017,0.053,0.051,0.02,0.022,0.007,0.01,0.001,0,0.02,0.021,0.014,0.035,0.013,-0.019,0.03,0.011,0.01,-0.07,0.07,0.947,0.9495,0.002639916,-0.002632965,-0.002632965,11.8,222.8,22.9,-0.33
31/08/2015,0.002,0.051,0.051,0.02,0.022,0.007,0.011,0.001,0.001,0.021,0.021,0.016,0.031,0.014,-0.018,0.031,0.007,0.01,-0.07,0.07,0.949,0.9495,0.00052687,-0.000526593,-0.000526593,31.7,238.8,26.9,0
30/09/2015,-0.0004,0.051,0.051,0.021,0.021,0.006,0.009,0,0,0.022,0.021,0.017,0.031,0.019,-0.017,0.023,0.022,0.01,0.074,-0.074,0.949,0.9495,0.00052687,-0.000526593,-0.000526593,38,254.9,33.5,0.93
31/10/2015,0.0017,0.05,0.05,0.02,0.022,0.008,0.011,0.001,0,0.021,0.021,0.017,0.006,0.019,-0.017,0.024,0.013,0.01,0.074,-0.074,0.95,0.9496,-0.000421053,0.00042123,0.00042123,27.7,226.1,25.4,0.84
30/11/2015,0.005,0.05,0.05,0.017,0.022,0.009,0.012,0.002,0.001,0.021,0.02,0.017,0.032,0.015,-0.016,0.026,0.012,0.01,0.074,-0.074,0.95,0.9496,-0.000421053,0.00042123,0.00042123,39.1,235.5,19.6,0.09
31/12/2015,0.0073,0.05,0.05,0.015,0.023,0.011,0.013,0.002,0.002,0.021,0.021,0.018,0.026,0.021,-0.015,0.025,0.021,0.01,0.082,-0.082,0.95,0.9496,-0.000421053,0.00042123,0.00042123,42.1,250.2,45.3,0.22
31/01/2016,0.0137,0.049,0.05,0.006,0.019,0.008,0.01,0.003,0.003,0.023,0.016,0.019,0.025,0.025,-0.014,0.037,0.027,0.009,0.082,-0.082,0.951,0.9497,-0.001366982,0.001368853,0.001368853,73.2,298.4,29.3,0.73
29/02/2016,0.0102,0.049,0.05,0.007,0.017,0.008,0.009,0.003,0.003,0.023,0.014,0.021,0.025,0.019,-0.011,0.035,0.018,0.009,0.082,-0.082,0.951,0.9497,-0.001366982,0.001368853,0.001368853,78,304.7,30.3,1.59
31/03/2016,0.0085,0.05,0.05,0.009,0.018,0.007,0.009,0.002,0.003,0.022,0.016,0.023,0.025,0.019,-0.012,0.029,0.03,0.009,0.116,-0.116,0.95,0.9497,-0.000315789,0.000315889,0.000315889,29.3,266.5,41.9,1.56
30/04/2016,0.0113,0.05,0.05,0.007,0.018,0.008,0.009,0.002,0.002,0.021,0.016,0.022,0.025,0.023,-0.012,0.031,0.031,0.01,0.116,-0.116,0.95,0.9497,-0.000315789,0.000315889,0.000315889,29.3,266.5,41.7,1.68
31/05/2016,0.0102,0.047,0.05,0.008,0.018,0.009,0.01,0.003,0.003,0.021,0.015,0,0,0,-0.011,0.03,0.015,0.01,0.116,-0.116,0.953,0.9497,-0.003462749,0.003474782,0.003474782,29.3,266.5,34.6,0.008
30/06/2016,0.0101,0.049,0.05,0.005,0.015,0.006,0.007,0.003,0.003,0.021,0.012,0,0,0,-0.01,0.029,0.018,0.01,0.085,-0.085,0.951,0.9497,-0.001366982,0.001368853,0.001368853,29.3,266.5,39.4,0.008
01/07/2016,0.0101,0,,0.005,0.015,0.007,0.008,0.003,0.003,0.021,0.012,0,0,0,-0.009,0.029,,0,0.085,-0.085,,,,,,29.29,266.53,48.9,0.008
,,,,,,,,,,,,,,,,,,,,,,,,,,,,,
