Symbol;Name;Transformation;Record Count;Jul-16;Jun-16;May-16;Apr-16;Mar-16;Feb-16;Jan-16;Dec-15;Nov-15;Oct-15;Sep-15;Aug-15;Jul-15;Jun-15;May-15;Apr-15;Mar-15;Feb-15;Jan-15;Dec-14;Nov-14;Oct-14;Sep-14;Aug-14;Jul-14;Jun-14;May-14;Apr-14;Mar-14;Feb-14;Jan-14;Dec-13;Nov-13;Oct-13;Sep-13;Aug-13;Jul-13;Jun-13;May-13;Apr-13;Mar-13;Feb-13;Jan-13;Dec-12;Nov-12;Oct-12;Sep-12;Aug-12;Jul-12;Jun-12;May-12;Apr-12;Mar-12;Feb-12;Jan-12;Dec-11;Nov-11;Oct-11;Sep-11;Aug-11;Jul-11;Jun-11;May-11;Apr-11;Mar-11;Feb-11;Jan-11;Dec-10;Nov-10;Oct-10;Sep-10;Aug-10;Jul-10;Jun-10;May-10;Apr-10;Mar-10;Feb-10;Jan-10;Dec-09;Nov-09;Oct-09;Sep-09;Aug-09;Jul-09;Jun-09;May-09;Apr-09;Mar-09;Feb-09;Jan-09;Dec-08;Nov-08;Oct-08;Sep-08;Aug-08;Jul-08;Jun-08;May-08;Apr-08;Mar-08;Feb-08;Jan-08;Dec-07;Nov-07;Oct-07;Sep-07;Aug-07;Jul-07;Jun-07;May-07;Apr-07;Mar-07;Feb-07;Jan-07;Dec-06;Nov-06;Oct-06;Sep-06;Aug-06;Jul-06;Jun-06;May-06;Apr-06;Mar-06;Feb-06;Jan-06;Dec-05;Nov-05;Oct-05;Sep-05;Aug-05;Jul-05;Jun-05;May-05;Apr-05;Mar-05;Feb-05;Jan-05;Dec-04;Nov-04;Oct-04;Sep-04;Aug-04;Jul-04;Jun-04;May-04;Apr-04;Mar-04;Feb-04;Jan-04;Dec-03;Nov-03;Oct-03;Sep-03;Aug-03;Jul-03;Jun-03;May-03;Apr-03;Mar-03;Feb-03;Jan-03;Dec-02;Nov-02;Oct-02;Sep-02;Aug-02;Jul-02;Jun-02;May-02;Apr-02;Mar-02;Feb-02;Jan-02;Dec-01;Nov-01;Oct-01;Sep-01;Aug-01;Jul-01;Jun-01;May-01;Apr-01;Mar-01;Feb-01;Jan-01;Dec-00;Nov-00;Oct-00;Sep-00;Aug-00;Jul-00;Jun-00;May-00;Apr-00;Mar-00;Feb-00;Jan-00;Dec-99;Nov-99;Oct-99;Sep-99;Aug-99;Jul-99;Jun-99;May-99;Apr-99;Mar-99;Feb-99;Jan-99;Dec-98;Nov-98;Oct-98;Sep-98;Aug-98;Jul-98;Jun-98;May-98;Apr-98;Mar-98;Feb-98;Jan-98;Dec-97;Nov-97;Oct-97;Sep-97;Aug-97;Jul-97;Jun-97;May-97;Apr-97;Mar-97;Feb-97;Jan-97;Dec-96;Nov-96;Oct-96;Sep-96;Aug-96;Jul-96;Jun-96;May-96;Apr-96;Mar-96;Feb-96;Jan-96;Dec-95;Nov-95;Oct-95;Sep-95;Aug-95;Jul-95;Jun-95;May-95;Apr-95;Mar-95;Feb-95;Jan-95;Dec-94;Nov-94;Oct-94;Sep-94;Aug-94;Jul-94;Jun-94;May-94;Apr-94;Mar-94;Feb-94;Jan-94;Dec-93;Nov-93;Oct-93;Sep-93;Aug-93;Jul-93;Jun-93;May-93;Apr-93;Mar-93;Feb-93;Jan-93;Dec-92;Nov-92;Oct-92;Sep-92;Aug-92;Jul-92;Jun-92;May-92;Apr-92;Mar-92;Feb-92;Jan-92;Dec-91;Nov-91;Oct-91;Sep-91;Aug-91;Jul-91;Jun-91;May-91;Apr-91;Mar-91;Feb-91;Jan-91;;;;;;;;;;;;;;;;;;;;;;;;;;;;;;;;;;;;
;;;;;;;;;;;;;;;;;;;;;;;;;;;;;;;;;;;;;;;;;;;;;;;;;;;;;;;;;;;;;;;;;;;;;;;;;;;;;;;;;;;;;;;;;;;;;;;;;;;;;;;;;;;;;;;;;;;;;;;;;;;;;;;;;;;;;;;;;;;;;;;;;;;;;;;;;;;;;;;;;;;;;;;;;;;;;;;;;;;;;;;;;;;;;;;;;;;;;;;;;;;;;;;;;;;;;;;;;;;;;;;;;;;;;;;;;;;;;;;;;;;;;;;;;;;;;;;;;;;;;;;;;;;;;;;;;;;;;;;;;;;;;;;;;;;;;;;;;;;;;;;;;;;;;;;;;;;;;;;;;;;;;;;;;;;;;;;;;;;;;;;;;;
I:RPGDP;Real Potential Gross Domestic Product ;;300;15553400;15553400;15464300;15464300;15464300;15378400;15378400;15378400;15294600;15294600;15294600;15213000;15213000;15213000;15133600;15133600;15133600;15055800;15055800;15055800;14980200;14980200;14980200;14906800;14906800;14906800;14835300;14835300;14835300;14765800;14765800;14765800;14698800;14698800;14698800;14633200;14633200;14633200;14568900;14568900;14568900;14505400;14505400;14505400;14441900;14441900;14441900;14379300;14379300;14379300;14317400;14317400;14317400;14255900;14255900;14255900;14195400;14195400;14195400;14136300;14136300;14136300;14078900;14078900;14078900;14024200;14024200;14024200;13974400;13974400;13974400;13925700;13925700;13925700;13877000;13877000;13877000;13827500;13827500;13827500;13774800;13774800;13774800;13719200;13719200;13719200;13660100;13660100;13660100;13594000;13594000;13594000;13523300;13523300;13523300;13449500;13449500;13449500;13373300;13373300;13373300;13296500;13296500;13296500;13217700;13217700;13217700;13138100;13138100;13138100;13058400;13058400;13058400;12979900;12979900;12979900;12902400;12902400;12902400;12825800;12825800;12825800;12750300;12750300;12750300;12676700;12676700;12676700;12604400;12604400;12604400;12533100;12533100;12533100;12462500;12462500;12462500;12392400;12392400;12392400;12324300;12324300;12324300;12256100;12256100;12256100;12187100;12187100;12187100;12116400;12116400;12116400;12042900;12042900;12042900;11966900;11966900;11966900;11888300;11888300;11888300;11805100;11805100;11805100;11719600;11719600;11719600;11631500;11631500;11631500;11541100;11541100;11541100;11449400;11449400;11449400;11353900;11353900;11353900;11256600;11256600;11256600;11158100;11158100;11158100;11058500;11058500;11058500;10958900;10958900;10958900;10859800;10859800;10859800;10761600;10761600;10761600;10666400;10666400;10666400;10572600;10572600;10572600;10480200;10480200;10480200;10389100;10389100;10389100;10299200;10299200;10299200;10210500;10210500;10210500;10123200;10123200;10123200;10037500;10037500;10037500;9953600;9953600;9953600;9871700;9871700;9871700;9791600;9791600;9791600;9713100;9713100;9713100;9636300;9636300;9636300;9561000;9561000;9561000;9487100;9487100;9487100;9414500;9414500;9414500;9342700;9342700;9342700;9272300;9272300;9272300;9203200;9203200;9203200;9135200;9135200;9135200;9068600;9068600;9068600;9003000;9003000;9003000;8938600;8938600;8938600;8875300;8875300;8875300;8813200;8813200;8813200;8752400;8752400;8752400;8692800;8692800;8692800;8634500;8634500;8634500;8577400;8577400;8577400;8522000;8522000;8522000;8467400;8467400;8467400;8413200;8413200;8413200;8359100;8359100;8359100;8304900;8304900;8304900;8250400;8250400;8250400;8195300;8195300;8195300;8138900;8138900;;;;;;;;;;;;;;;;;;;;;;;;;;;;;;;;;;;;
I:USRGDP;US Real GDP;;300;16575100;16575100;16525000;16525000;16525000;16490700;16490700;16490700;16454900;16454900;16454900;16374200;16374200;16374200;16269000;16269000;16269000;16186700;16186700;16186700;16094500;16094500;16094500;15900800;15900800;15900800;15747000;15747000;15747000;15793900;15793900;15793900;15641300;15641300;15641300;15521600;15521600;15521600;15491900;15491900;15491900;15384300;15384300;15384300;15380800;15380800;15380800;15362400;15362400;15362400;15291000;15291000;15291000;15190300;15190300;15190300;15021100;15021100;15021100;14989600;14989600;14989600;14881300;14881300;14881300;14939000;14939000;14939000;14845500;14845500;14845500;14745900;14745900;14745900;14604800;14604800;14604800;14541900;14541900;14541900;14402500;14402500;14402500;14355600;14355600;14355600;14375000;14375000;14375000;14577000;14577000;14577000;14891600;14891600;14891600;14963400;14963400;14963400;14889500;14889500;14889500;14991800;14991800;14991800;14938500;14938500;14938500;14838700;14838700;14838700;14726000;14726000;14726000;14716900;14716900;14716900;14602600;14602600;14602600;14589600;14589600;14589600;14546100;14546100;14546100;14373400;14373400;14373400;14291800;14291800;14291800;14172700;14172700;14172700;14099100;14099100;14099100;13950400;13950400;13950400;13830800;13830800;13830800;13706200;13706200;13706200;13606500;13606500;13606500;13528700;13528700;13528700;13372400;13372400;13372400;13152100;13152100;13152100;13031200;13031200;13031200;12964000;12964000;12964000;12955800;12955800;12955800;12893000;12893000;12893000;12822300;12822300;12822300;12705300;12705300;12705300;12670100;12670100;12670100;12710300;12710300;12710300;12643300;12643300;12643300;12679300;12679300;12679300;12607700;12607700;12607700;12592500;12592500;12592500;12359100;12359100;12359100;12323300;12323300;12323300;12113100;12113100;12113100;11962500;11962500;11962500;11864700;11864700;11864700;11770700;11770700;11770700;11580600;11580600;11580600;11431000;11431000;11431000;11321200;11321200;11321200;11210300;11210300;11210300;11124000;11124000;11124000;10984200;10984200;10984200;10820900;10820900;10820900;10739100;10739100;10739100;10626800;10626800;10626800;10529400;10529400;10529400;10348700;10348700;10348700;10281200;10281200;10281200;10208800;10208800;10208800;10122100;10122100;10122100;10086900;10086900;10086900;10052500;10052500;10052500;9939700;9939700;9939700;9881400;9881400;9881400;9748200;9748200;9748200;9653500;9653500;9653500;9526300;9526300;9526300;9480100;9480100;9480100;9424100;9424100;9424100;9406500;9406500;9406500;9313200;9313200;9313200;9223500;9223500;9223500;9123000;9123000;9123000;9016400;9016400;9016400;8977300;8977300;8977300;8934400;8934400;8934400;8865600;8865600;8865600;8907400;8907400;;;;;;;;;;;;;;;;;;;;;;;;;;;;;;;;;;;;
I:USRGDPUQ;US Real GDP Growth;;300;0,012;0,012;0,016;0,016;0,016;0,019;0,019;0,019;0,022;0,022;0,022;0,03;0,03;0,03;0,033;0,033;0,033;0,025;0,025;0,025;0,029;0,029;0,029;0,024;0,024;0,024;0,016;0,016;0,016;0,027;0,027;0,027;0,017;0,017;0,017;0,01;0,01;0,01;0,013;0,013;0,013;0,013;0,013;0,013;0,024;0,024;0,024;0,025;0,025;0,025;0,028;0,028;0,028;0,017;0,017;0,017;0,012;0,012;0,012;0,017;0,017;0,017;0,019;0,019;0,019;0,027;0,027;0,027;0,031;0,031;0,031;0,027;0,027;0,027;0,016;0,016;0,016;-0,002;-0,002;-0,002;-0,033;-0,033;-0,033;-0,041;-0,041;-0,041;-0,035;-0,035;-0,035;-0,028;-0,028;-0,028;-0,003;-0,003;-0,003;0,008;0,008;0,008;0,011;0,011;0,011;0,019;0,019;0,019;0,023;0,023;0,023;0,017;0,017;0,017;0,012;0,012;0,012;0,024;0,024;0,024;0,022;0,022;0,022;0,029;0,029;0,029;0,032;0,032;0,032;0,03;0,03;0,03;0,033;0,033;0,033;0,034;0,034;0,034;0,036;0,036;0,036;0,031;0,031;0,031;0,034;0,034;0,034;0,042;0,042;0,042;0,044;0,044;0,044;0,044;0,044;0,044;0,032;0,032;0,032;0,02;0,02;0,02;0,016;0,016;0,016;0,02;0,02;0,02;0,023;0,023;0,023;0,014;0,014;0,014;0,014;0,014;0,014;0,002;0,002;0,002;0,005;0,005;0,005;0,009;0,009;0,009;0,023;0,023;0,023;0,029;0,029;0,029;0,041;0,041;0,041;0,053;0,053;0,053;0,042;0,042;0,042;0,047;0,047;0,047;0,046;0,046;0,046;0,046;0,046;0,046;0,048;0,048;0,048;0,05;0,05;0,05;0,041;0,041;0,041;0,041;0,041;0,041;0,046;0,046;0,046;0,044;0,044;0,044;0,047;0,047;0,047;0,043;0,043;0,043;0,046;0,046;0,046;0,045;0,045;0,045;0,041;0,041;0,041;0,04;0,04;0,04;0,026;0,026;0,026;0,023;0,023;0,023;0,027;0,027;0,027;0,024;0,024;0,024;0,035;0,035;0,035;0,041;0,041;0,041;0,043;0,043;0,043;0,042;0,042;0,042;0,034;0,034;0,034;0,026;0,026;0,026;0,023;0,023;0,023;0,028;0,028;0,028;0,033;0,033;0,033;0,043;0,043;0,043;0,037;0,037;0,037;0,032;0,032;0,032;0,029;0,029;0,029;0,012;0,012;0,012;-0,001;-0,001;-0,001;-0,005;-0,005;-0,005;-0,009;-0,009;-0,009;0,006;0,006;;;;;;;;;;;;;;;;;;;;;;;;;;;;;;;;;;;;
CALCULATED;US Output Gap;;300;0,065689817;0,065689817;0,068590237;0,068590237;0,068590237;0,072328721;0,072328721;0,072328721;0,075863377;0,075863377;0,075863377;0,076329455;0,076329455;0,076329455;0,07502511;0,07502511;0,07502511;0,07511391;0,07511391;0,07511391;0,074384855;0,074384855;0,074384855;0,066680978;0,066680978;0,066680978;0,061454773;0,061454773;0,061454773;0,069627111;0,069627111;0,069627111;0,064120881;0,064120881;0,064120881;0,060711259;0,060711259;0,060711259;0,063354131;0,063354131;0,063354131;0,060591228;0,060591228;0,060591228;0,065012221;0,065012221;0,065012221;0,068369114;0,068369114;0,068369114;0,068001173;0,068001173;0,068001173;0,065544792;0,065544792;0,065544792;0,05816673;0,05816673;0,05816673;0,06036233;0,06036233;0,06036233;0,056993089;0,056993089;0,056993089;0,065230102;0,065230102;0,065230102;0,062335413;0,062335413;0,062335413;0,058898296;0,058898296;0,058898296;0,052446494;0,052446494;0,052446494;0,05166516;0,05166516;0,05166516;0,04556872;0,04556872;0,04556872;0,046387544;0,046387544;0,046387544;0,052334902;0,052334902;0,052334902;0,072311314;0,072311314;0,072311314;0,101180925;0,101180925;0,101180925;0,112561805;0,112561805;0,112561805;0,113375158;0,113375158;0,113375158;0,127499718;0,127499718;0,127499718;0,130189065;0,130189065;0,130189065;0,12944033;0,12944033;0,12944033;0,127703241;0,127703241;0,127703241;0,133822294;0,133822294;0,133822294;0,131773934;0,131773934;0,131773934;0,137519687;0,137519687;0,137519687;0,140843745;0,140843745;0,140843745;0,133843981;0,133843981;0,133843981;0,133873885;0,133873885;0,133873885;0,130821584;0,130821584;0,130821584;0,131321966;0,131321966;0,131321966;0,125722217;0,125722217;0,125722217;0,12223818;0,12223818;0,12223818;0,118316593;0,118316593;0,118316593;0,116467412;0,116467412;0,116467412;0,116561025;0,116561025;0,116561025;0,110396997;0,110396997;0,110396997;0,099039852;0,099039852;0,099039852;0,096136538;0,096136538;0,096136538;0,098169435;0,098169435;0,098169435;0,105481416;0,105481416;0,105481416;0,108455487;0,108455487;0,108455487;0,111011949;0,111011949;0,111011949;0,109691338;0,109691338;0,109691338;0,115924924;0,115924924;0,115924924;0,129142014;0,129142014;0,129142014;0,133105099;0,133105099;0,133105099;0,14656599;0,14656599;0,14656599;0,150453056;0,150453056;0,150453056;0,159551741;0,159551741;0,159551741;0,148444469;0,148444469;0,148444469;0,155338258;0,155338258;0,155338258;0,145706827;0,145706827;0,145706827;0,14143814;0,14143814;0,14143814;0,142033477;0,142033477;0,142033477;0,142875175;0,142875175;0,142875175;0,134185397;0,134185397;0,134185397;0,129188399;0,129188399;0,129188399;0,127890411;0,127890411;0,127890411;0,126255827;0,126255827;0,126255827;0,126857583;0,126857583;0,126857583;0,121798276;0,121798276;0,121798276;0,114052156;0,114052156;0,114052156;0,114442265;0,114442265;0,114442265;0,111473695;0,111473695;0,111473695;0,109864975;0,109864975;0,109864975;0,099229911;0,099229911;0,099229911;0,10045276;0,10045276;0,10045276;0,100999752;0,100999752;0,100999752;0,099845706;0,099845706;0,099845706;0,104179438;0,104179438;0,104179438;0,108495247;0,108495247;0,108495247;0,104043097;0,104043097;0,104043097;0,10547513;0,10547513;0,10547513;0,098351605;0,098351605;0,098351605;0,095345618;0,095345618;0,095345618;0,088421462;0,088421462;0,088421462;0,090569207;0,090569207;0,090569207;0,091447102;0,091447102;0,091447102;0,096660993;0,096660993;0,096660993;0,092842056;0,092842056;0,092842056;0,089295415;0,089295415;0,089295415;0,084367423;0,084367423;0,084367423;0,078632867;0,078632867;0,078632867;0,08096425;0,08096425;0,08096425;0,082905071;0,082905071;0,082905071;0,081790783;0,081790783;0,081790783;0,094423079;0,094423079;;;;;;;;;;;;;;;;;;;;;;;;;;;;;;;;;;;;
I:USGDP;US GDP;;300;18437600;18437600;18281600;18281600;18281600;18222800;18222800;18222800;18141900;18141900;18141900;17998300;17998300;17998300;17783600;17783600;17783600;17692200;17692200;17692200;17569400;17569400;17569400;17285600;17285600;17285600;17025200;17025200;17025200;16999900;16999900;16999900;16749300;16749300;16749300;16541400;16541400;16541400;16475400;16475400;16475400;16297300;16297300;16297300;16227900;16227900;16227900;16121900;16121900;16121900;15973900;15973900;15973900;15785300;15785300;15785300;15587100;15587100;15587100;15460900;15460900;15460900;15238400;15238400;15238400;15230200;15230200;15230200;15057700;15057700;15057700;14888600;14888600;14888600;14681100;14681100;14681100;14566500;14566500;14566500;14384100;14384100;14384100;14340400;14340400;14340400;14383900;14383900;14383900;14549900;14549900;14549900;14843000;14843000;14843000;14813000;14813000;14813000;14668400;14668400;14668400;14685300;14685300;14685300;14569700;14569700;14569700;14422300;14422300;14422300;14233200;14233200;14233200;14066400;14066400;14066400;13908500;13908500;13908500;13799800;13799800;13799800;13648900;13648900;13648900;13381600;13381600;13381600;13205400;13205400;13205400;12974100;12974100;12974100;12813700;12813700;12813700;12562200;12562200;12562200;12367700;12367700;12367700;12181400;12181400;12181400;11988400;11988400;11988400;11816800;11816800;11816800;11625100;11625100;11625100;11370700;11370700;11370700;11230100;11230100;11230100;11103800;11103800;11103800;11037100;11037100;11037100;10934800;10934800;10934800;10834400;10834400;10834400;10701300;10701300;10701300;10639500;10639500;10639500;10638400;10638400;10638400;10508100;10508100;10508100;10472300;10472300;10472300;10357400;10357400;10357400;10278300;10278300;10278300;10031000;10031000;10031000;9926100;9926100;9926100;9712300;9712300;9712300;9557000;9557000;9557000;9447100;9447100;9447100;9325700;9325700;9325700;9146500;9146500;9146500;8994700;8994700;8994700;8889700;8889700;8889700;8788300;8788300;8788300;8691800;8691800;8691800;8551900;8551900;8551900;8402100;8402100;8402100;8287100;8287100;8287100;8159000;8159000;8159000;8061500;8061500;8061500;7893100;7893100;7893100;7799500;7799500;7799500;7706500;7706500;7706500;7604900;7604900;7604900;7545300;7545300;7545300;7476700;7476700;7476700;7352300;7352300;7352300;7269800;7269800;7269800;7136300;7136300;7136300;7032800;7032800;7032800;6904200;6904200;6904200;6829600;6829600;6829600;6748200;6748200;6748200;6697600;6697600;6697600;6586500;6586500;6586500;6492300;6492300;6492300;6380800;6380800;6380800;6279300;6279300;6279300;6218400;6218400;6218400;6143600;6143600;6143600;6054900;6054900;6054900;6023300;6023300;;;;;;;;;;;;;;;;;;;;;;;;;;;;;;;;;;;;
I:USMGDP;US Monthly GDP;;291;;18408,0663;18408,0663;18408,0663;18309,5291;18145,0804;18246,0189;18181,7738;18160,4078;18147,4946;18162,4203;18012,7157;18005,464;18003,6798;17923,4168;17814,0034;17647,5316;17724,2525;17576,1159;17595,9579;17656,9724;17594,7697;17574,7565;17563,198;17428,3454;17352,3636;17283,8575;17173,7789;17069,1336;16976,8647;16906,9017;17005,115;17011,5646;16856,1205;16808,4924;16725,0536;16648,9562;16635,0714;16545,2756;16578,1819;16534,2079;16456,1855;16516,806;16417,8899;16297,6354;16281,9752;16325,8993;16204,7053;16276,0953;16134,7363;16153,343;16121,6611;16064,2841;16142,1156;15918,4032;15791,6287;15791,7457;15872,7251;15580,2452;15693,9222;15126,5815;14929,7893;15040,982;15040,0287;14989,0595;14739,8457;14715,7948;14807,0173;14685,7243;14714,9585;14641,3617;14550,4426;14536,1958;14446,804;14395,1805;14398,5154;14350,2849;14251,5098;14209,1053;14080,8333;14155,0187;14164,948;13984,6559;13985,725;13886,2191;13906,3343;13882,9321;13866,9335;13891,5522;13946,0636;13932,5842;13881,1045;14162,0976;14201,898;14325,4487;14370,8512;14489,0001;14575,6273;14343,8065;14327,0662;14272,7885;14184,8406;14364,0709;14334,2716;14235,8736;14189,4548;14255,3153;14122,8803;14000,4045;13992,871;13995,0265;13942,5024;13764,1848;13827,1276;13684,1876;13616,2202;13619,4716;13516,9081;13485,367;13434,6519;13378,3812;13374,4569;13344,4644;13272,2787;13294,5522;13103,9174;13085,7304;12999,563;12871,1604;12833,4766;12779,5696;12741,956;12664,2744;12598,9324;12443,8327;12457,2349;12412,8235;12326,0546;12346,5219;12165,1649;12116,2627;12090,2724;11955,9034;11933,6086;11919,388;11766,3688;11821,6589;11700,6723;11682,4861;11611,2884;11475,9255;11447,7241;11423,297;11373,3789;11347,3037;11248,8594;11169,1368;11088,5363;10968,9145;10977,3492;10901,082;10934,5657;10826,5523;10823,3782;10762,8658;10714,456;10714,1437;10674,5507;10716,4056;10646,1877;10583,8854;10575,627;10542,4377;10451,9369;10501,7254;10468,5256;10300,2202;10350,5542;10230,6434;10400,7683;10284,1883;10300,6357;10343,7899;10259,4744;10176,2569;10154,0693;10164,9738;10115,7298;10143,4626;10130,2076;10071,6982;10043,6945;9937,1073;9988,1787;9936,9824;9922,1389;9792,6607;9700,2898;9635,5495;9687,216;9606,1485;9529,7355;9454,2563;9380,6364;9380,4073;9271,004;9265,1486;9221,6473;9205,3691;9152,5883;9087,8426;9043,319;9041,5574;8997,6236;8943,2651;8827,2843;8771,0505;8760,4181;8680,9859;8654,3959;8661,9375;8633,9851;8505,8774;8549,345;8477,3012;8490,4538;8453,6684;8400,0739;8375,9577;8323,7477;8234,5532;8272,0991;8161,6924;8160,7516;8088,556;8013,2738;8043,8427;8011,8835;7932,0675;7885,8272;7860,2053;7828,431;7779,5586;7792,0103;7683,3826;7620,0861;7611,1312;7589,4037;7520,7397;7517,3566;7519,3554;7445,0436;7393,101;7412,8191;7337,4434;7317,1375;7320,9908;7272,7839;7329,3253;7289,447;7229,9586;7225,1944;7136,7427;7155,2857;7103,3717;7057,7124;7089,338;6985,8496;6945,7226;6928,4681;6874,7093;6860,4627;6831,1704;6749,7669;6741,5078;6679,1075;6644,2846;6652,6327;6630,8307;6584,6367;6552,3564;6547,6287;6533,5149;6544,4191;6484,1998;6452,181;6405,8063;6380,153;6383,1407;6363,6088;6251,9252;6270,066;;;;;;;;;;;;;;;;;;;;;;;;;;;;;;;;;;;;;;;;;;;;;;;;;;;
I:USCBBBEY;US Corporate BBB Effective Yield;;236;0,0327;0,0344;0,037;0,0366;0,0386;0,0435;0,0444;0,0442;0,0417;0,0407;0,0412;0,041;0,0391;0,0388;0,0362;0,0353;0,0347;0,0352;0,0355;0,0381;0,036;0,0358;0,0363;0,034;0,0353;0,0342;0,034;0,036;0,0371;0,0364;0,0376;0,0394;0,0388;0,0382;0,0403;0,0412;0,0397;0,0406;0,0354;0,0321;0,0337;0,0336;0,0342;0,0333;0,0334;0,0332;0,0348;0,0362;0,0369;0,0403;0,0405;0,04;0,0412;0,0404;0,042;0,0455;0,0467;0,0438;0,046;0,0432;0,0417;0,0447;0,0429;0,0446;0,0467;0,0465;0,0467;0,0472;0,0446;0,0426;0,0433;0,0443;0,0467;0,0498;0,0516;0,0492;0,0513;0,0516;0,0515;0,0558;0,054;0,0564;0,0577;0,0611;0,0654;0,0721;0,0783;0,0877;0,0943;0,0939;0,0915;0,0967;0,1001;0,1023;0,0789;0,0693;0,0697;0,0676;0,066;0,0649;0,0647;0,0618;0,061;0,0628;0,0613;0,062;0,0623;0,0623;0,0637;0,0629;0,0613;0,0586;0,0591;0,0576;0,0604;0,0598;0,0575;0,0591;0,0596;0,0606;0,0627;0,0644;0,0633;0,0618;0,0607;0,0578;0,0574;0,0566;0,059;0,0585;0,0558;0,0522;0,0547;0,0524;0,053;0,0562;0,0568;0,053;0,0511;0,0507;0,0518;0,049;0,0499;0,0499;0,0533;0,0546;0,0544;0,0521;0,0459;0,0467;0,0481;0,0492;0,0515;0,0517;0,049;0,0548;0,0552;0,0478;0,0478;0,0527;0,0564;0,0562;0,0595;0,06;0,0656;0,0694;0,0672;0,069;0,0731;0,0713;0,0696;0,0748;0,0752;0,0705;0,0699;0,0699;0,0686;0,0663;0,0685;0,0686;0,0694;0,0735;0,0732;0,0743;0,0735;0,0742;0,0752;0,0797;0,0824;0,0844;0,0813;0,0816;0,0832;0,0843;0,0879;0,0858;0,0821;0,0822;0,0824;0,081;0,0795;0,0786;0,0777;0,0785;0,077;0,075;0,0733;0,0701;0,0697;0,0708;0,0658;0,067;0,0671;0,0681;0,065;0,0692;0,0679;0,0667;0,0671;0,0682;0,0681;0,0679;0,0667;0,068;0,0689;0,0681;0,0696;0,0717;0,0684;0,0733;0,0749;0,0755;0,0772;0,0739;0,0733;0,0726;;;;;;;;;;;;;;;;;;;;;;;;;;;;;;;;;;;;;;;;;;;;;;;;;;;;;;;;;;;;;;;;;;;;;;;;;;;;;;;;;;;;;;;;;;;;;;;;;;;;;;;;;;;
I:USCBBBBR;US Corporate BBB Bond Risk Premium;;236;0,018;0,0195;0,0186;0,0181;0,0208;0,0261;0,025;0,0215;0,0196;0,019;0,0206;0,0189;0,0171;0,0153;0,0147;0,0148;0,0153;0,0161;0,0185;0,0164;0,0138;0,0123;0,0111;0,0103;0,0095;0,0089;0,0089;0,0093;0,0098;0,0098;0,0109;0,009;0,0111;0,0125;0,0139;0,0137;0,0137;0,0152;0,0138;0,0151;0,0147;0,0147;0,014;0,0155;0,0172;0,016;0,0182;0,0205;0,0218;0,0232;0,0246;0,0205;0,0185;0,0206;0,0237;0,0258;0,0259;0,0221;0,0268;0,0209;0,0133;0,0129;0,0124;0,0111;0,012;0,0123;0,0125;0,0142;0,0165;0,0159;0,018;0,0196;0,0169;0,0201;0,0182;0,0123;0,0129;0,0148;0,0154;0,0173;0,0219;0,022;0,0246;0,0271;0,0302;0,0368;0,0437;0,0561;0,0672;0,0638;0,0618;0,0742;0,0701;0,0622;0,0404;0,031;0,0298;0,0277;0,026;0,0272;0,0302;0,0265;0,0243;0,0224;0,0216;0,0172;0,0162;0,0169;0,0159;0,0123;0,0123;0,0123;0,0124;0,012;0,0121;0,0125;0,0129;0,013;0,0131;0,0132;0,0128;0,0129;0,0121;0,011;0,0121;0,0123;0,0121;0,0146;0,0141;0,0128;0,0124;0,012;0,0117;0,013;0,013;0,0139;0,0118;0,0094;0,0097;0,0083;0,0082;0,0083;0,0085;0,0086;0,0078;0,0084;0,0074;0,0068;0,0073;0,0065;0,0061;0,0065;0,0077;0,0084;0,0094;0,0099;0,0103;0,0124;0,0138;0,0138;0,0181;0,0191;0,0195;0,0217;0,0235;0,0301;0,0309;0,0276;0,028;0,0228;0,0188;0,0237;0,0206;0,0217;0,0192;0,0192;0,0208;0,0233;0,0225;0,0201;0,0187;0,019;0,0189;0,0208;0,0246;0,025;0,0233;0,0291;0,0276;0,0267;0,0233;0,0243;0,0228;0,024;0,025;0,0243;0,0218;0,018;0,0156;0,0165;0,0177;0,0184;0,0187;0,0187;0,0177;0,0169;0,0168;0,0165;0,0172;0,0176;0,0192;0,0205;0,0197;0,0216;0,0206;0,0187;0,0129;0,0123;0,0115;0,0114;0,0114;0,0118;0,0116;0,0105;0,0103;0,0097;0,0084;0,0082;0,0082;0,0082;0,0081;0,0083;0,008;0,0083;0,008;0,0083;;;;;;;;;;;;;;;;;;;;;;;;;;;;;;;;;;;;;;;;;;;;;;;;;;;;;;;;;;;;;;;;;;;;;;;;;;;;;;;;;;;;;;;;;;;;;;;;;;;;;;;;;;;
CALCULATED;Real 10 Yr Treasury Rate;;300;0,004543;0,004843;0,008177;0,007049;0,009275;0,007222;0,005669;0,015405;0,017082;0,019894;0,020961;0,020149;0,020304;0,022262;0,021599;0,022495;0,020136;0,020251;0,017693;0,014135;0,008576;0,006857;0,008621;0,006504;0,005877;0,004577;0,003529;0,007171;0,012178;0,015337;0,010911;0,015383;0,015129;0,016064;0,014551;0,012616;0,006393;0,007656;0,00798;0,006369;0,003961;-0,000879;0,004251;0,00039;-0,001441;-0,004423;-0,003413;-0,001224;0,001015;6E-05;-0,001143;-0,003527;-0,004214;-0,008911;-0,010952;-0,010724;-0,013144;-0,013552;-0,019484;-0,015412;-0,008087;-0,003788;-0,005186;0,001564;0,007884;0,013124;0,017882;0,018043;0,016668;0,014578;0,013863;0,013219;0,017048;0,019167;0,01289;0,014536;0,01526;0,014667;0,010043;0,011287;0,013717;0,035928;0,045962;0,048843;0,056172;0,049568;0,047514;0,038969;0,030936;0,027838;0,028402;0,021586;0,018604;0,003548;-0,010869;-0,015419;-0,016101;-0,010318;-0,001155;-0,001669;-0,005315;-0,004966;-0,006103;-0,000413;-0,003362;0,009438;0,018349;0,025699;0,024218;0,02343;0,022091;0,020563;0,018712;0,021448;0,027544;0,021693;0,024863;0,033048;0,025776;0,009213;0,008447;0,008312;0,009533;0,015243;0,014974;0,009525;0,005447;0,009743;0,010345;0,002222;-0,003467;0,003788;0,011121;0,014097;0,011973;0,006994;0,013517;0,013525;0,011702;0,009844;0,00837;0,008608;0,016022;0,014756;0,015092;0,013538;0,016082;0,022449;0,021228;0,022969;0,022337;0,023905;0,02575;0,022892;0,016396;0,022917;0,023801;0,014277;0,013122;0,016653;0,008099;0,007291;0,014026;0,014531;0,020216;0,019041;0,021157;0,023372;0,030452;0,037926;0,038982;0,034707;0,039444;0,037423;0,039278;0,035183;0,028845;0,021736;0,019518;0,021301;0,023501;0,021717;0,018148;0,020809;0,020094;0,013864;0,014578;0,017332;0,020338;0,023217;0,023456;0,023189;0,023807;0,022996;0,031011;0,031614;0,022724;0,031981;0,039411;0,037654;0,03558;0,03459;0,032716;0,037156;0,037754;0,038468;0,035515;0,030831;0,035237;0,036841;0,029892;0,030381;0,03192;0,031549;0,029512;0,034331;0,038178;0,037557;0,038736;0,042443;0,04295;0,041789;0,039587;0,040476;0,040315;0,037554;0,039654;0,04115;0,037907;0,042126;0,04435;0,042248;0,041583;0,035258;0,03486;0,031075;0,028048;0,033772;0,037174;0,040823;0,038492;0,039759;0,039591;0,037634;0,034998;0,034792;0,028721;0,030416;0,031548;0,032206;0,036265;0,036626;0,036872;0,031695;0,031136;0,040171;0,043467;0,04357;0,047956;0,051651;0,052351;0,052019;0,046565;0,042894;0,043499;0,048469;0,048815;0,046989;0,04263;0,036343;0,031755;0,030816;0,031539;0,026796;0,027107;0,026821;0,030542;0,028043;0,029388;0,028242;0,029431;0,027832;0,031315;0,037993;0,039021;0,035977;0,033817;0,034721;0,035629;0,040518;0,043064;0,044295;0,043548;0,04451;0,047097;0,036457;0,043905;0,045487;0,040789;0,040206;0,037521;0,035441;0,031064;0,031325;0,031549;0,027075;0,023785;;;;;;;;;;;;;;;;;;;;;;;;;;;;;;;;;;;;
I:10YTR;10 Year Treasury Rate;;300;0,0146;0,0149;0,0184;0,0183;0,0178;0,0174;0,0194;0,0227;0,0221;0,0216;0,0206;0,0221;0,022;0,0235;0,0212;0,0205;0,0194;0,02;0,0168;0,0217;0,0218;0,0235;0,0252;0,0235;0,0258;0,0253;0,0248;0,0267;0,0273;0,0266;0,0267;0,0304;0,0275;0,0257;0,0264;0,0278;0,026;0,0252;0,0216;0,017;0,0187;0,0189;0,0202;0,0178;0,0162;0,0172;0,0165;0,0157;0,0151;0,0167;0,0159;0,0195;0,0223;0,0198;0,0183;0,0189;0,0208;0,0217;0,0192;0,0223;0,0282;0,0318;0,0305;0,0332;0,0347;0,0342;0,0342;0,033;0,0281;0,0263;0,0253;0,0247;0,0294;0,0297;0,0331;0,0369;0,0384;0,0361;0,0363;0,0385;0,0321;0,0341;0,0331;0,034;0,0352;0,0353;0,0347;0,0316;0,0271;0,0302;0,0287;0,0225;0,0293;0,0401;0,0385;0,0383;0,0399;0,0399;0,0406;0,0377;0,0345;0,0353;0,0367;0,0404;0,0397;0,0448;0,0459;0,0454;0,0478;0,0503;0,049;0,0463;0,0465;0,0456;0,0483;0,0471;0,0446;0,0461;0,0464;0,0474;0,0499;0,0515;0,0512;0,0507;0,0486;0,0455;0,0453;0,0439;0,0449;0,0457;0,0434;0,0402;0,0428;0,0394;0,04;0,0421;0,045;0,0436;0,0414;0,0424;0,0436;0,0405;0,0414;0,0413;0,045;0,0462;0,0466;0,0453;0,0386;0,0399;0,0416;0,0427;0,0434;0,0433;0,0396;0,0445;0,0449;0,0354;0,0337;0,0389;0,0383;0,0371;0,04;0,0383;0,0422;0,0393;0,0363;0,0414;0,0451;0,0486;0,0508;0,0511;0,0542;0,0488;0,0507;0,0507;0,0478;0,043;0,046;0,0485;0,0507;0,0542;0,0543;0,0535;0,0493;0,0492;0,0519;0,0512;0,0548;0,0577;0,058;0,0573;0,0604;0,0603;0,0629;0,0623;0,0603;0,0642;0,0668;0,0645;0,0618;0,0602;0,059;0,0598;0,0592;0,0581;0,0564;0,0536;0,0525;0,0529;0,0466;0,0465;0,0474;0,0464;0,0444;0,0505;0,055;0,0544;0,0556;0,0568;0,0567;0,0562;0,0553;0,0575;0,0586;0,0584;0,0612;0,0634;0,0602;0,0651;0,0667;0,0672;0,0692;0,0656;0,0653;0,0643;0,0606;0,0637;0,0672;0,0696;0,068;0,0673;0,0685;0,0666;0,0634;0,0613;0,056;0,0558;0,0576;0,0603;0,0617;0,0628;0,0645;0,0621;0,063;0,0707;0,072;0,0722;0,076;0,0784;0,0791;0,0781;0,0762;0,0719;0,0712;0,0734;0,0717;0,0706;0,0677;0,0615;0,057;0,0583;0,0583;0,0543;0,054;0,0545;0,0583;0,058;0,0616;0,0605;0,0603;0,0603;0,0639;0,067;0,0695;0,068;0,0637;0,0662;0,0672;0,0714;0,0733;0,0761;0,0754;0,0727;0,0731;0,0671;0,0738;0,0747;0,0747;0,0782;0,082;0,0824;0,0806;0,0802;0,0805;0,0802;0,0803;;;;;;;;;;;;;;;;;;;;;;;;;;;;;;;;;;;;
I:2YTR;2 Year Treasury Rate;;300;0,0067;0,0058;0,0087;0,0077;0,0073;0,0078;0,0076;0,0106;0,0094;0,0075;0,0064;0,0074;0,0067;0,0064;0,0061;0,0058;0,0056;0,0063;0,0047;0,0067;0,0047;0,005;0,0058;0,0048;0,0053;0,0047;0,0037;0,0042;0,0044;0,0033;0,0034;0,0038;0,0028;0,0031;0,0033;0,0039;0,0031;0,0036;0,003;0,0022;0,0025;0,0025;0,0027;0,0025;0,0025;0,003;0,0023;0,0022;0,0023;0,0033;0,0027;0,0027;0,0033;0,003;0,0022;0,0025;0,0025;0,0025;0,0025;0,002;0,0036;0,0045;0,0045;0,0061;0,008;0,0069;0,0058;0,0061;0,0045;0,0034;0,0042;0,0047;0,0055;0,0061;0,0076;0,0097;0,0102;0,0081;0,0082;0,0114;0,0067;0,009;0,0095;0,0097;0,0113;0,0111;0,0092;0,0091;0,0081;0,01;0,0094;0,0076;0,01;0,0156;0,02;0,0236;0,0252;0,0263;0,0266;0,0229;0,0162;0,0165;0,0217;0,0305;0,0304;0,0394;0,0397;0,0415;0,0456;0,0487;0,0492;0,046;0,0458;0,0465;0,0494;0,0482;0,0462;0,0471;0,0471;0,0479;0,0497;0,0516;0,0504;0,0487;0,0482;0,0469;0,0454;0,0441;0,0442;0,044;0,0418;0,0384;0,0402;0,0366;0,036;0,0366;0,038;0,0359;0,0329;0,0308;0,0302;0,0256;0,0263;0,0241;0,0268;0,027;0,0254;0,0231;0,016;0,0166;0,0184;0,0184;0,0206;0,0185;0,015;0,0195;0,018;0,0132;0,0133;0,0151;0,0151;0,0153;0,0172;0,0161;0,0208;0,0168;0,0172;0,0214;0,0223;0,029;0,0322;0,0324;0,0372;0,0306;0,0316;0,0307;0,0284;0,0244;0,0286;0,0364;0,0379;0,0425;0,0422;0,043;0,0418;0,0441;0,0462;0,0511;0,0561;0,0594;0,0598;0,0618;0,063;0,0638;0,0669;0,0668;0,065;0,0653;0,0661;0,0624;0,0601;0,0579;0,0563;0,0573;0,0563;0,0553;0,0542;0,0508;0,0499;0,0513;0,0458;0,0454;0,0454;0,0412;0,043;0,0491;0,0549;0,0549;0,0553;0,0559;0,056;0,0555;0,0532;0,0566;0,0576;0,0563;0,058;0,0597;0,0574;0,0608;0,0622;0,0629;0,0645;0,0609;0,0594;0,0588;0,0559;0,0577;0,061;0,0634;0,0622;0,0611;0,0627;0,0603;0,0579;0,0544;0,0493;0,0518;0,0536;0,0561;0,0583;0,0585;0,0588;0,0579;0,0589;0,066;0,068;0,0679;0,0726;0,0769;0,074;0,0684;0,0662;0,0617;0,0599;0,0619;0,0601;0,0573;0,0521;0,0467;0,0412;0,0425;0,0422;0,0399;0,0389;0,0388;0,0413;0,0403;0,0424;0,0383;0,0396;0,0392;0,042;0,0456;0,0479;0,044;0,038;0,0415;0,0442;0,0483;0,0519;0,0546;0,056;0,0527;0,0511;0,0477;0,0538;0,057;0,0599;0,0636;0,0681;0,069;0,0668;0,068;0,0702;0,0704;0,0705;;;;;;;;;;;;;;;;;;;;;;;;;;;;;;;;;;;;
I:3YTR;3 Year Treasury Rate;;300;0,0076;0,0071;0,0103;0,0092;0,0087;0,0091;0,0097;0,0131;0,0124;0,0105;0,0092;0,0107;0,01;0,0101;0,0094;0,0091;0,0089;0,0101;0,0077;0,011;0,0088;0,0095;0,0107;0,0094;0,0102;0,0088;0,0079;0,0087;0,009;0,0069;0,0069;0,0078;0,0056;0,0057;0,0063;0,0079;0,0061;0,0066;0,0052;0,0032;0,0036;0,0036;0,0042;0,0036;0,0034;0,0038;0,0031;0,003;0,003;0,0041;0,0035;0,0038;0,0051;0,0043;0,003;0,0036;0,0041;0,0041;0,0042;0,0033;0,0055;0,0081;0,0079;0,0101;0,0129;0,0118;0,0098;0,0102;0,0072;0,0051;0,0064;0,0072;0,0084;0,01;0,0126;0,0151;0,016;0,0136;0,0138;0,017;0,0112;0,0143;0,0145;0,0149;0,0162;0,0164;0,0142;0,0138;0,0115;0,014;0,0132;0,01;0,0127;0,018;0,0228;0,026;0,0281;0,0291;0,0293;0,0249;0,0179;0,0187;0,0227;0,0307;0,0309;0,0394;0,0403;0,0416;0,0455;0,0489;0,0488;0,0454;0,0454;0,0455;0,0485;0,0474;0,0452;0,0462;0,0462;0,0471;0,0493;0,0513;0,0503;0,0487;0,0483;0,0467;0,0449;0,0437;0,0441;0,0441;0,0418;0,0383;0,0406;0,0367;0,0365;0,0373;0,0396;0,0375;0,0343;0,0325;0,0329;0,0282;0,0289;0,0275;0,0309;0,0316;0,031;0,0286;0,0199;0,0213;0,0235;0,0237;0,0256;0,0236;0,0195;0,0251;0,0233;0,0166;0,0158;0,0195;0,0193;0,0191;0,0216;0,0199;0,0251;0,0205;0,0202;0,025;0,0267;0,0337;0,0373;0,0383;0,0431;0,0364;0,037;0,0359;0,033;0,0287;0,0322;0,0391;0,0406;0,0452;0,0449;0,0455;0,0433;0,0448;0,0467;0,0506;0,0552;0,0587;0,0591;0,0609;0,0624;0,0631;0,0666;0,0664;0,0644;0,0658;0,0665;0,0629;0,0605;0,059;0,057;0,0582;0,057;0,0559;0,0551;0,0517;0,0507;0,0516;0,0457;0,0455;0,0454;0,0424;0,0426;0,0485;0,0548;0,0549;0,0554;0,0562;0,0561;0,0555;0,0535;0,0568;0,058;0,057;0,0588;0,061;0,0581;0,0625;0,0637;0,0642;0,066;0,0623;0,0608;0,0604;0,057;0,0592;0,0628;0,0654;0,0639;0,063;0,0644;0,0619;0,0591;0,0556;0,0506;0,0525;0,0541;0,057;0,0591;0,0595;0,0602;0,0588;0,0595;0,0672;0,0692;0,069;0,0739;0,078;0,0762;0,071;0,0692;0,0644;0,0633;0,0652;0,0636;0,0616;0,0566;0,0504;0,0444;0,0458;0,0455;0,043;0,0424;0,042;0,045;0,0439;0,0463;0,043;0,0442;0,0437;0,0472;0,0512;0,0536;0,0498;0,0434;0,0469;0,0497;0,0539;0,0575;0,0605;0,0617;0,0575;0,0565;0,0511;0,0576;0,0606;0,0628;0,0668;0,0721;0,0733;0,071;0,0715;0,073;0,0726;0,073;;;;;;;;;;;;;;;;;;;;;;;;;;;;;;;;;;;;
I:3MTRNK;3 Month Treasury Rate;;300;0,0028;0,0026;0,0034;0,0022;0,0021;0,0033;0,0033;0,0016;0,0022;0,0008;0;0,0008;0,0008;0,0001;0,0001;0,0001;0,0003;0,0002;0,0002;0,0004;0,0002;0,0001;0,0002;0,0003;0,0003;0,0004;0,0004;0,0003;0,0005;0,0005;0,0002;0,0007;0,0006;0,0004;0,0002;0,0003;0,0004;0,0004;0,0004;0,0005;0,0007;0,0011;0,0007;0,0005;0,0008;0,0011;0,001;0,0009;0,0011;0,0009;0,0007;0,001;0,0007;0,0008;0,0006;0,0002;0,0001;0,0001;0,0002;0,0002;0,001;0,0003;0,0006;0,0004;0,0009;0,0015;0,0015;0,0012;0,0017;0,0012;0,0016;0,0014;0,0015;0,0018;0,0016;0,0016;0,0016;0,0013;0,0008;0,0006;0,0006;0,0005;0,0014;0,0015;0,0018;0,0019;0,0014;0,0014;0,0021;0,0026;0,0024;0,0011;0,0001;0,0046;0,0092;0,0172;0,0168;0,019;0,0189;0,0143;0,0138;0,0185;0,0196;0,0336;0,0315;0,0394;0,0382;0,0401;0,0496;0,0482;0,0473;0,0491;0,0504;0,0516;0,0512;0,0502;0,0503;0,0508;0,0489;0,0505;0,051;0,0501;0,0486;0,0477;0,0463;0,0462;0,0447;0,0408;0,0395;0,0398;0,0355;0,0352;0,0342;0,0313;0,0299;0,029;0,0279;0,0276;0,0251;0,0222;0,0223;0,0191;0,0171;0,0159;0,0145;0,0133;0,0108;0,0098;0,0095;0,0096;0,0092;0,0095;0,0093;0,0096;0,0095;0,0098;0,0096;0,009;0,0111;0,0113;0,0114;0,012;0,0118;0,0122;0,0122;0,0144;0,0157;0,0169;0,0171;0,017;0,0174;0,0177;0,0179;0,0179;0,0176;0,0174;0,0178;0,0205;0,024;0,0337;0,0354;0,0365;0,0363;0,0395;0,043;0,0485;0,0499;0,0589;0,0621;0,0638;0,0623;0,0631;0,0627;0,0588;0,0563;0,0582;0,0588;0,0578;0,0576;0,0533;0,053;0,0512;0,0488;0,0498;0,0475;0,0478;0,0466;0,0455;0,0449;0,0466;0,0448;0,0448;0,0457;0,0433;0,0437;0,0496;0,051;0,051;0,0503;0,05;0,0516;0,0532;0,0519;0,0536;0,0522;0,0521;0,0506;0,0524;0,0525;0,0525;0,0496;0,0528;0,0535;0,0522;0,0515;0,0521;0,0513;0,0517;0,0514;0,0529;0,0532;0,0518;0,0518;0,0514;0,0513;0,0502;0,0505;0,051;0,0548;0,0548;0,054;0,0545;0,056;0,056;0,0581;0,0587;0,0588;0,0594;0,06;0,0568;0,0572;0,052;0,048;0,0468;0,0439;0,0426;0,0431;0,0397;0,0356;0,0347;0,0305;0,0307;0,0321;0,031;0,0298;0,0308;0,031;0,031;0,0313;0,0297;0,0295;0,0301;0,0296;0,0315;0,0338;0,0303;0,0275;0,0323;0,0325;0,0365;0,0379;0,0379;0,0415;0,0403;0,0394;0,0396;0,0447;0,0496;0,0526;0,0549;0,057;0,0571;0,0571;0,0568;0,0592;0,0622;0,0637;;;;;;;;;;;;;;;;;;;;;;;;;;;;;;;;;;;;
I:M1MS;M1 Money Stock;3-month log diff;300;3244000;3228700;3208600;3182300;3167500;3155100;3100900;3087300;3094300;3051900;3065700;3034000;3032500;3040800;3004100;2992800;2986000;2987900;2943800;2921200;2881600;2879100;2879500;2804300;2838600;2826100;2791300;2789300;2758900;2698500;2691200;2641400;2629700;2626800;2601000;2565100;2548800;2510400;2529100;2530100;2482900;2462800;2463700;2458600;2408700;2427400;2374800;2341000;2304100;2258200;2249400;2250600;2225900;2212000;2205800;2161800;2180600;2136100;2128300;2120200;1998900;1949900;1949000;1898600;1895900;1896500;1871400;1860000;1844500;1788100;1769100;1754300;1728100;1739900;1704700;1691100;1707600;1703600;1678500;1696500;1695500;1684900;1659900;1641200;1656000;1653500;1620900;1597800;1572300;1560700;1561500;1603400;1524200;1485100;1502600;1404900;1418200;1406600;1393600;1398000;1390700;1379400;1384900;1371100;1379900;1382000;1364100;1387500;1367600;1360400;1389600;1382500;1375800;1365000;1382200;1384900;1392000;1378300;1365200;1386900;1370500;1384100;1400200;1389500;1398100;1396100;1393700;1386900;1391200;1378300;1390000;1388900;1380700;1398200;1381100;1362400;1381000;1379600;1375300;1390000;1390200;1370300;1373700;1351600;1349600;1355400;1324000;1334800;1334700;1319600;1309200;1302500;1293100;1299500;1297300;1288900;1287500;1282500;1271500;1255200;1238500;1230100;1229500;1218700;1203600;1212600;1205500;1189400;1204000;1193500;1193600;1186900;1191600;1188200;1183600;1182400;1171300;1160800;1205500;1148900;1138200;1123800;1117500;1115300;1105100;1103300;1093300;1089600;1095700;1095600;1096100;1100300;1094200;1098000;1096900;1113200;1103100;1100600;1106300;1126500;1104800;1101600;1089600;1082800;1096500;1095100;1099200;1095100;1093800;1099800;1093900;1091600;1096100;1086900;1074500;1069800;1067700;1066900;1072900;1068500;1064800;1076800;1070900;1071400;1066400;1058700;1060100;1074500;1060600;1062100;1060600;1055500;1063600;1075300;1075800;1070700;1078100;1077800;1091800;1098600;1112100;1113000;1110800;1118600;1123200;1116900;1117900;1127000;1133800;1135200;1140000;1143400;1146200;1143800;1142800;1149800;1147200;1146200;1148000;1149300;1151200;1148100;1152300;1151600;1151400;1145300;1142300;1137900;1141500;1136500;1132700;1131900;1124700;1113000;1103900;1096800;1086500;1077600;1073000;1047200;1040400;1034700;1030900;1028400;1017900;1009200;994200;978500;966800;955200;952300;945600;939700;928600;918200;897500;887400;880800;871800;869100;862700;856100;849700;841200;840200;832000;828400;;;;;;;;;;;;;;;;;;;;;;;;;;;;;;;;;;;;
I:VM1MSUS;Velocity of M1 Money Stock in the US;3-month log diff;300;5,741;5,741;5,872;5,872;5,872;5,946;5,946;5,946;5,961;5,961;5,961;6;6;6;5,99;5,99;5,99;6,107;6,107;6,107;6,191;6,191;6,191;6,184;6,184;6,184;6,266;6,266;6,266;6,447;6,447;6,447;6,544;6,544;6,544;6,573;6,573;6,573;6,672;6,672;6,672;6,691;6,691;6,691;6,916;6,916;6,916;7,159;7,159;7,159;7,215;7,215;7,215;7,303;7,303;7,303;7,498;7,498;7,498;8,03;8,03;8,03;8,13;8,13;8,13;8,374;8,374;8,374;8,638;8,638;8,638;8,714;8,714;8,714;8,645;8,645;8,645;8,631;8,631;8,631;8,672;8,672;8,672;8,823;8,823;8,823;9,108;9,108;9,108;9,495;9,495;9,495;10,403;10,403;10,403;10,627;10,627;10,627;10,597;10,597;10,597;10,671;10,671;10,671;10,622;10,622;10,622;10,497;10,497;10,497;10,401;10,401;10,401;10,268;10,268;10,268;10,169;10,169;10,169;9,998;9,998;9,998;9,883;9,883;9,883;9,725;9,725;9,725;9,611;9,611;9,611;9,487;9,487;9,487;9,356;9,356;9,356;9,164;9,164;9,164;9,147;9,147;9,147;9,118;9,118;9,118;9,096;9,096;9,096;9,084;9,084;9,084;8,986;8,986;8,986;8,977;8,977;8,977;9,1;9,1;9,1;9,167;9,167;9,167;9,24;9,24;9,24;9,189;9,189;9,189;9,098;9,098;9,098;9,12;9,12;9,12;9,131;9,131;9,131;9,493;9,493;9,493;9,537;9,537;9,537;9,579;9,579;9,579;9,404;9,404;9,404;9,278;9,278;9,278;9,017;9,017;9,017;8,926;8,926;8,926;8,843;8,843;8,843;8,675;8,675;8,675;8,611;8,611;8,611;8,54;8,54;8,54;8,493;8,493;8,493;8,349;8,349;8,349;8,26;8,26;8,26;8,216;8,216;8,216;8,129;8,129;8,129;8,033;8,033;8,033;7,798;7,798;7,798;7,648;7,648;7,648;7,394;7,394;7,394;7,205;7,205;7,205;7,038;7,038;7,038;6,884;6,884;6,884;6,735;6,735;6,735;6,634;6,634;6,634;6,57;6,57;6,57;6,498;6,498;6,498;6,387;6,387;6,387;6,359;6,359;6,359;6,282;6,282;6,282;6,267;6,267;6,267;6,309;6,309;6,309;6,426;6,426;6,426;6,526;6,526;6,526;6,6;6,6;6,6;6,755;6,755;6,755;6,837;6,837;6,837;6,905;6,905;6,905;7,075;7,075;7,075;7,18;7,18;7,18;7,232;7,232;7,232;7,27;7,27;7,27;7,326;7,326;;;;;;;;;;;;;;;;;;;;;;;;;;;;;;;;;;;;
I:TWUSDIB;Trade Weighted US Dollar Index: Broad;3-month log diff;259;121,305;121,5827;122,1676;118,3204;119,4276;123,9154;125,3309;122,977;121,7531;119,5576;120,7987;120,0123;117,9717;115,507;115,5951;114,0714;116,2881;114,6875;114,7085;111,2932;108,8321;106,6707;106,0525;103,3719;103,1277;101,9153;102,5016;102,6843;102,9768;103,0594;103,7456;102,1025;102,1404;101,1145;101,3982;103,1194;101,9209;102,62;101,9022;99,6605;100,5811;100,5121;98,9438;99,2112;99,2105;99,2813;99,0314;100,4287;101,075;101,1837;102,9683;98,5209;98,6681;97,9282;98,7045;100,6443;99,768;97,5026;100,334;94,9802;93,9994;95,0081;95,21;94,1407;96,666;97,4949;98,3301;99,17;100,9581;98,773;100,0708;103,6124;102,2302;105,0679;105,3493;101,863;101,9354;102,6392;102,8348;101,5981;99,9751;101,348;101,8751;103,519;103,1759;105,3533;104,1882;108,9806;111,3735;114,0378;110,9526;107,3982;110,5611;108,6113;101,3841;98,9796;95,7968;95,761;95,5939;95,9207;95,6687;96,2922;97,9012;99,0339;99,121;98,7933;100,6148;103,4247;103,154;103,9601;104,1493;104,679;106,1052;107,0632;107,8447;106,9251;106,5054;107,4272;108,2029;107,7988;108,0864;108,3515;107,9063;108,1729;110,6574;109,9468;109,651;111,7458;112,1133;111,8271;110,9656;110,7168;111,5618;112,0044;111,3646;109,9831;109,8675;108,7762;109,7435;108,2024;108,865;111,8349;113,8116;115,0833;115,9702;115,7312;115,8238;116,3298;113,3985;114,1328;113,5084;113,3564;115,5297;116,3649;116,8824;120,1881;119,8091;117,9512;117,6618;120,0754;122,3633;123,1809;123,5594;124,3199;126,0886;126,3082;126,8295;125,0386;125,4922;124,3034;125,9472;127,8031;129,3663;130,0647;130,0039;128,0444;126,8838;127,2079;126,4572;125,114;127,0052;127,5834;127,213;126,341;127,6213;123,9799;122,776;122,2128;124,0381;123,8407;121,3122;119,9812;119,7235;118,6773;119,4875;118,9745;116,1074;117,2643;116,7829;114,9633;115,7545;115,1553;115,2727;115,9054;116,1274;117,3702;117,7511;116,1825;116,9254;117,4409;115,9245;113,7533;115,3833;114,312;117,9651;120,2243;118,022;117,4886;116,2637;113,6138;114,3475;114,0125;115,8837;113,8195;109,7412;107,1133;105,7319;105,5356;104,7233;102,254;102,1076;104,0535;102,5186;102,1151;101,1326;99,0104;98,4015;98,3615;98,1281;97,3231;97,0845;97,8203;97,4956;96,9887;96,6419;96,5937;97,0785;95,4634;95,2557;94,0469;93,1247;93,3792;90,4943;90,1676;90,3528;89,8462;91,673;93,2739;94,1663;;;;;;;;;;;;;;;;;;;;;;;;;;;;;;;;;;;;;;;;;;;;;;;;;;;;;;;;;;;;;;;;;;;;;;;;;;;;;;;;;;;;
I:USRPCE;US Real Personal Consumption Expenditures;3-month log diff;211;11514,3;11514,3;11478;11456,2;11374,4;11376,4;11344,9;11351,5;11315,5;11290,8;11285,5;11253,1;11229,1;11199,2;11195,1;11149,7;11133,2;11092,6;11081,3;11059,2;11049,7;11000,2;10939,1;10940,3;10859,2;10851,8;10813,5;10804,7;10779,6;10732,2;10662,3;10717,6;10702,5;10651;10630;10582;10584,6;10576,5;10556,2;10530,1;10530,5;10519,2;10504,9;10478,5;10454,3;10426,9;10444,3;10405,9;10422,2;10390,3;10400,2;10399,5;10384,7;10398;10354,4;10310,2;10313,3;10326,8;10297,9;10271,6;10277,2;10248,3;10229,5;10235,2;10240,2;10210;10201,2;10186,4;10175,2;10136,8;10087,1;10074,8;10027,4;10021,2;10001,3;9972,7;9960,1;9911,3;9881,7;9896,8;9848,1;9849,5;9830,9;9933,4;9833,3;9801,1;9811,4;9806,6;9822,1;9846,2;9884,2;9842,1;9896,5;9915,6;9960;10026,4;10028,8;10070,2;10084,1;10079,5;10063;10045,3;10074,7;10085,1;10093;10067,3;10079,7;10080,7;10047,1;10024,7;10030,3;10018,8;9997,9;9990,3;9983,8;9976,5;9927,5;9911,3;9864,5;9813,7;9836;9790,2;9781,9;9771,1;9753;9733,6;9701,1;9665,3;9625,4;9573,4;9548,8;9586,1;9620,8;9560,7;9463,2;9510,4;9435,5;9412,3;9379,8;9381;9323;9309,5;9295,6;9226,2;9207,3;9145,9;9184,6;9135,9;9128,5;9089,3;9071,5;9033;9026;8967,4;8945,7;8976,4;8896,1;8850,4;8798,5;8779,6;8725,5;8684,9;8727,3;8719,2;8665,3;8638,6;8604,7;8645,8;8633,6;8583,8;8543;8577,6;8533,8;8537,6;8502,4;8475,6;8489,9;8531,9;8332,2;8412,7;8368,8;8352,1;8351,4;8318,7;8317,4;8326,3;8314,4;8314,9;8272,5;8265,8;8269,4;8203,8;8160,6;8156;8139;8101,6;8110,8;8065,3;7988,5;8015,7;7911,9;7874,8;7858,2;7820,9;7778,8;7765,2;7731,6;7697,8;7654,1;7620;7582;;;;;;;;;;;;;;;;;;;;;;;;;;;;;;;;;;;;;;;;;;;;;;;;;;;;;;;;;;;;;;;;;;;;;;;;;;;;;;;;;;;;;;;;;;;;;;;;;;;;;;;;;;;;;;;;;;;;;;;;;;;;;;;;;;;;
I:USRDPI;US Real Disposable Personal Income;3-month log diff;300;12600,9;12600,9;12591,5;12590,1;12578,5;12548,6;12547,2;12534,1;12477,3;12461,6;12427,6;12403,1;12365,9;12335,4;12304,1;12260,3;12186,5;12191,4;12171,1;12163,4;12126,8;12080,1;12026,7;12009,6;11955,2;11932,1;11776,7;11758,1;11745;11704,9;11646,4;11602,8;11595;11559,1;11599,4;11570,2;11538,3;11540,4;11517,8;11461,4;11451,3;11431;11411,4;12194,8;11884,7;11729,1;11660,2;11605,6;11626,4;11657,8;11632,1;11620;11589;11559;11495,2;11416;11329,3;11340,8;11330,8;11363,5;11371,2;11325,8;11277,1;11282,8;11312,4;11329;11297,4;11239;11160,8;11128,3;11101,2;11114,7;11080,5;11071,3;11067;10993,2;10912;10887,5;10906,7;10925,7;10888;10862,6;10907,1;10892,4;10919,5;10958;11147,2;10976,4;10916,6;10916;11015,1;10969,2;11008,9;10933;10878,9;10866,7;10954,3;11129,8;11431,6;10906,9;10948,4;10925,4;10906,2;10874,9;10828,9;10839,4;10859,2;10831,6;10825,1;10800,7;10813;10818,3;10820,6;10788;10759,9;10750,4;10722,4;10684,6;10623,5;10558,6;10560,4;10563,3;10539,8;10549,1;10562,7;10543,4;10498,6;10359,6;10304,9;10234,6;10185,6;10238;10222,5;10196,8;10167,5;10125,6;10105,9;10074,5;10070,4;10418,5;10051,2;10075;10066;10065,8;10036,4;10020,5;10020,2;9969,2;9936,6;9900,7;9879,9;9869,1;9852,4;9780,6;9739;9852,8;9792,1;9683,2;9650,6;9576,2;9514,9;9481,3;9500,8;9497;9469,5;9448,3;9427,1;9422;9429,7;9459;9438,5;9417,9;9391,3;9395,5;9385,7;9190,4;9167,5;9145,7;9290,6;9359;9198,4;9062,4;9061,7;9080,8;9101,3;9073;9054,5;9004,6;8994;9000;8985,5;8985,2;8937,1;8890,2;8869,8;8836,9;8800,6;8778,7;8744,8;8672,2;8601,7;8541,3;8488,3;8494,4;8458,4;8448,9;8420,1;8402,6;8418,6;8409;8381,7;8349,5;8335;8301,1;8287,3;8261,8;8234,8;8219,9;8173,6;8140,5;8114;8067;8015;7942,9;7898,4;7849,7;7813;7791,7;7751,8;7720,6;7696,3;7664,7;7659,5;7624,6;7602,1;7577,2;7550,6;7530,8;7531,8;7513,8;7495,6;7515,5;7470,8;7376,4;7419,1;7394,6;7337,5;7326,1;7317,5;7297,7;7289,4;7265,8;7259,9;7245,4;7223,3;7153,1;7208,3;7190,3;7174,2;7144,2;7111,1;7113,4;7048,2;7019,1;7008,8;7002,8;7016,1;6932,6;6930,4;6908,4;6892,9;7023,2;6791,6;6772,6;6809,3;6826,9;6817,1;6800,8;6814,5;6825,9;6794,6;6817,1;6793,6;6922,8;6685,9;6682,5;6725,8;6759,6;6736,8;6741,7;6712,9;6679,4;6659,6;6649,9;6616,3;6546,2;6486,7;6474;6463,7;6445;6432,8;6445,9;6412,9;6412,7;6390,6;6379,4;6369,3;;;;;;;;;;;;;;;;;;;;;;;;;;;;;;;;;;;;
I:USCIPI;US Change in Industrial Production;3-month log diff;300;0,006021;0,006021;-0,00302;0,004537;-0,009734;-0,001701;0,004847;-0,004229;-0,006445;-0,001351;-0,002568;0,000975;0,005871;-0,001581;-0,002349;-0,002292;-0,003236;-0,001255;-0,004953;-0,00158;0,00987;0,000655;0,003575;-0,00008;0,000809;0,004474;0,003964;0,001454;0,002714;0,007798;-0,001785;0,002649;0,002561;0,000169;0,0058;0,00766;-0,003872;0,022591;0,001057;-0,001777;0,004485;0,006457;0,000522;0,000991;0,009748;-0,000774;0,0028;-0,006054;0,005602;0,00051;0,003261;0,008228;-0,003822;0,003749;0,008564;0,003873;0,001103;0,005149;0,001021;0,004876;0,0064;0,002353;0,003173;-0,004707;0,009966;-0,005517;0,000249;0,008479;0,001978;-0,003101;0,002635;0,002842;0,006302;0,002268;0,0156;0,003944;0,007584;0,00265;0,012194;0,003344;0,003856;0,00359;0,007324;0,009537;0,009972;-0,00378;-0,010578;-0,007795;-0,014912;-0,007157;-0,022002;-0,02837;-0,012793;0,008494;-0,042078;-0,015322;-0,004896;-0,001995;-0,004619;-0,007199;-0,002666;-0,002695;-0,002468;-0,000236;0,005666;-0,004867;0,003829;0,001268;0,000461;-0,000062;0,000437;0,00726;0,001362;0,010857;-0,004715;0,009762;-0,001277;-0,000371;-0,00175;0,003345;0,000121;0,003854;-0,001435;0,003768;0,002562;0,000418;0,001206;0,005736;0,009845;0,012925;-0,019867;0,001531;-0,001958;0,003966;0,00173;0,001343;-0,000884;0,00645;0,004702;0,006832;0,002071;0,009611;0,000696;0,000306;0,007691;-0,008055;0,007609;0,003786;-0,005166;0,005264;0,00265;-0,001125;0,007619;0,000712;0,005702;-0,002541;0,005944;0,000379;0,000474;-0,007785;-0,002087;0,002806;0,006744;-0,004787;0,005106;-0,003133;0,001007;0,000197;-0,002355;0,009578;0,004308;0,004508;0,007816;0,00014;0,006181;0,000174;-0,005419;-0,004966;-0,003515;-0,002008;-0,00533;-0,006637;-0,007276;-0,002987;-0,002954;-0,006219;-0,007293;-0,002979;-0,00007;-0,003467;0,0038;-0,003405;-0,001179;0,000786;0,002152;0,00734;0,004285;0,002987;0,000368;0,007636;0,004907;0,013374;-0,003544;0,00406;0,006342;-0,00157;0,007697;0,001933;0,00192;0,004528;0,004661;0,003509;-0,000406;0,007727;-0,002561;0,020804;-0,003781;-0,006518;0,006176;0,003479;0,0008;0,000837;0,005085;0,00319;0,00886;0,00895;0,008868;0,009758;0,008549;0,004941;0,006277;0,000733;0,007018;0,012114;0,001564;0,006266;0,008631;-0,000756;0,006415;0,006207;-0,001965;0,008372;0,007156;0,008677;-0,001386;0,015618;-0,006608;0,00382;0,002496;-0,001458;0,003722;0,013345;-0,004082;0,003972;0,002969;-0,000295;0,001456;-0,000945;0,002041;0,010275;0,006185;0,008424;0,00354;0,005616;0,001676;0,006745;0,005638;0,00532;0,010243;0,000308;0,00408;0,00517;0,004066;0,007655;0,004726;-0,000615;0,002889;0,001778;-0,003655;0,002999;-0,000461;0,00369;0,004773;0,000671;0,004196;0,0077;0,00228;-0,004777;0,008951;-0,000229;0,00339;0,006953;0,008732;0,007279;-0,006169;-0,003812;-0,000955;-0,00224;0,00863;0,00137;0,000073;0,009287;0,009938;0,002172;-0,005367;-0,006595;-0,004551;;;;;;;;;;;;;;;;;;;;;;;;;;;;;;;;;;;;
I:USNHPUM;US New Housing Permits;3-month log diff;300;114;114;107,7;99,7;97,7;84,5;74,8;97,5;91;99,3;98,3;98,4;103,2;134,8;111,9;106;92,5;78,6;71;85;72,8;98,4;92,7;90,3;97,1;95,7;93,8;99,1;86,3;72,3;68,6;77,8;73,5;92,5;83,1;87,1;90,2;85,7;97,2;92,8;77,7;67,8;63,7;67,2;68,7;77,5;73,7;80;74,1;75,9;77,7;64,1;69,5;53,5;47,8;51,6;51,9;52;53,2;62,6;52,6;63,8;57,3;50,7;54,4;37,7;36,3;47,6;40,9;43,5;48,5;53,7;51,6;59,2;51,1;58,9;64,1;45,3;40,4;49,2;42,1;47,9;52,9;54;56,1;61,3;49,5;47,8;45,4;39,2;37,6;41,2;41,5;63,7;70,9;76,3;85,9;110,6;92,3;91,5;79,1;75;77,4;77,8;89,5;103,8;100,5;126;122,5;135,6;146;130,9;139,4;112,1;114,1;113,6;111,4;133,1;136,6;161,2;148;184,2;184,4;168,6;194,2;151;152,6;151,3;162,9;176;193,7;208;185,5;211,9;193,1;193,2;190,5;149,4;139,7;155,2;156,4;174,5;174,9;185,2;185,9;197,1;188,4;192,5;190,7;137,1;132;147,9;130,5;182,8;169,1;169,9;173;175,8;169,5;167,6;148,4;128,5;126,4;135,8;126,8;162,9;149,5;153,7;159,3;158;164,2;156;143,2;122,5;115,7;113,6;124,4;140,2;125,2;151,4;140,6;153,9;159,8;148,6;147,7;114,3;117;102,9;121;134,8;131,4;146,8;129,8;155,1;148,9;138,9;153,7;121,8;107,3;120,9;125,6;137,6;137,3;151,9;149,1;169,3;145,1;151,8;154,6;114,7;105,7;124,5;119,9;149,8;141,7;144,7;149,3;153,4;138,2;146,3;140,9;107,4;96,2;106,4;100,4;135,5;134,4;126;133,7;133,6;131,6;137,2;120,1;94,1;88,1;99,2;100,7;123,7;121,1;129,1;135,1;131,4;140,5;140,1;120,4;96;88,3;97,4;107,8;122,2;124,1;133,5;115,6;129,3;122,8;109,7;111,5;80,4;78;94,2;100,5;117;127,2;131,5;114,8;138,8;131,4;127,6;126,4;81,7;80,7;100,1;98,1;107;111,5;111,9;104,5;117,8;101,7;107,3;99,1;73,1;67,1;79,5;76,4;97,1;99,2;93;101,1;109,2;97,1;103,9;97,7;72,6;67,9;68,5;67,1;89,8;80,6;84,9;91,3;93,2;98,3;90,9;78,7;54,1;51,5;;;;;;;;;;;;;;;;;;;;;;;;;;;;;;;;;;;;
I:USTNP;US Total Nonfarm Payrolls;3-month log diff;300;144448;144193;143901;143877;143733;143547;143314;143146;142875;142595;142300;142151;142001;141724;141496;141223;140972;140888;140623;140402;140110;139779;139579;139293;139075;138843;138537;138324;138014;137742;137574;137476;137367;137050;136825;136675;136419;136255;136128;135909;135722;135607;135293;135064;134850;134647;134422;134261;134111;133951;133863;133753;133657;133414;133188;132498;132268;132094;131928;131703;131571;131493;131284;131169;130865;130660;130464;130346;130226;130105;129885;129912;129963;130021;130188;129672;129433;129244;129279;129320;129450;129505;129726;129962;130193;130493;130995;131381;132041;132837;133563;134383;135002;135804;136313;136747;137014;137245;137423;137656;137841;137913;137996;137983;137899;137772;137681;137612;137638;137687;137620;137479;137400;137182;137094;136891;136711;136506;136514;136358;136173;135971;135891;135880;135698;135411;135094;134813;134655;134321;134237;134174;133979;133610;133364;133195;132835;132693;132453;132317;132185;132121;131770;131610;131489;131442;131361;131051;130801;130463;130420;130270;130146;130128;129925;129822;129864;129839;129841;129847;129896;130108;130266;130183;130339;130331;130205;130260;130276;130373;130328;130335;130420;130444;130591;130723;130901;131193;131518;131762;131922;132047;132175;132219;132500;132530;132469;132485;132347;132116;132127;132005;132002;131839;131885;131660;131374;130902;130781;130532;130238;129944;129536;129334;129142;128851;128585;128372;127996;127890;127480;127359;127017;126733;126540;126322;125970;125851;125639;125238;124961;124817;124628;124358;124059;123756;123417;122909;122927;122644;122391;122135;121844;121532;121231;121001;120834;120538;120295;120075;119879;119647;119369;119046;118885;118622;118188;118207;118076;117928;117781;117536;117265;117186;116955;116971;116809;116587;116378;116057;115783;115360;115153;114799;114499;114136;113821;113490;113137;112675;112474;112206;111898;111637;111360;111119;110958;110663;110490;110225;109916;109967;109725;109415;109204;109064;108887;108852;108711;108640;108580;108454;108296;108246;108312;108263;108240;108298;108286;108251;108236;108283;108196;108324;108535;108695;109001;;;;;;;;;;;;;;;;;;;;;;;;;;;;;;;;;;;;
I:USICUI;US Initial Jobless Claims;3-month log diff;300;269000;270000;268000;274000;276000;262000;286000;285000;274000;278000;277000;281000;269000;280000;277000;266000;268000;310000;284000;291000;299000;291000;292000;304000;303000;311000;314000;341000;330000;333000;344000;335000;317000;348000;320000;326000;333000;340000;353000;329000;374000;336000;365000;361000;390000;365000;376000;377000;372000;371000;381000;372000;357000;364000;372000;376000;397000;399000;406000;409000;406000;421000;418000;468000;399000;385000;420000;404000;432000;453000;459000;467000;476000;464000;458000;449000;459000;488000;496000;468000;475000;522000;554000;564000;587000;594000;607000;620000;665000;652000;629000;533000;529000;480000;483000;442000;434000;392000;362000;370000;387000;354000;366000;360000;352000;328000;317000;329000;305000;317000;310000;301000;307000;322000;308000;341000;349000;328000;309000;314000;311000;309000;330000;321000;295000;293000;282000;302000;311000;322000;359000;318000;316000;311000;340000;334000;342000;314000;331000;320000;335000;332000;351000;352000;341000;348000;337000;339000;340000;348000;376000;349000;357000;379000;387000;407000;398000;429000;431000;444000;436000;421000;407000;409000;377000;409000;409000;394000;390000;386000;403000;414000;479000;398000;414000;421000;491000;483000;517000;395000;388000;394000;405000;406000;388000;386000;362000;353000;356000;301000;292000;312000;298000;296000;280000;291000;272000;280000;285000;268000;288000;285000;306000;290000;300000;291000;303000;291000;298000;301000;305000;336000;310000;308000;294000;310000;335000;376000;322000;311000;312000;317000;315000;303000;318000;306000;317000;332000;306000;322000;321000;337000;325000;322000;340000;357000;332000;352000;348000;329000;327000;337000;343000;343000;393000;365000;387000;359000;379000;377000;355000;359000;351000;358000;374000;365000;332000;336000;324000;319000;329000;331000;325000;341000;332000;341000;348000;344000;322000;327000;406000;290000;337000;348000;343000;337000;356000;340000;349000;350000;366000;362000;340000;313000;341000;365000;409000;408000;564000;420000;411000;424000;420000;444000;441000;441000;444000;423000;437000;425000;423000;418000;443000;462000;499000;499000;462000;;;;;;;;;;;;;;;;;;;;;;;;;;;;;;;;;;;;
I:USMAWH;US Manufacturing Average Weekly Hours;3-month log diff;125;40,7;40,7;40,8;40,7;40,6;40,7;40,7;40,6;40,7;40,7;40,6;40,8;40,8;40,6;40,7;40,7;40,8;40,9;41;40,9;41,1;40,9;40,9;41;40,9;41,1;41,1;40,9;41;40,7;40,7;41;41;40,9;40,9;40,9;40,7;40,8;40,7;40,7;40,8;40,9;40,85;40,8;40,7;40,5;40,6;40,5;40,8;40,7;40,6;40,8;40,7;40,8;40,9;40,6;40,5;40,6;40,4;40,4;40,3;40,4;40,5;40,4;40,5;40,4;40,3;40,4;40,3;40,4;40,4;40,3;40,2;40,2;40,4;40,2;40;39,6;39,9;39,7;39,6;39,2;39,1;39,2;38,9;38,7;38,5;38,6;38,6;38,9;38,8;39,1;39,3;39,6;39,6;39,8;39,8;40,1;40,1;40;40,2;40,2;40,1;40,2;40,1;39,9;40,1;40;40,1;40;40;40,1;40;40;40,1;40;39,9;40;40;39,9;40,1;40;40;39,8;39,8;;;;;;;;;;;;;;;;;;;;;;;;;;;;;;;;;;;;;;;;;;;;;;;;;;;;;;;;;;;;;;;;;;;;;;;;;;;;;;;;;;;;;;;;;;;;;;;;;;;;;;;;;;;;;;;;;;;;;;;;;;;;;;;;;;;;;;;;;;;;;;;;;;;;;;;;;;;;;;;;;;;;;;;;;;;;;;;;;;;;;;;;;;;;;;;;;;;;;;;;;;;;;;;;;;;;;;;;;;
I:USPMI;ISM Purchasing Managers Index;3-month log diff;300;52,6;53,2;51,3;50,8;51,8;49,5;48,2;48;48,6;50,1;50,2;51,1;52,7;53,5;52,8;51,5;51,5;52,9;53,5;55,1;58,7;59;56,6;59;57,1;55,3;55,4;54,9;53,7;53,2;51,3;56,5;57;56,6;56;56,3;54,9;52,5;50;50;51,5;53,1;52,3;50,4;49,5;51,2;52,2;51,1;50,6;51;53,2;53,7;53;52,4;52,8;52,9;52,3;51,5;53,2;53,2;52,3;55,8;53,5;59,4;59,3;59,6;59,2;57,3;58;57;56,4;57,4;55,7;56;58,8;59;59,3;55,8;56,7;56,4;54,7;55,8;53,2;51,4;49;44,7;41,9;39,9;36,6;36;35,7;33,3;36,7;38,4;43,2;49,2;49,6;50;49,6;48,9;49,1;48,7;50,5;48,7;50,7;49,9;50,4;50,5;52,1;53,2;52,6;52,9;51,2;51,9;49,2;52;50,4;50,5;51,8;52,8;53,2;52,4;53,5;55,8;54,7;55,5;55;54,9;56,5;57,2;56,5;51,6;54;52,6;51;52,5;54,9;54,8;56,6;57,2;56,2;56,3;57,4;58,5;59,9;60,5;61,4;60,6;60,6;59,9;60,8;60,1;58,4;55,2;52,4;53,2;51;49;49;46,1;46,3;48,8;51,3;51,6;48,5;49;50,5;50,3;50,2;53,6;53,1;52,4;52,4;50,7;47,5;45,3;44,1;40,8;46,2;46,3;43,5;43,2;41,3;42,7;43,1;42,1;42,3;43,9;48,5;48,7;49,7;49,9;52,5;51,4;53,2;54,7;54,9;55,8;56,7;57,8;58,1;57,2;57;54,8;53,6;55,8;54,3;52,3;52,4;51,7;50,6;46,8;48,2;48,7;48,7;49,3;49,2;48,9;50,9;52,2;52,9;52,9;53,8;54,5;55,7;56,4;53,9;56,3;57,7;54,9;56,1;53,7;53,8;53,1;53,8;55,2;53;50,5;51,1;51,6;49,7;53,6;49,1;49,3;46,9;45,9;45,5;46,2;45,9;46,7;48,1;47,1;50,7;45,9;46,7;51,5;52,1;55,1;57,4;56,1;59,2;59,4;59;58;58,5;58,8;58,2;57,4;56,9;56,5;56;55,6;53,8;53,4;50,8;50,7;50,2;49,6;51,2;50,2;53,5;55,2;55,8;54,2;53,6;50,3;49,7;53,4;53,9;53,6;55,7;52,6;54,6;52,7;47,3;46,8;49,5;53,1;54,9;52,9;50,6;50,3;44,5;42,8;40,7;39,4;39,2;;;;;;;;;;;;;;;;;;;;;;;;;;;;;;;;;;;;
I:SPECCDCI;S&P/Experian Consumer Credit Default Composite Index;3-month log diff;145;0,0082;0,0082;0,0081;0,0086;0,0093;0,0097;0,0096;0,0097;0,0097;0,0094;0,0089;0,0096;0,0092;0,0093;0,0088;0,0097;0,0105;0,0112;0,0112;0,0111;0,0107;0,0106;0,0104;0,0103;0,0101;0,0102;0,0104;0,0111;0,012;0,013;0,0134;0,0135;0,0137;0,0138;0,0138;0,0134;0,0135;0,0134;0,0142;0,0142;0,015;0,0155;0,0163;0,0172;0,0164;0,0155;0,0146;0,015;0,0151;0,0152;0,0162;0,0186;0,0196;0,0209;0,0216;0,0224;0,0222;0,0215;0,021;0,0204;0,0206;0,0214;0,0223;0,023;0,0243;0,0254;0,029;0,0301;0,0313;0,030269;0,0314;0,033161;0,034201;0,034433;0,036052;0,038534;0,041008;0,043945;0,045744;0,047774;0,047289;0,04749;0,046412;0,047762;0,052427;0,054624;0,055053;0,052784;0,052963;0,051183;0,048347;0,043401;0,040176;0,036943;0,036893;0,035903;0,033958;0,032099;0,030453;0,030812;0,029879;0,029165;0,026896;0,025749;0,023944;0,02354;0,021861;0,020388;0,018496;0,017003;0,016171;0,015777;0,016371;0,015966;0,016186;0,015469;0,014955;0,013862;0,013259;0,012438;0,011514;0,010676;0,010288;0,010675;0,011068;0,012655;0,014636;0,015987;0,015634;0,013922;0,013611;0,013644;0,013461;0,013189;0,01321;0,014911;0,015841;0,015865;0,014879;0,014479;0,014544;0,015151;0,014729;0,015058;0,013948;;;;;;;;;;;;;;;;;;;;;;;;;;;;;;;;;;;;;;;;;;;;;;;;;;;;;;;;;;;;;;;;;;;;;;;;;;;;;;;;;;;;;;;;;;;;;;;;;;;;;;;;;;;;;;;;;;;;;;;;;;;;;;;;;;;;;;;;;;;;;;;;;;;;;;;;;;;;;;;;;;;;;;;;;;;;;;;;;;;;;;;;;;;;;;;;;;;;;;
I:SP500CAP;S&P 500 Cyclically Adjusted Price-Earnings Ratio;;300;26,2027;25,9684;25,7711;25,9813;25,4112;24,021;24,2062;25,9654;26,2259;25,4914;24,4967;25,6937;26,3811;26,4959;26,8061;26,7914;26,7286;26,9955;26,4923;26,7941;26,6068;25,1627;25,9184;25,6176;25,8176;25,558;24,9433;24,7863;24,956;24,5909;24,8556;24,8578;24,638;23,8308;23,4384;23,3528;23,4885;22,9215;23,4079;22,5918;22,4154;22,0489;21,8967;21,2345;20,8941;21,5723;21,7777;21,4038;20,9925;20,5407;20,9345;21,772;22,0465;21,79;21,2058;20,5165;20,3382;20,1488;19,6912;20,0428;22,6029;22,0929;23,0512;23,1356;22,891;23,4813;22,9699;22,3882;21,6928;21,2323;20,3739;19,763;19,6614;19,7348;20,4726;21,7969;20,997;19,9133;20,5205;20,3151;19,8057;19,3511;18,8252;18,0877;16,6888;16,3785;15,9908;14,9767;13,3191;14,1174;15,1695;15,3709;15,2546;16,3819;20,3559;21,3945;20,9002;22,4094;23,6885;23,3483;22,5993;23,4874;24,0143;25,9468;25,7204;27,3114;26,7167;26,1397;27,4007;27,4088;27,539;26,9669;26,2185;27,3056;27,198;27,273;26,9184;26,5286;25,6349;25,0423;24,6878;24,7406;25,6412;26,1377;26,3181;26,24;26,4593;26,4348;25,9234;24,8689;25,7226;26,0972;26,2811;26,0621;25,6445;25,4037;26,3342;26,7401;26,5827;27,1401;26,4607;25,4072;25,6639;25,1701;25,6914;26,3966;25,8982;26,8958;26,8817;27,6459;27,6535;26,6304;25,9421;25,6781;25,2391;24,6378;24,8628;24,8277;23,5868;22,4238;21,3058;21,2102;22,8942;23,0972;23,3446;21,9536;22,3638;23,5884;23,4633;26,3879;28,1284;29,0062;30,2923;29,0859;30,2774;30,5002;30,0053;28,5776;27,6676;31,4045;32,1633;33,0693;34,0755;32,1747;32,3273;35,8363;36,9806;37,276;38,7839;39,3715;41,9;42,8716;42,7601;42,784;41,968;43,5306;43,2226;42,1874;43,7744;44,1993;43,2096;40,5541;41,3248;41,932;43,8294;42,182;42,558;42,7059;41,3574;40,4014;40,5783;38,8214;37,3705;33,7741;33,5333;35,4244;38,2607;36,8033;36,9577;37,278;36,298;34,7107;32,8609;33,0318;32,3376;32,9025;32,6676;32,5873;32,7676;31,2575;29,9293;27,586;28,8033;29,2665;28,3338;27,7248;27,5865;26,4843;25,6809;25,4133;24,8592;25,9675;25,8149;25,425;25,6308;25,9769;24,7633;25,0282;24,3484;23,9276;23,9468;23,2849;23,3772;22,7191;22,1962;21,6435;21,1535;20,8033;20,2198;19,9122;20,2102;20,3965;20,5772;20,5363;20,0687;20,2915;20,1972;20,056;20,8341;21,2646;21,4127;21,1654;21,0386;21,1098;20,9942;20,8129;20,5652;20,609;20,5182;20,458;20,8559;20,546;20,3241;20,4493;19,8343;19,3709;19,7094;19,7228;19,6214;19,316;19,6629;19,3018;19,2842;19,5837;19,7738;18,4423;18,2895;18,3498;18,3579;18,5129;18,1041;18,0154;18,0356;18,1555;17,8183;17,3544;15,6059;;;;;;;;;;;;;;;;;;;;;;;;;;;;;;;;;;;;
I:SP500D;S&P 500 Dividend;;300;44,46;44,46;44,2667;44,0733;43,88;43,7167;43,5533;43,39;43,0967;42,8033;42,51;42,2533;41,9967;41,74;41,43;41,12;40,81;40,3533;39,8967;39,44;39,1233;38,8067;38,49;38,12;37,75;37,38;36,9967;36,6133;36,23;35,8167;35,4033;34,99;34,7933;34,5967;34,4;34,0233;33,6467;33,27;32,8833;32,4967;32,11;31,8233;31,5367;31,25;30,6967;30,1433;29,59;29,1667;28,7433;28,32;27,9967;27,6733;27,35;27,0433;26,7367;26,43;26,0133;25,5967;25,18;24,9;24,62;24,34;24,0367;23,7333;23,43;23,1967;22,9633;22,73;22,6067;22,4833;22,36;22,2533;22,1467;22,04;21,9967;21,9533;21,91;22,0767;22,2433;22,41;22,9067;23,4033;23,9;24,4633;25,0267;25,59;26,1433;26,6967;27,25;27,63;28,01;28,39;28,5433;28,6967;28,85;28,8033;28,7567;28,71;28,5733;28,4367;28,3;28,11;27,92;27,73;27,4767;27,2233;26,97;26,7033;26,4367;26,17;25,9433;25,7167;25,49;25,2867;25,0833;24,88;24,62;24,36;24,1;23,88;23,66;23,44;23,2233;23,0067;22,79;22,6;22,41;22,22;21,9733;21,7267;21,48;21,2967;21,1133;20,93;20,6967;20,4633;20,23;19,9667;19,7033;19,44;19,3467;19,2533;19,16;18,9733;18,7867;18,6;18,4067;18,2133;18,02;17,81;17,6;17,39;17,1233;16,8567;16,59;16,45;16,31;16,17;16,1867;16,2033;16,22;16,17;16,12;16,07;15,9767;15,8833;15,79;15,87;15,95;16,03;15,93;15,83;15,73;15,7333;15,7367;15,74;15,74;15,74;15,74;15,7233;15,7067;15,69;15,7833;15,8767;15,97;16,07;16,17;16,27;16,2933;16,3167;16,34;16,46;16,58;16,7;16,72;16,74;16,76;16,6667;16,5733;16,48;16,4733;16,4667;16,46;16,3767;16,2933;16,21;16,29;16,37;16,45;16,3667;16,2833;16,2;16,1833;16,1667;16,15;16,0833;16,0167;15,95;15,85;15,75;15,65;15,6;15,55;15,5;15,4433;15,3867;15,33;15,2733;15,2167;15,16;15,1267;15,0933;15,06;15,0067;14,9533;14,9;14,82;14,74;14,66;14,53;14,4;14,27;14,2133;14,1567;14,1;13,9967;13,8933;13,79;13,72;13,65;13,58;13,51;13,44;13,37;13,3067;13,2433;13,18;13,18;13,18;13,18;13,0967;13,0133;12,93;12,9;12,87;12,84;12,7967;12,7533;12,71;12,6667;12,6233;12,58;12,56;12,54;12,52;12,52;12,52;12,52;12,5067;12,4933;12,48;12,4467;12,4133;12,38;12,3833;12,3867;12,39;12,3667;12,3433;12,32;12,32;12,32;12,32;12,28;12,24;12,2;12,2267;12,2533;12,28;12,2367;12,1933;12,15;12,14;12,13;12,12;12,1133;12,1067;;;;;;;;;;;;;;;;;;;;;;;;;;;;;;;;;;;;
I:SP500NM;S&P 500;;300;2102,95;2083,89;2065,55;2075,54;2021,95;1904,42;1918,6;2054,08;2080,62;2024,81;1944,41;2039,87;2094,14;2099,29;2111,94;2094,86;2079,99;2082,2;2028,18;2054,27;2044,57;1937,27;1993,23;1961,53;1973,1;1947,09;1889,77;1864,26;1863,52;1817,04;1822,36;1807,78;1783,54;1720,03;1687,17;1670,09;1668,68;1618,77;1639,84;1570,7;1550,83;1512,31;1480,4;1422,29;1394,51;1437,82;1443,42;1403,45;1359,78;1323,48;1341,27;1386,43;1389,24;1352,49;1300,58;1243,32;1226,42;1207,22;1173,88;1185,31;1325,19;1287,29;1338,31;1331,51;1304,49;1321,12;1282,62;1241,53;1198,89;1171,58;1122,08;1087,28;1079,8;1083,36;1125,06;1197,32;1152,05;1089,16;1123,58;1110,38;1088,07;1067,66;1044,55;1009,73;935,82;926,12;902,41;848,15;757,13;805,23;865,58;877,56;883,04;968,8;1216,95;1281,47;1257,33;1341,25;1403,22;1370,47;1316,94;1354,87;1378,76;1479,22;1463,39;1539,66;1497,12;1454,62;1520,71;1514,19;1511,14;1463,64;1406,95;1444,8;1424,16;1416,42;1388,64;1363,38;1317,74;1287,15;1260,24;1253,17;1290,01;1302,17;1293,74;1276,65;1278,73;1262,07;1237,37;1191,96;1225,92;1224,27;1222,24;1202,25;1178,28;1164,43;1194,9;1199,63;1181,41;1199,21;1168,94;1117,21;1117,66;1088,94;1105,85;1132,76;1102,78;1133,36;1123,98;1143,36;1132,52;1080,64;1049,9;1038,73;1019,44;989,53;992,54;988;935,96;890,03;846,63;837,03;895,84;899,18;909,93;854,63;867,81;912,55;903,59;1014,02;1079,25;1111,93;1153,79;1100,67;1140,21;1144,93;1129,68;1076,59;1044,64;1178,5;1204,45;1238,71;1270,37;1189,84;1185,85;1305,75;1335,63;1330,93;1378,04;1390,14;1468,05;1485,46;1473;1461,96;1418,48;1461,36;1442,21;1388,87;1425,59;1428,68;1391;1300,01;1318,17;1327,49;1380,99;1322,55;1332,07;1334,76;1281,66;1246,58;1248,77;1190,05;1144,43;1032,47;1020,64;1074,62;1156,58;1108,39;1108,42;1112,2;1076,83;1023,74;963,36;962,37;938,92;951,16;937,02;927,24;925,29;876,29;833,09;763,93;792,16;798,39;766,22;743,25;735,67;701,46;674,88;662,68;644,07;668,5;661,23;647,17;647,07;649,54;614,42;614,57;595,53;582,92;578,77;559,11;557,37;539,35;523,81;507,91;493,15;481,92;465,25;455,19;461,01;463,81;466,96;464,24;451,4;454,83;450,9;447,23;463,81;471,58;472,99;465,95;462,89;463,9;459,24;454,13;447,29;448,06;445,25;443,08;450,16;441,7;435,23;435,64;422,84;412,5;418,48;417,93;415,05;408,27;414,81;407,41;407,36;412,56;416,08;388,51;385,92;386,88;387,2;389,4;380,23;378,29;377,99;379,68;372,28;362,26;325,49;;;;;;;;;;;;;;;;;;;;;;;;;;;;;;;;;;;;
CALCULATED;S&P 500 Dividend Yield;;300;12600,9;0,021335099;0,021430951;0,021234618;0,021701822;0,022955388;0,022700563;0,021123812;0,020713393;0,021139416;0,021862673;0,020713722;0,02005439;0,019882913;0,019617035;0,019628997;0,019620287;0,019380127;0,019671183;0,019199034;0,019135222;0,020031642;0,019310366;0,019433809;0,01913233;0,01919788;0,019577356;0,019639589;0,019441702;0,019711564;0,019427171;0,019355231;0,019508001;0,02011401;0,020389172;0,020372136;0,020163662;0,020552642;0,020052749;0,02068931;0,020705042;0,021042842;0,021302824;0,021971609;0,022012535;0,020964585;0,020499924;0,020782144;0,021138199;0,021398132;0,020873277;0,019960113;0,019687023;0,019995194;0,02055752;0,021257601;0,02121076;0,021203012;0,021450233;0,021007163;0,018578468;0,018907938;0,017960487;0,01782435;0,017961042;0,01755836;0,017903432;0,018308055;0,018856359;0,01919058;0,019927278;0,020466945;0,020510002;0,020344115;0,019551579;0,018335366;0,019018272;0,020269474;0,01979681;0,02018228;0,021052598;0,021920181;0,022880666;0,024227566;0,02674307;0,027631408;0,028970534;0,03147639;0,035991177;0,034313178;0,032359805;0,032351064;0,032323904;0,029620871;0,023706808;0,022476765;0,022871243;0,021405405;0,020362666;0,020749597;0,02148921;0,020747378;0,02025008;0,018746366;0,018776061;0,017681371;0,018014588;0,018357578;0,017384445;0,017283168;0,017168032;0,017570372;0,018117204;0,017501869;0,017612698;0,017565411;0,017729577;0,017867359;0,018288889;0,018552616;0,018774202;0,018704565;0,018002419;0,01766797;0,017615595;0,017702581;0,017525201;0,017605996;0,017758068;0,018227709;0,017521535;0,017395427;0,017274267;0,017409025;0,01756518;0,017573663;0,016930287;0,016644049;0,016677783;0,016210672;0,016550636;0,017233376;0,017142959;0,017423641;0,01698847;0,016420071;0,01669118;0,016070181;0,016032314;0,015576896;0,015540564;0,016092316;0,016309458;0,016228182;0,01627364;0,016624054;0,016432587;0,016366397;0,017294222;0,018205341;0,01915831;0,019318304;0,017994285;0,017871839;0,017558164;0,018585002;0,018195227;0,017390828;0,017651811;0,015808367;0,01476025;0,014236508;0,01363333;0,014294293;0,01380158;0,013747565;0,013933149;0,014620236;0,015067392;0,01334179;0,013040558;0,012666403;0,012424176;0,013343559;0,013467133;0,012307103;0,012106646;0,012224535;0,011823532;0,011737451;0,011130411;0,011080743;0,01125594;0,011423021;0,011787265;0,011455083;0,011621054;0,012000187;0,011625573;0,011535123;0,011842775;0,012666595;0,012487009;0,01233659;0,011798275;0,012256625;0,012229087;0,012264377;0,012834917;0,013129282;0,013039471;0,013612873;0,014140926;0,015658276;0,015823405;0,0149665;0,013848329;0,014390242;0,014299634;0,014161122;0,014533399;0,015238244;0,016141422;0,016106071;0,01644794;0,016176774;0,016360377;0,016471787;0,016445331;0,017300209;0,018157342;0,019757439;0,019011311;0,018796202;0,019515674;0,02004709;0,020144902;0,021013315;0,02172238;0,021926118;0,022357818;0,021346298;0,021495244;0,021874778;0,021790533;0,021548634;0,022612057;0,022438453;0,023038302;0,023416592;0,023463552;0,024163403;0,024113246;0,024789098;0,025403677;0,026074108;0,026726148;0,027348938;0,028328855;0,028954942;0,028408711;0,028057394;0,027689738;0,027787351;0,028511298;0,028230328;0,02838035;0,0285162;0,027403463;0,02686013;0,026688302;0,026998605;0,027133876;0,027031688;0,027262434;0,027569198;0,027990789;0,027942686;0,028089163;0,028196488;0,027723476;0,028179081;0,028521242;0,02841796;0,029286018;0,030028364;0,02960715;0,029590362;0,029739309;0,030176109;0,029700345;0,030239808;0,030243519;0,029765367;0,02941742;0,031402023;0,031681955;0,031672095;0,031714876;0,031424499;0,032068222;0,032118216;0,032117252;0,031947956;0,032556141;0,033438138;0,037195306;;;;;;;;;;;;;;;;;;;;;;;;;;;;;;;;;;;;
I:VIX;VIX;;151;11,87;15,63;14,19;15,7;13,95;20,55;20,2;18,21;16,13;15,07;24,5;28,43;12,12;18,23;13,84;14,55;15,29;13,34;20,97;19,2;13,33;14,03;16,31;11,98;16,95;11,57;11,4;13,41;13,88;14;18,41;13,72;13,7;13,75;16,6;17,01;13,45;16,86;16,3;13,52;12,7;15;14,43;22,14;15,26;17,68;15,23;17,25;18,4;17,52;23,83;17,04;14,88;17,8;19,07;22,86;27,72;29,96;42,96;31,62;25,25;16,52;15,45;14,75;17,74;18,35;19,53;17,75;23,54;21,2;23,7;26,05;23,5;34,54;32,07;22,05;17,59;19,5;24,62;21,68;24,51;30,69;25,61;26,01;25,92;26,35;28,92;36,5;44,14;46,35;44,84;40;55,28;59,89;39,39;20,65;22,94;23,95;17,83;20,79;25,61;26,54;26,2;22,5;22,87;18,53;18;23,38;23,52;16,23;13,05;14,22;14,64;15,42;10,42;11,56;10,91;11,1;11,98;12,31;14,95;13,08;16,44;11,59;11,39;12,34;12,95;12,07;12,06;15,32;11,92;12,6;11,57;12,04;13,29;15,31;14,02;12,08;12,82;13,29;13,24;16,27;13,34;15,29;15,32;14,34;15,5;17,19;16,74;14,55;16,63;;;;;;;;;;;;;;;;;;;;;;;;;;;;;;;;;;;;;;;;;;;;;;;;;;;;;;;;;;;;;;;;;;;;;;;;;;;;;;;;;;;;;;;;;;;;;;;;;;;;;;;;;;;;;;;;;;;;;;;;;;;;;;;;;;;;;;;;;;;;;;;;;;;;;;;;;;;;;;;;;;;;;;;;;;;;;;;;;;;;;;;;;;;;;;;;
I:10Y3MTS;10 Year-3 Month Treasury Spread;;300;0,0118;0,0123;0,015;0,0161;0,0157;0,0141;0,0161;0,0211;0,0199;0,0208;0,0206;0,0213;0,0212;0,0234;0,0211;0,0204;0,0191;0,0198;0,0166;0,0213;0,0216;0,0234;0,025;0,0232;0,0255;0,0249;0,0244;0,0264;0,0268;0,0261;0,0265;0,0297;0,0269;0,0253;0,0262;0,0275;0,0256;0,0248;0,0212;0,0165;0,018;0,0178;0,0195;0,0173;0,0154;0,0161;0,0155;0,0148;0,014;0,0158;0,0152;0,0185;0,0216;0,019;0,0177;0,0187;0,0207;0,0216;0,019;0,0221;0,0272;0,0315;0,0299;0,0328;0,0338;0,0327;0,0327;0,0318;0,0264;0,0251;0,0237;0,0233;0,0279;0,0279;0,0315;0,0353;0,0368;0,0348;0,0355;0,0379;0,0315;0,0336;0,0317;0,0325;0,0334;0,0334;0,0333;0,0302;0,025;0,0276;0,0263;0,0214;0,0292;0,0355;0,0293;0,0211;0,0231;0,0209;0,0217;0,0234;0,0207;0,0168;0,0171;0,0068;0,0082;0,0054;0,0077;0,0053;-0,0018;0,0021;0,0017;-0,0028;-0,0039;-0,006;-0,0029;-0,0031;-0,0057;-0,0047;-0,0025;-0,0031;-0,0011;0,0014;0,0026;0,003;0,0023;-0,0007;0,0006;0,0031;0,0054;0,0059;0,0079;0,005;0,0086;0,0081;0,0101;0,0131;0,0171;0,016;0,0163;0,0202;0,0213;0,0214;0,0243;0,0254;0,0305;0,0329;0,0358;0,0355;0,0291;0,0303;0,0324;0,0332;0,0341;0,0337;0,0301;0,0347;0,0353;0,0264;0,0226;0,0276;0,0269;0,0251;0,0282;0,0261;0,03;0,0249;0,0206;0,0245;0,028;0,0316;0,0334;0,0334;0,0363;0,0309;0,0331;0,0333;0,03;0,0225;0,022;0,0148;0,0153;0,0177;0,018;0,014;0,0063;0,0007;0,002;-0,0077;-0,0073;-0,0061;-0,0043;-0,0058;-0,0023;0,0015;0,0066;0,0041;0,0015;0,0064;0,0092;0,0112;0,0088;0,009;0,0102;0,01;0,0117;0,0103;0,0098;0,0081;0,0076;0,0063;0,0018;0,0017;0,0017;0,0031;0,0007;0,0009;0,004;0,0034;0,0053;0,0068;0,0051;0,003;0,0034;0,0039;0,0064;0,0063;0,0106;0,011;0,0077;0,0126;0,0171;0,0144;0,0157;0,0134;0,0138;0,0122;0,0093;0,012;0,0158;0,0167;0,0148;0,0155;0,0167;0,0152;0,0121;0,0111;0,0055;0,0048;0,0028;0,0055;0,0077;0,0083;0,0085;0,0061;0,0049;0,012;0,0132;0,0128;0,016;0,0216;0,0219;0,0261;0,0282;0,0251;0,0273;0,0308;0,0286;0,0309;0,0321;0,0268;0,0265;0,0276;0,0262;0,0233;0,0242;0,0237;0,0273;0,027;0,0303;0,0308;0,0308;0,0302;0,0343;0,0355;0,0357;0,0377;0,0362;0,0339;0,0347;0,0349;0,0354;0,0382;0,0339;0,0324;0,0337;0,0275;0,0291;0,0251;0,0221;0,0233;0,025;0,0253;0,0235;0,0234;0,0213;0,018;0,0166;;;;;;;;;;;;;;;;;;;;;;;;;;;;;;;;;;;;
I:USCBBBBR;US Corporate BBB Bond Risk Premium;;236;0,018;0,0195;0,0186;0,0181;0,0208;0,0261;0,025;0,0215;0,0196;0,019;0,0206;0,0189;0,0171;0,0153;0,0147;0,0148;0,0153;0,0161;0,0185;0,0164;0,0138;0,0123;0,0111;0,0103;0,0095;0,0089;0,0089;0,0093;0,0098;0,0098;0,0109;0,009;0,0111;0,0125;0,0139;0,0137;0,0137;0,0152;0,0138;0,0151;0,0147;0,0147;0,014;0,0155;0,0172;0,016;0,0182;0,0205;0,0218;0,0232;0,0246;0,0205;0,0185;0,0206;0,0237;0,0258;0,0259;0,0221;0,0268;0,0209;0,0133;0,0129;0,0124;0,0111;0,012;0,0123;0,0125;0,0142;0,0165;0,0159;0,018;0,0196;0,0169;0,0201;0,0182;0,0123;0,0129;0,0148;0,0154;0,0173;0,0219;0,022;0,0246;0,0271;0,0302;0,0368;0,0437;0,0561;0,0672;0,0638;0,0618;0,0742;0,0701;0,0622;0,0404;0,031;0,0298;0,0277;0,026;0,0272;0,0302;0,0265;0,0243;0,0224;0,0216;0,0172;0,0162;0,0169;0,0159;0,0123;0,0123;0,0123;0,0124;0,012;0,0121;0,0125;0,0129;0,013;0,0131;0,0132;0,0128;0,0129;0,0121;0,011;0,0121;0,0123;0,0121;0,0146;0,0141;0,0128;0,0124;0,012;0,0117;0,013;0,013;0,0139;0,0118;0,0094;0,0097;0,0083;0,0082;0,0083;0,0085;0,0086;0,0078;0,0084;0,0074;0,0068;0,0073;0,0065;0,0061;0,0065;0,0077;0,0084;0,0094;0,0099;0,0103;0,0124;0,0138;0,0138;0,0181;0,0191;0,0195;0,0217;0,0235;0,0301;0,0309;0,0276;0,028;0,0228;0,0188;0,0237;0,0206;0,0217;0,0192;0,0192;0,0208;0,0233;0,0225;0,0201;0,0187;0,019;0,0189;0,0208;0,0246;0,025;0,0233;0,0291;0,0276;0,0267;0,0233;0,0243;0,0228;0,024;0,025;0,0243;0,0218;0,018;0,0156;0,0165;0,0177;0,0184;0,0187;0,0187;0,0177;0,0169;0,0168;0,0165;0,0172;0,0176;0,0192;0,0205;0,0197;0,0216;0,0206;0,0187;0,0129;0,0123;0,0115;0,0114;0,0114;0,0118;0,0116;0,0105;0,0103;0,0097;0,0084;0,0082;0,0082;0,0082;0,0081;0,0083;0,008;0,0083;0,008;0,0083;;;;;;;;;;;;;;;;;;;;;;;;;;;;;;;;;;;;;;;;;;;;;;;;;;;;;;;;;;;;;;;;;;;;;;;;;;;;;;;;;;;;;;;;;;;;;;;;;;;;;;;;;;;
I:TEDS;TED Spread;;300;48,91;39,41;34,58;41,66;41,86;30,31;29,26;45,27;19,62;25,41;33,5;26,9;22,86;27,32;27,375;26,875;24,075;24,185;23,31;21,56;21,36;22,21;21,51;20,36;20,91;19,07;18,74;19,335;18,06;18,565;21,66;17,61;17,91;20,2;22,885;22,95;22,56;23,31;23,525;22,31;21,26;17,71;22,8;25,6;23,05;20,275;25,85;32,825;33,26;37,06;39,685;36,585;39,815;40,425;48,235;56,1;51,889;41,944;35,433;30,722;15,55;21,575;19,288;23,3;21,3;15,95;15,438;18,281;13,031;16,594;13;15,563;30,375;35,394;37,625;18,656;13,15;12,169;16,906;19,063;19,656;23,063;14,688;19,75;29,938;40,5;51,625;87,625;98,188;100,438;94,438;131,5;220,688;258,625;315,25;112,063;114,125;91,313;83,063;144;132,813;124,75;119,188;141,25;205,125;105,375;150,875;171,125;53,866;68;76;56,5;45;33,813;37;47;47;42,063;60;47,75;49,563;61,063;49,813;48;48;31,25;31;54,625;56;37;59,5;43;36;45,625;40,75;37;39;20;27;38,438;21;30;34;23;28;30;25,5;22;18;18;23;22,188;26,188;22,938;23;18;17,438;22,625;19;20;15,875;16;19;18;22,5;26,625;25;14,625;14,375;19;18,625;18;27;14;15;17,125;28,188;19;24;16,25;21;26,625;44;47,625;67,875;32,25;56,125;66,875;68,5;57;76,125;55;69,188;105,938;138,25;84,25;57;48,875;54,75;93,375;96,5;121,5;134,375;68;72,25;71,75;53,62;55,875;63;47,625;59,953;69,563;86,266;98,953;105,25;84,5;71,75;74,875;79,75;84,875;69,094;49,969;56,5;59,25;82,234;68;83,953;61,875;59,703;83,844;99,25;67,641;54,344;44,906;54,25;49,25;50;47;71,5;41,25;49,578;54,203;46;47,438;47,266;41,469;46,5;66,5;55,5;61,75;71,313;59,281;45,5;61,859;43,25;49,75;55;49;48,25;97;62,75;59,5;83;44;60,5;72,5;46,5;44,25;45,75;39;29;36,5;36;40,75;45,5;24;28,25;28,25;31,5;27,75;36;26,094;35;35,75;73;60,25;57,563;34;25,75;36,75;36,25;36,25;31,719;32;34,75;37;65;43;51,5;35,75;53,25;64,75;53,25;67,75;63,5;83,5;87,25;;;;;;;;;;;;;;;;;;;;;;;;;;;;;;;;;;;;
I:USIR;US Inflation Rate;;300;0,010057;0,010057;0,010223;0,011251;0,008525;0,010178;0,013731;0,007295;0,005018;0,001706;-0,000361;0,001951;0,001696;0,001238;-0,000399;-0,001995;-0,000736;-0,000251;-0,000893;0,007565;0,013224;0,016643;0,016579;0,016996;0,019923;0,020723;0,021271;0,019529;0,015122;0,011263;0,015789;0,015017;0,012371;0,009636;0,011849;0,015184;0,019607;0,017544;0,01362;0,010631;0,014739;0,019779;0,015949;0,01741;0,017641;0,021623;0,019913;0,016924;0,014085;0,01664;0,017043;0,023027;0,026514;0,028711;0,029252;0,029624;0,033944;0,035252;0,038684;0,037712;0,036287;0,035588;0,035686;0,031636;0,026816;0,021076;0,016318;0,014957;0,011432;0,011722;0,011437;0,011481;0,012352;0,010533;0,02021;0,022364;0,02314;0,021433;0,026257;0,027213;0,018383;-0,001828;-0,012862;-0,014843;-0,020972;-0,014268;-0,012814;-0,007369;-0,003836;0,002362;0,000298;0,000914;0,010696;0,036552;0,049369;0,053719;0,056001;0,050218;0,041755;0,039369;0,039815;0,040266;0,042803;0,040813;0,043062;0,035362;0,027551;0,019701;0,023582;0,02687;0,026909;0,025737;0,027788;0,024152;0,020756;0,025407;0,019737;0,013052;0,020624;0,038187;0,041453;0,043188;0,041667;0,035457;0,033626;0,035975;0,039853;0,034157;0,034555;0,043478;0,046867;0,036412;0,031679;0,025303;0,028027;0,035106;0,031483;0,030075;0,029698;0,032556;0,03523;0,031892;0,025378;0,026544;0,029908;0,032662;0,030518;0,022851;0,017372;0,016931;0,019263;0,018795;0,01765;0,020408;0,023204;0,021583;0,021099;0,021123;0,020578;0,022247;0,030201;0,029809;0,025974;0,023769;0,021984;0,020259;0,015143;0,018028;0,014648;0,010674;0,011818;0,016393;0,014756;0,011377;0,011422;0,015517;0,018955;0,021264;0,026482;0,027199;0,027199;0,032483;0,036152;0,032691;0,029206;0,035336;0,037322;0,033868;0,034462;0,034483;0,034544;0,034111;0,036593;0,037304;0,031889;0,030686;0,037576;0,032219;0,027389;0,026846;0,02622;0,02561;0,026284;0,022644;0,021446;0,019632;0,020885;0,022769;0,017263;0,016059;0,016708;0,016119;0,01548;0,014851;0,014888;0,016169;0,016822;0,016843;0,016864;0,014357;0,01375;0,014411;0,015713;0,017024;0,018285;0,020846;0,021546;0,02225;0,022293;0,022974;0,02235;0,024952;0,027617;0,030342;0,03044;0,033225;0,032552;0,029928;0,030026;0,028777;0,029508;0,027541;0,028909;0,028966;0,028402;0,026508;0,027279;0,025384;0,026052;0,028094;0,025435;0,026174;0,027628;0,030405;0,031864;0,030529;0,028533;0,02863;0,028044;0,026749;0,026749;0,026081;0,029635;0,029006;0,027701;0,024931;0,022885;0,023611;0,02507;0,025157;0,025245;0,027484;0,026761;0,027504;0,026893;0,027679;0,027758;0,029957;0,032212;0,032258;0,030869;0,032468;0,032585;0,029007;0,030479;0,032023;0,029883;0,031479;0,031571;0,030882;0,030236;0,031805;0,031852;0,02819;0,026003;0,030643;0,029895;0,029213;0,033911;0,037994;0,044479;0,046959;0,049536;0,048875;0,048951;0,053125;0,056515;;;;;;;;;;;;;;;;;;;;;;;;;;;;;;;;;;;;
CALCULATED;Implied Risk Premium;;300;25479,74551;0,028965262;0,02981944;0,030768106;0,02896202;0,035407619;0,036780497;0,025277191;0,026193314;0,02374734;0,023374586;0,031227758;0,030387054;0,028242754;0,031657311;0,030741301;0,033116839;0,024608644;0,027451957;0,030692882;0,040374525;0,043098615;0,040578797;0,037734445;0,038104827;0,039489015;0,032784686;0,029172501;0,02387347;0,032134782;0,036355722;0,031793328;0,021956073;0,021589061;0,023430487;0,018272281;0,024371601;0,02346635;0,025610104;0,027812079;0,030322346;0,035617016;0,030672936;0,035254739;0,048379479;0,050354932;0,048822934;0,047886208;0,045956829;0,047238052;0,050966433;0,052518487;0,052988857;0,046829954;0,04947057;0,04998342;0,047337907;0,047765866;0,054031374;0,054581974;0,044666919;0,040701708;0,043140853;0,036173618;0,029909097;0,032288487;0,027804861;0,0280406;0,033995154;0,036439414;0,037916997;0,035041878;0,031275952;0,028946476;0,023375864;0,020509344;0,020509688;0,003995502;0,008232982;0,007403037;-0,025984899;-0,047769933;-0,057120975;-0,06695363;-0,072063256;-0,06444756;-0,05491567;-0,043818115;-0,031337744;-0,022406813;-0,024938896;-0,018112025;0,010967631;0,024063463;0,032671558;0,047292668;0,048446272;0,040978185;0,033601251;0,034472719;0,038905596;0,045958865;0,046621064;0,03929518;0,046397042;0,032289672;0,023587659;0,010338468;0,01087891;0,011619275;0,007750567;0,009675852;0,012132092;0,020906764;0,014865746;0,020750976;0,015614255;0,007450776;0,015300732;0,039606656;0,04067247;0,040766237;0,041819606;0,035636844;0,035816591;0,039364614;0,043323342;0,039010585;0,041632964;0,05042588;0,055415026;0,04885381;0,041306429;0,038359409;0,042734548;0,047851465;0,040574982;0,035151102;0,037003446;0,038413318;0,043346261;0,043779604;0,036153666;0,045881352;0,045139417;0,046130552;0,045875387;0,038711646;0,039800503;0,037568616;0,038199879;0,037211141;0,023378434;0,026197267;0,032788094;0,014405508;0,013313884;0,022769346;0,020810504;0,018255121;0,027953701;0,033001047;0,024804902;0,024131567;0,021140878;0,02335663;0,020738585;0,008580211;0,00170912;-0,007725215;-0,009838228;-0,006034535;-0,011415813;-0,020937167;-0,023290859;-0,019194192;-0,009576762;-0,001730224;0,001025738;0,001527016;-0,000985195;0,000478546;0,018021421;0,016287708;0,017085245;0,028247505;0,027344687;0,024673073;0,033394465;0,030423023;0,029531011;0,04187703;0,041479224;0,04248115;0,023663002;0,022688471;0,031840151;0,027988002;0,020094353;0,021747501;0,023132344;0,024998572;0,026688717;0,022040273;0,020851661;0,020604121;0,025568747;0,030314719;0,026446198;0,027166131;0,034028201;0,034142914;0,024028581;0,02599334;0,028205402;0,022501041;0,017480618;0,018675554;0,022473659;0,018582197;0,018460962;0,018348987;0,021529434;0,020624993;0,024220879;0,026736152;0,024844382;0,019412331;0,02262786;0,019332663;0,021067064;0,024933946;0,024852018;0,02998001;0,031154669;0,035570247;0,034605486;0,029757532;0,027117976;0,02263637;0,025446255;0,023052564;0,009100683;0,011459621;0,013994073;0,010836602;0,018042156;0,016121215;0,019728735;0,019518468;0,015444977;0,012764956;0,012502154;0,018460838;0,0309946;0,022639578;0,019983831;0,026715347;0,023361366;0,020297365;0,021071866;0,021008093;0,026171267;0,028900272;0,029032735;0,023680372;0,015201849;0,017192939;0,020415543;0,017908782;0,022318462;0,023645891;0,019961786;0,024617996;0,024532501;0,03030459;0,027031254;0,029542599;0,033562773;0,03482455;0,033091388;0,045513041;0,042401982;0,035506698;0,029274236;0,033159591;0,0348031;0,028777536;0,028030911;0,023585464;0,017421717;0,016811431;0,017563834;-0,001538293;-0,004552451;0,008295647;-0,012308542;-0,013922266;-0,009031431;-0,012750651;-0,009193889;-0,006982677;-0,006659162;-0,007117172;-0,006706552;0,014350827;0,021748183;;;;;;;;;;;;;;;;;;;;;;;;;;;;;;;;;;;;
CALCULATED;Implied Equity Premium 5yr Rolling;;247;;0,035684531;0,035880138;0,036102162;0,036192254;0,036208038;0,036156053;0,036006459;0,036052516;0,036182546;0,036394081;0,036636454;0,036700023;0,036714838;0,036726567;0,036588543;0,03641801;0,036207891;0,035864339;0,035544022;0,035155858;0,034049868;0,032535392;0,030907062;0,029162261;0,027326126;0,02559385;0,024132178;0,022915667;0,02199548;0,021086454;0,020064877;0,019233121;0,01904998;0,01909122;0,019245238;0,019728911;0,020130156;0,02042202;0,020555206;0,020666216;0,02080927;0,020981635;0,021247437;0,021314777;0,021281737;0,020980649;0,020560061;0,019934265;0,019349633;0,018755987;0,018035723;0,017321679;0,016640733;0,01620868;0,015631933;0,015144725;0,014615998;0,013944079;0,013298569;0,01304898;0,012982406;0,012983481;0,012961461;0,012952514;0,013050973;0,013168908;0,013427549;0,013610383;0,013737679;0,013970787;0,014262421;0,01449262;0,014659794;0,014816677;0,015139321;0,015595023;0,015929445;0,016448705;0,016928213;0,017445051;0,01860057;0,020126396;0,021680973;0,023561556;0,025514934;0,027357903;0,029037753;0,030413249;0,031598887;0,032598477;0,03365079;0,034572843;0,03477969;0,034815253;0,034817195;0,034269076;0,033683536;0,033380056;0,033166877;0,032896583;0,032714052;0,032498088;0,032134485;0,031881759;0,031460822;0,031311938;0,031264454;0,03123515;0,03108232;0,030759912;0,030466765;0,030204925;0,02981246;0,029115061;0,028479118;0,027813365;0,027393515;0,027240498;0,027002582;0,026367921;0,025673626;0,025002165;0,024605529;0,024283043;0,023970854;0,023785569;0,023519258;0,023280299;0,023142991;0,02280961;0,02237821;0,02226193;0,02226481;0,022333506;0,022015647;0,021596263;0,021450683;0,021331298;0,02104948;0,020771716;0,020434817;0,0201218;0,019964051;0,0195667;0,019161904;0,018736463;0,018398019;0,01825807;0,018035499;0,017862124;0,017792596;0,017741459;0,017752295;0,017748896;0,017672518;0,017807443;0,017876889;0,017808659;0,017836378;0,017841829;0,017683617;0,017439416;0,017384825;0,017326382;0,017377715;0,017434041;0,017502471;0,017683006;0,018031652;0,018482616;0,018997705;0,019513846;0,02011831;0,020966929;0,021874355;0,022787095;0,023523466;0,024048262;0,024483133;0,024834955;0,02527548;0,025651713;0,025503034;0,025422566;0,025371047;0,025080865;0,024925823;0,024783292;0,02455553;0,024373787;0,02413902;0,023653818;0,023170867;0,022770529;0,022892722;0,022891907;0,022694302;0,022673091;0,022727541;0,022703372;0,022669031;0,022602523;0,022593899;0,022708232;0,022844583;0,022895854;0,022723073;0,022504376;0,022403865;0,022249576;0,022054414;0,021879463;0,021811684;0,021788761;0,021727546;0,021857605;0,022016783;0,0221979;0,022382719;0,022653424;0,022897265;0,023349999;0,023697875;0,023945903;0,024030126;0,024137183;0,024303162;0,024459249;0,024549299;0,024620179;0,024559424;0,024424048;0,024302579;0,023777274;0,023182155;0,022727578;0,021945678;0,021217681;0,020615191;0,020025407;0,019448072;0,018947484;0,01868482;0,018375207;0,018030197;0,018088767;0,018150534;;;;;;;;;;;;;;;;;;;;;;;;;;;;;;;;;;;;;;;;;;;;;;;;;;;;;;;;;;;;;;;;;;;;;;;;;;;;;;;;;;;;;;;;;;;;;;;
CALCULATED;Implied Equity Premium 5yr Difference;;247;;0,006719269;0,006060699;0,005334056;0,007230234;0,000800419;-0,000624445;0,010729268;0,009859201;0,012435206;0,013019495;0,005408696;0,006312969;0,008472084;0,005069256;0,005847241;0,003301171;0,011599247;0,008412381;0,00485114;-0,005218667;-0,009048747;-0,008043405;-0,006827382;-0,008942566;-0,012162888;-0,007190836;-0,005040323;-0,000957803;-0,010139301;-0,015269269;-0,011728451;-0,002722952;-0,002539081;-0,004339266;0,000972957;-0,00464269;-0,003336194;-0,005188084;-0,007256873;-0,00965613;-0,014807745;-0,009691301;-0,014007302;-0,027064701;-0,029073195;-0,027842285;-0,027326146;-0,026022563;-0,027888419;-0,032210445;-0,034482765;-0,035667178;-0,030189221;-0,03326189;-0,034351488;-0,032193182;-0,033149868;-0,040087295;-0,041283406;-0,031617939;-0,027719302;-0,030157371;-0,023212157;-0,016956582;-0,019237514;-0,014635953;-0,01461305;-0,020384772;-0,022701734;-0,02394621;-0,020779457;-0,016783332;-0,014286681;-0,008559188;-0,005370023;-0,004914665;0,011933943;0,008215723;0,009525175;0,04342995;0,066370503;0,077247371;0,088634603;0,095624812;0,089962494;0,082273572;0,072855869;0,061750993;0,0540057;0,057537374;0,051762815;0,023605212;0,010716227;0,002143695;-0,012475472;-0,014177196;-0,007294648;-0,000221195;-0,001305842;-0,006009012;-0,013244813;-0,014122976;-0,007160694;-0,014515283;-0,00082885;0,00772428;0,020925986;0,020356239;0,019463044;0,023009345;0,020790913;0,018072833;0,008905696;0,014249316;0,007728141;0,01219911;0,019942739;0,011939766;-0,012604075;-0,014304549;-0,01509261;-0,016817441;-0,011031316;-0,011533548;-0,01539376;-0,019537773;-0,015491328;-0,018352664;-0,027282889;-0,032605416;-0,0264756;-0,019044499;-0,016094599;-0,020401043;-0,025835819;-0,018978719;-0,013700419;-0,015672148;-0,017363838;-0,022574545;-0,023344787;-0,016031866;-0,025917301;-0,025572718;-0,026968648;-0,027138923;-0,020313627;-0,021542433;-0,019533118;-0,020337755;-0,019418545;-0,005636975;-0,008444972;-0,015039198;0,00326701;0,004493559;-0,004892458;-0,003001845;-0,000418743;-0,010111871;-0,01531743;-0,007365486;-0,006746742;-0,003814496;-0,005978915;-0,003304544;0,00892226;0,015973886;0,025756867;0,028320844;0,025032239;0,030929659;0,041055476;0,044257789;0,041068547;0,032363857;0,02525369;0,023022524;0,022956117;0,02582015;0,024796933;0,007630292;0,009215326;0,008337321;-0,002876458;-0,002263822;0,000252749;-0,008611174;-0,005867494;-0,005157224;-0,01773801;-0,017825405;-0,019310283;-0,000892473;0,000204252;-0,008948244;-0,0052937;0,002578738;0,000980041;-0,000428972;-0,002329541;-0,004086194;0,000553626;0,001856571;0,002240462;-0,002672893;-0,007591646;-0,003941821;-0,004762266;-0,011778625;-0,0120885;-0,002149117;-0,004181657;-0,006416641;-0,000773495;0,004376987;0,003341229;-0,000275759;0,003800521;0,004192463;0,004548277;0,001820565;0,003072882;-0,000274976;-0,002706026;-0,000707199;0,004890831;0,001831389;0,005216636;0,003553116;-0,000374522;-0,00042797;-0,005677431;-0,007377396;-0,012388092;-0,011877907;-0,007811854;-0,005900295;-0,002021178;-0,005420847;-0,003604492;0,009846802;0,007225199;0,004381135;0,007193595;4,66114E-05;0,002029319;;;;;;;;;;;;;;;;;;;;;;;;;;;;;;;;;;;;;;;;;;;;;;;;;;;;;;;;;;;;;;;;;;;;;;;;;;;;;;;;;;;;;;;;;;;;;;;
CALCULATED;Curvature of Yield Curive;;300;-0,0088;-0,0104;-0,0113;-0,0121;-0,0119;-0,0109;-0,0139;-0,0146;-0,0157;-0,0171;-0,017;-0,018;-0,0186;-0,0208;-0,0184;-0,018;-0,0171;-0,0175;-0,0151;-0,0193;-0,0212;-0,023;-0,0243;-0,0233;-0,0254;-0,0247;-0,0253;-0,027;-0,0275;-0,0269;-0,0268;-0,0306;-0,0275;-0,0252;-0,0261;-0,0279;-0,0259;-0,0246;-0,0208;-0,0158;-0,0173;-0,0175;-0,019;-0,0164;-0,0146;-0,015;-0,015;-0,0143;-0,0135;-0,0142;-0,014;-0,0179;-0,0208;-0,0181;-0,0169;-0,0175;-0,0199;-0,0208;-0,0184;-0,0216;-0,0265;-0,0309;-0,0294;-0,0311;-0,0316;-0,0322;-0,0324;-0,031;-0,0263;-0,0246;-0,0233;-0,0225;-0,0268;-0,0275;-0,0305;-0,0326;-0,034;-0,0335;-0,0337;-0,0327;-0,0299;-0,0304;-0,0286;-0,0295;-0,0288;-0,0295;-0,0305;-0,0272;-0,0224;-0,0242;-0,0231;-0,0173;-0,022;-0,0269;-0,0213;-0,0171;-0,0176;-0,0164;-0,0167;-0,0168;-0,02;-0,021;-0,016;-0,0101;-0,0098;-0,0054;-0,0068;-0,004;-0,0021;-0,0018;0,0006;0,0003;-0,0003;0,0019;0,002;0,0019;0,0026;0,0019;0,0016;0,0013;0,0002;0,0004;-0,0007;-0,002;-0,0005;0,0016;0,0006;0,0006;-0,0006;-0,0018;-0,0016;-0,0017;-0,003;-0,0029;-0,0045;-0,0062;-0,0086;-0,0093;-0,0099;-0,0133;-0,0161;-0,0175;-0,0177;-0,0206;-0,0223;-0,0238;-0,0268;-0,0277;-0,0265;-0,028;-0,0283;-0,0296;-0,0278;-0,0299;-0,0291;-0,0306;-0,0322;-0,0256;-0,0229;-0,0282;-0,0274;-0,0256;-0,0272;-0,026;-0,0257;-0,0262;-0,0221;-0,0236;-0,0272;-0,0243;-0,0237;-0,0246;-0,0229;-0,024;-0,0245;-0,0252;-0,024;-0,0229;-0,021;-0,0148;-0,0155;-0,0144;-0,0148;-0,013;-0,009;-0,0058;-0,0062;0,0004;0,0022;0,0024;0,0025;0,0054;0,0032;0,0042;0,0043;0,0049;0,0053;0,0006;-0,0011;-0,0026;-0,0021;-0,0034;-0,0034;-0,0034;-0,0036;-0,0034;-0,0031;-0,0037;-0,0034;-0,0019;-0,0007;-0,0012;-0,002;-0,0064;-0,001;-0,0008;0;0,0005;-0,0004;-0,0012;-0,0008;-0,0007;-0,0024;-0,0011;-0,0014;-0,0028;-0,004;-0,005;-0,0035;-0,006;-0,006;-0,0056;-0,0062;-0,0061;-0,0073;-0,0071;-0,0058;-0,0075;-0,008;-0,0082;-0,0075;-0,0081;-0,0075;-0,0079;-0,0067;-0,0081;-0,008;-0,0047;-0,0045;-0,0051;-0,0042;-0,0053;-0,0071;-0,0051;-0,0047;-0,0059;-0,0052;-0,0054;-0,0047;-0,0026;-0,0073;-0,0123;-0,013;-0,0129;-0,0147;-0,0148;-0,0151;-0,0176;-0,0201;-0,0185;-0,019;-0,0191;-0,0194;-0,0175;-0,0186;-0,0189;-0,0207;-0,0213;-0,0231;-0,0269;-0,0253;-0,0256;-0,0271;-0,027;-0,0273;-0,0298;-0,0311;-0,0301;-0,0285;-0,0287;-0,027;-0,0274;-0,0251;-0,0248;-0,0274;-0,0228;-0,0238;-0,0213;-0,0177;-0,0178;-0,0179;-0,0177;-0,018;-0,0157;-0,0131;-0,012;-0,0123;;;;;;;;;;;;;;;;;;;;;;;;;;;;;;;;;;;;
CALCULATED;GZ Credit Spread;;300;266,53;266,53;266,53;266,53;266,53;304,67;298,41;250,17;235,51;226,1;254,93;238,78;222,84;213,04;197,91;198,99;202,75;191,48;207,09;208,31;198,28;184,17;171,98;159,15;159,95;156,06;157,94;158,16;165,65;170,54;180,28;176,4;189,89;195,08;203,83;198,38;201,19;214,77;196,69;205,02;210,9;212,77;209,33;220,75;230,24;220,41;236,17;249,04;255,98;271,81;276,39;249,78;239,24;245,92;271,64;284,27;294,2;276,43;305,83;277,37;218,27;212,1;203,83;194,56;194,73;198,63;210,63;220,87;238,5;239,2;251,17;266,96;252,15;267,94;255,23;209,96;221,56;241,82;239,19;239,51;281,96;282,48;293,53;328,22;348,93;410,25;473,67;531,72;622,84;611,18;627,18;751,88;775,84;705,66;473,69;373,49;362,21;339,18;306,79;321,62;373,47;349,96;323,76;282,51;274,13;217,21;223,37;227,18;211,57;161,44;146,23;154,32;157,83;150,63;148,77;158,21;167,91;169,65;179,22;178,55;177,49;172,88;163,75;161,45;170,35;172,51;178,54;193,34;186,61;186,57;180,16;178,27;167,18;192,53;208,93;211,09;183,92;154,16;169,67;147,18;154,09;175,14;175,43;186,8;174,52;180,68;190,35;175,38;192,79;190,72;178,53;190,53;199,07;208,42;239,86;237,33;241,81;251,43;277,39;270,04;318;343,07;358,95;368,62;379,84;433,66;427,26;393,64;403,07;324,65;271,76;263,11;258,25;292,79;291,88;288,19;296,31;340,63;351,11;301,66;302,94;308,37;300,04;320,64;328,5;332,15;341,64;381,28;379,8;368,46;321,22;308;294,52;282,58;282,68;264,73;248,99;213,92;197,53;188,79;206,21;211,43;204,17;199;177,99;171,41;168,3;164,2;170,6;180,85;194,7;198,51;202,06;228,47;213,65;202,75;138,34;132,35;122,8;121,95;132,75;134,06;138,64;132,49;132,68;133,87;116,97;116,17;121,62;116,04;115,77;123,06;120,45;119,11;128,45;127,03;134,62;129,75;124,95;126,98;129,76;128,23;122,33;127,32;128,24;132,2;142,18;143,61;141,64;136,37;127,9;128,88;127,1;134,89;132,74;121,12;124,39;123,87;127,32;127,72;123,93;118,63;116,03;118,4;120,39;120,24;124,71;122,04;121,94;113,95;123,84;128,01;130,16;137,02;142,38;139,65;131,6;133,56;135,5;143,33;139,21;144,06;140,95;138,19;130,51;143,1;155,79;144,4;128,39;121,81;124,76;124,3;123,93;130,03;136,81;156,84;138,75;139,87;142,2;132,99;143,48;132,54;136,04;141,01;143,67;145,28;163,79;161,53;157,47;143,63;114,07;111,95;118,01;118,95;116,1;124,39;144,22;140,99;143,23;154,46;163,45;162,31;151,05;165,5;187,57;174,02;162,25;155,65;147,32;137,8;147,35;141,25;141,64;154,96;138,37;129,65;128,48;140,24;137,06;137,54;149,13;156,66;161,72
CALCUALTED;Excess Bond Premium;;300;29,29;29,29;29,29;29,29;29,29;77,98;73,17;42,09;39,09;27,74;38,03;31,68;11,83;11,58;-3,15;-8,14;-26,6;-41,78;-28,39;-2,33;-3,58;-28,76;-27,37;-36,11;-34,39;-32,22;-40,07;-37,25;-26,67;-20,1;-31,25;-9,83;1,59;-3,76;-16,24;-15,14;-3,21;-46,95;-61,27;-23,19;-19,24;-13,59;-18,26;-29,74;-20,29;-34,87;-34,77;-44,88;-24,29;-5,54;-36,78;-35,81;-53,72;-11,3;-1,75;6,89;32,6;-32,4;20,82;-27,14;-8,22;-0,28;-13,57;-25,62;-29,37;-25,53;2,71;-45,49;-19,32;-5,11;-11,67;-49,96;9,38;-9,66;-23,88;-30,24;-16,75;-4,32;-26,4;-59,85;-14,68;-30,88;-12,43;-16,02;9,77;66,84;106,88;192,17;224,02;275,61;221,57;240,11;226,49;291,02;150,59;102,6;87,23;60,74;53,61;48,93;97,71;77,11;55,78;32,85;17,62;-14,73;-5,15;2,49;-9,94;-48,22;-69,1;-45,27;-45,39;-68,5;-65,01;-60,52;-48,48;-51,5;-49,74;-41,43;-39,04;-48,6;-43,01;-54,21;-51,93;-44,75;-48,39;-44,07;-44,78;-47,47;-57,66;-70,27;-68,6;-58,92;-41,81;-52,45;-72,75;-101,76;-76,04;-75,56;-68,87;-56,36;-59,73;-45,43;-32,25;-38,45;-37,26;-77,57;-54,27;-34,41;-74,35;-51,8;-57,41;-55,17;-63,63;-22,97;-119,17;-47,57;-67,77;-0,99;2,18;55,94;79,99;81,68;97,16;131,77;150,92;135,38;144,6;87,28;45,74;34,32;19,03;70,17;50,27;33,92;-28,96;92,25;111,94;65,22;66,79;92,2;68,51;83,99;102,08;106,85;103,36;144,62;144,73;137,15;97,2;87,96;71,44;65,38;60,71;41,7;25,62;1,98;-3,49;-21,08;1,6;5,57;4,95;-9,07;-13,3;-18,27;-23,47;-23,85;-18,76;-23,34;1,51;1,03;15,62;13,41;1,11;3,48;-32,94;-38,3;-39,8;-44,94;-36,93;-32,27;-34,18;-40,23;-32,33;-39,39;-54,57;-48,45;-49,87;-52,3;-43,27;-41,17;-48,17;-45,44;-30,78;-40,8;-29,63;-33,27;-39,09;-39,92;-32,65;-27,46;-31,49;-29,08;-34,2;-33,02;-9,21;-4,48;-3,84;-12,81;-16,61;-19,92;-31,11;-13,22;-33,38;-22,37;-27,4;-26,91;-23,54;-18,85;-24,21;-28,99;-38,93;-25;-29,26;-32,63;-27,86;-26,74;-30,45;-42,35;-21,86;-13,93;-10,9;-3,22;4,5;-5,74;-4,03;-3,74;5,24;8,01;6,79;8,4;11,2;14,95;10,31;13,41;21,74;10,97;-6,74;1,3;3,07;7,04;7,55;12,23;7,54;20,06;18,94;16,22;15,67;13,68;21,35;8,94;20,11;19,99;25,66;30,21;39,13;35,5;35,44;25,6;6,2;-15,37;14,59;17,37;5,51;7,63;42,38;36,55;22,09;51,07;62,66;46,13;45,62;38,91;71,93;46,06;26,43;48,11;34,53;7,28;16;19,6;6,74;21,23;9,48;-9,45;-30,89;1,98;-3,43;-12,6;-18,78;5,53;-37,97
