Date,RPGDP,USRGDP,USRGDPUQ,USOGAP,USGDP,USMGDP,USCBBBEY,USCBBBBR,REAL10YTR,10YTR,2YTR,3YTR,3MTRNK,M1MS,VM1MSUS,TWUSDIB,USRPCE,USRDPI,USCIPI,USNHPUM,USTNP,USICUI,USMAWH,USPMI,SPECCDCI,SP500CAP,SP500D,SP500NM,SP500YD,VIX,S10Y3MTS,USCBBBBR,TEDS,USIR,IMRISKPR,IMEQPR5YR,IMEQPR5YDIF,CURVYCURV,GZSPREAD,EXCBONDPR,NBER
31/01/1991,8138900,8907400,0.006,0.094423079,6023300,,,,0.023785,0.0803,0.0705,0.073,0.0637,828400,7.326,,,6369.3,-0.004551,51.5,109001,462000,,39.2,,15.6059,12.1067,325.49,0.037195306,,0.0166,,87.25,0.056515,0.021748183,,,-0.0123,163.79,39.13,1
28/02/1991,8138900,8907400,0.006,0.094423079,6023300,,,,0.027075,0.0802,0.0704,0.0726,0.0622,832000,7.326,,,6379.4,-0.006595,54.1,108695,499000,,39.4,,17.3544,12.1133,362.26,0.033438138,,0.018,,83.5,0.053125,0.014350827,,,-0.012,145.28,30.21,1
31/03/1991,8195300,8865600,-0.009,0.081790783,6054900,,,,0.031549,0.0805,0.0702,0.073,0.0592,840200,7.27,,,6390.6,-0.005367,78.7,108535,499000,,40.7,,17.8183,12.12,372.28,0.032556141,,0.0213,,63.5,0.048951,-0.006706552,,,-0.0131,143.67,25.66,1
30/04/1991,8195300,8865600,-0.009,0.081790783,6054900,,,,0.031325,0.0802,0.068,0.0715,0.0568,841200,7.27,,,6412.7,0.002172,90.9,108324,462000,,42.8,,18.1555,12.13,379.68,0.031947956,,0.0234,,67.75,0.048875,-0.007117172,,,-0.0157,141.01,19.99,0
31/05/1991,8195300,8865600,-0.009,0.081790783,6054900,,,,0.031064,0.0806,0.0668,0.071,0.0571,849700,7.27,,,6412.9,0.009938,98.3,108196,443000,,44.5,,18.0356,12.14,377.99,0.032117252,,0.0235,,53.25,0.049536,-0.006659162,,,-0.018,136.04,20.11,0
30/06/1991,8250400,8934400,-0.005,0.082905071,6143600,,,,0.035441,0.0824,0.069,0.0733,0.0571,856100,7.232,,,6445.9,0.009287,93.2,108283,418000,,50.3,,18.0154,12.15,378.29,0.032118216,,0.0253,,64.75,0.046959,-0.006982677,,,-0.0177,132.54,8.94,0
31/07/1991,8250400,8934400,-0.005,0.082905071,6143600,,,,0.037521,0.082,0.0681,0.0721,0.057,862700,7.232,,,6432.8,0.000073,91.3,108236,423000,,50.6,,18.1041,12.1933,380.23,0.032068222,,0.025,,53.25,0.044479,-0.009193889,,,-0.0179,143.48,21.35,0
31/08/1991,8250400,8934400,-0.005,0.082905071,6143600,,,,0.040206,0.0782,0.0636,0.0668,0.0549,869100,7.232,,,6445,0.00137,84.9,108251,425000,,52.9,,18.5129,12.2367,389.4,0.031424499,,0.0233,,35.75,0.037994,-0.012750651,,,-0.0178,132.99,13.68,0
30/09/1991,8304900,8977300,-0.001,0.08096425,6218400,,,,0.040789,0.0747,0.0599,0.0628,0.0526,871800,7.18,,,6463.7,0.00863,80.6,108286,437000,,54.9,,18.3579,12.28,387.2,0.031714876,,0.0221,,51.5,0.033911,-0.009031431,,,-0.0177,142.2,15.67,0
31/10/1991,8304900,8977300,-0.001,0.08096425,6218400,,,,0.045487,0.0747,0.057,0.0606,0.0496,880800,7.18,,,6474,-0.00224,89.8,108298,423000,,53.1,,18.3498,12.2533,386.88,0.031672095,,0.0251,,43,0.029213,-0.013922266,,,-0.0213,139.87,16.22,0
30/11/1991,8304900,8977300,-0.001,0.08096425,6218400,,,,0.043905,0.0738,0.0538,0.0576,0.0447,887400,7.18,,,6486.7,-0.000955,67.1,108240,444000,,49.5,,18.2895,12.2267,385.92,0.031681955,,0.0291,,65,0.029895,-0.012308542,,,-0.0238,138.75,18.94,0
31/12/1991,8359100,9016400,0.012,0.078632867,6279300,,,,0.036457,0.0671,0.0477,0.0511,0.0396,897500,7.075,,,6546.2,-0.003812,68.5,108263,441000,,46.8,,18.4423,12.2,388.51,0.031402023,,0.0275,,37,0.030643,0.008295647,,,-0.0228,156.84,20.06,0
31/01/1992,8359100,9016400,0.012,0.078632867,6279300,,,,0.047097,0.0731,0.0511,0.0565,0.0394,918200,7.075,,,6616.3,-0.006169,67.9,108312,441000,,47.3,,19.7738,12.24,416.08,0.02941742,,0.0337,,34.75,0.026003,-0.004552451,,,-0.0274,136.81,7.54,0
29/02/1992,8359100,9016400,0.012,0.078632867,6279300,,,,0.04451,0.0727,0.0527,0.0575,0.0403,928600,7.075,,,6649.9,0.007279,72.6,108246,444000,,52.7,,19.5837,12.28,412.56,0.029765367,,0.0324,,32,0.02819,-0.001538293,,,-0.0248,130.03,12.23,0
31/03/1992,8413200,9123000,0.029,0.084367423,6380800,,,,0.043548,0.0754,0.056,0.0617,0.0415,939700,6.905,,,6659.6,0.008732,97.7,108296,420000,,54.6,,19.2842,12.32,407.36,0.030243519,,0.0339,,31.719,0.031852,0.017563834,,,-0.0251,123.93,7.55,0
30/04/1992,8413200,9123000,0.029,0.084367423,6380800,6270.066,,,0.044295,0.0761,0.0546,0.0605,0.0379,945600,6.905,,,6679.4,0.006953,103.9,108454,424000,,52.6,,19.3018,12.32,407.41,0.030239808,,0.0382,,36.25,0.031805,0.016811431,,,-0.0274,124.3,7.04,0
31/05/1992,8413200,9123000,0.029,0.084367423,6380800,6251.9252,,,0.043064,0.0733,0.0519,0.0575,0.0379,952300,6.905,,,6712.9,0.00339,97.1,108580,411000,,55.7,,19.6629,12.32,414.81,0.029700345,,0.0354,,36.25,0.030236,0.017421717,,,-0.027,124.76,3.07,0
30/06/1992,8467400,9223500,0.032,0.089295415,6492300,6363.6088,,,0.040518,0.0714,0.0483,0.0539,0.0365,955200,6.837,,,6741.7,-0.000229,109.2,108640,420000,,53.6,,19.316,12.32,408.27,0.030176109,,0.0349,,36.75,0.030882,0.023585464,,,-0.0287,121.81,1.3,0
31/07/1992,8467400,9223500,0.032,0.089295415,6492300,6383.1407,,,0.035629,0.0672,0.0442,0.0497,0.0325,966800,6.837,,,6736.8,0.008951,101.1,108711,564000,,53.9,,19.6214,12.3433,415.05,0.029739309,,0.0347,,25.75,0.031571,0.028030911,,,-0.0285,128.39,-6.74,0
31/08/1992,8467400,9223500,0.032,0.089295415,6492300,6380.153,,,0.034721,0.0662,0.0415,0.0469,0.0323,978500,6.837,,,6759.6,-0.004777,93,108852,408000,,53.4,,19.7228,12.3667,417.93,0.029590362,,0.0339,,34,0.031479,0.028777536,,,-0.0301,144.4,10.97,0
30/09/1992,8522000,9313200,0.037,0.092842056,6586500,6405.8063,,,0.033817,0.0637,0.038,0.0434,0.0275,994200,6.755,,,6725.8,0.00228,99.2,108887,409000,,49.7,,19.7094,12.39,418.48,0.02960715,,0.0362,,57.563,0.029883,0.0348031,,,-0.0311,155.79,21.74,0
31/10/1992,8522000,9313200,0.037,0.092842056,6586500,6452.181,,,0.035977,0.068,0.044,0.0498,0.0303,1009200,6.755,,,6682.5,0.0077,97.1,109064,365000,,50.3,,19.3709,12.3867,412.5,0.030028364,,0.0377,,60.25,0.032023,0.033159591,,,-0.0298,143.1,13.41,0
30/11/1992,8522000,9313200,0.037,0.092842056,6586500,6484.1998,,,0.039021,0.0695,0.0479,0.0536,0.0338,1017900,6.755,,,6685.9,0.004196,76.4,109204,341000,,53.6,,19.8343,12.3833,422.84,0.029286018,,0.0357,,73,0.030479,0.029274236,,,-0.0273,130.51,10.31,0
31/12/1992,8577400,9406500,0.043,0.096660993,6697600,6544.4191,,,0.037993,0.067,0.0456,0.0512,0.0315,1028400,6.6,,,6922.8,0.000671,79.5,109415,313000,,54.2,,20.4493,12.38,435.64,0.02841796,,0.0355,,35.75,0.029007,0.035506698,,,-0.027,138.19,14.95,0
31/01/1993,8577400,9406500,0.043,0.096660993,6697600,6533.5149,,,0.031315,0.0639,0.042,0.0472,0.0296,1030900,6.6,,,6793.6,0.004773,67.1,109725,340000,,55.8,,20.3241,12.4133,435.23,0.028521242,,0.0343,,35,0.032585,0.042401982,,,-0.0271,140.95,11.2,0
28/02/1993,8577400,9406500,0.043,0.096660993,6697600,6547.6287,,,0.027832,0.0603,0.0392,0.0437,0.0301,1034700,6.6,,,6817.1,0.00369,73.1,109967,362000,,55.2,,20.546,12.4467,441.7,0.028179081,,0.0302,,26.094,0.032468,0.045513041,,,-0.0256,144.06,8.4,0
31/03/1993,8634500,9424100,0.033,0.091447102,6748200,6552.3564,,,0.029431,0.0603,0.0396,0.0442,0.0295,1040400,6.526,,,6794.6,-0.000461,99.1,109916,366000,,53.5,,20.8559,12.48,450.16,0.027723476,,0.0308,,36,0.030869,0.033091388,,,-0.0253,139.21,6.79,0
30/04/1993,8634500,9424100,0.033,0.091447102,6748200,6584.6367,,,0.028242,0.0605,0.0383,0.043,0.0297,1047200,6.526,,,6825.9,0.002999,107.3,110225,350000,,50.2,,20.458,12.4933,443.08,0.028196488,,0.0308,,27.75,0.032258,0.03482455,,,-0.0269,143.33,8.01,0
31/05/1993,8634500,9424100,0.033,0.091447102,6748200,6630.8307,,,0.029388,0.0616,0.0424,0.0463,0.0313,1073000,6.526,,,6814.5,-0.003655,101.7,110490,349000,,51.2,,20.5182,12.5067,445.25,0.028089163,,0.0303,,31.5,0.032212,0.033562773,,,-0.0231,135.5,5.24,0
30/06/1993,8692800,9480100,0.028,0.090569207,6829600,6652.6327,,,0.028043,0.058,0.0403,0.0439,0.031,1077600,6.426,,,6800.8,0.001778,117.8,110663,340000,,49.6,,20.609,12.52,448.06,0.027942686,,0.027,,28.25,0.029957,0.029542599,,,-0.0213,133.56,-3.74,0
31/07/1993,8692800,9480100,0.028,0.090569207,6829600,6644.2846,,,0.030542,0.0583,0.0413,0.045,0.031,1086500,6.426,,,6817.1,0.002889,104.5,110958,356000,,50.2,,20.5652,12.52,447.29,0.027990789,,0.0273,,28.25,0.027758,0.027031254,,,-0.0207,131.6,-4.03,0
31/08/1993,8692800,9480100,0.028,0.090569207,6829600,6679.1075,,,0.026821,0.0545,0.0388,0.042,0.0308,1096800,6.426,,,6826.9,-0.000615,111.9,111119,337000,,50.7,,20.8129,12.52,454.13,0.027569198,,0.0237,,24,0.027679,0.03030459,,,-0.0189,139.65,-5.74,0
30/09/1993,8752400,9526300,0.023,0.088421462,6904200,6741.5078,,,0.027107,0.054,0.0389,0.0424,0.0298,1103900,6.309,,,6809.3,0.004726,111.5,111360,343000,,50.8,,20.9942,12.52,459.24,0.027262434,,0.0242,,45.5,0.026893,0.024532501,,,-0.0186,142.38,4.5,0
31/10/1993,8752400,9526300,0.023,0.088421462,6904200,6749.7669,,,0.026796,0.0543,0.0399,0.043,0.031,1113000,6.309,,,6772.6,0.007655,107,111637,348000,,53.4,,21.1098,12.54,463.9,0.027031688,,0.0233,,40.75,0.027504,0.024617996,,,-0.0175,137.02,-3.22,0
30/11/1993,8752400,9526300,0.023,0.088421462,6904200,6831.1704,,,0.031539,0.0583,0.0422,0.0455,0.0321,1124700,6.309,,,6791.6,0.004066,98.1,111898,337000,,53.8,,21.0386,12.56,462.89,0.027133876,,0.0262,,36,0.026761,0.019961786,,,-0.0194,130.16,-10.9,0
31/12/1993,8813200,9653500,0.026,0.095345618,7032800,6860.4627,,,0.030816,0.0583,0.0425,0.0458,0.0307,1131900,6.267,,,7023.2,0.00517,100.1,112206,290000,,55.6,,21.1654,12.58,465.95,0.026998605,,0.0276,,36.5,0.027484,0.023645891,,,-0.0191,128.01,-13.93,0
31/01/1994,8813200,9653500,0.026,0.095345618,7032800,6874.7093,,,0.031755,0.057,0.0412,0.0444,0.0305,1132700,6.267,,,6892.9,0.00408,80.7,112474,406000,,56,,21.4127,12.6233,472.99,0.026688302,,0.0265,,29,0.025245,0.022318462,,,-0.019,123.84,-21.86,0
28/02/1994,8813200,9653500,0.026,0.095345618,7032800,6928.4681,,,0.036343,0.0615,0.0467,0.0504,0.0347,1136500,6.267,,,6908.4,0.000308,81.7,112675,327000,,56.5,,21.2646,12.6667,471.58,0.02686013,,0.0268,,39,0.025157,0.017908782,,,-0.0185,113.95,-42.35,0
31/03/1994,8875300,9748200,0.034,0.098351605,7136300,6945.7226,,,0.04263,0.0677,0.0521,0.0566,0.0356,1141500,6.282,,,6930.4,0.010243,126.4,113137,322000,,56.9,,20.8341,12.71,463.81,0.027403463,,0.0321,,45.75,0.02507,0.020415543,,,-0.0201,121.94,-30.45,0
30/04/1994,8875300,9748200,0.034,0.098351605,7136300,6985.8496,,,0.046989,0.0706,0.0573,0.0616,0.0397,1137900,6.282,,,6932.6,0.00532,127.6,113490,344000,,57.4,,20.056,12.7533,447.23,0.0285162,,0.0309,,44.25,0.023611,0.017192939,,,-0.0176,122.04,-26.74,0
31/05/1994,8875300,9748200,0.034,0.098351605,7136300,7089.338,,,0.048815,0.0717,0.0601,0.0636,0.0431,1142300,6.282,,,7016.1,0.005638,131.4,113821,348000,,58.2,,20.1972,12.7967,450.9,0.02838035,,0.0286,,46.5,0.022885,0.015201849,,,-0.0151,124.71,-27.86,0
30/06/1994,8938600,9881400,0.042,0.10547513,7269800,7057.7124,,,0.048469,0.0734,0.0619,0.0652,0.0426,1145300,6.359,,,7002.8,0.006745,138.8,114136,341000,,58.8,,20.2915,12.84,454.83,0.028230328,,0.0308,,72.5,0.024931,0.023680372,,,-0.0148,120.24,-32.63,0
31/07/1994,8938600,9881400,0.042,0.10547513,7269800,7103.3717,,,0.043499,0.0712,0.0599,0.0633,0.0439,1151400,6.359,,,7008.8,0.001676,114.8,114499,332000,,58.5,,20.0687,12.87,451.4,0.028511298,,0.0273,,60.5,0.027701,0.029032735,,,-0.0147,120.39,-29.26,0
31/08/1994,8938600,9881400,0.042,0.10547513,7269800,7155.2857,,,0.042894,0.0719,0.0617,0.0644,0.0468,1151600,6.359,,,7019.1,0.005616,131.5,114799,341000,,58,,20.5363,12.9,464.24,0.027787351,,0.0251,,44,0.029006,0.028900272,,,-0.0129,118.4,-25,0
30/09/1994,9003000,9939700,0.043,0.104043097,7352300,7136.7427,,,0.046565,0.0762,0.0662,0.0692,0.048,1152300,6.387,,,7048.2,0.00354,127.2,115153,325000,,59,,20.5772,12.93,466.96,0.027689738,,0.0282,,83,0.029635,0.026171267,,,-0.013,116.03,-38.93,0
31/10/1994,9003000,9939700,0.043,0.104043097,7352300,7225.1944,,,0.052019,0.0781,0.0684,0.071,0.052,1148100,6.387,,,7113.4,0.008424,117,115360,331000,,59.4,,20.3965,13.0133,463.81,0.028057394,,0.0261,,59.5,0.026081,0.021008093,,,-0.0123,118.63,-28.99,0
30/11/1994,9003000,9939700,0.043,0.104043097,7352300,7229.9586,,,0.052351,0.0791,0.074,0.0762,0.0572,1151200,6.387,,,7111.1,0.006185,100.5,115783,329000,,59.2,,20.2102,13.0967,461.01,0.028408711,,0.0219,,62.75,0.026749,0.021071866,,,-0.0073,123.93,-24.21,0
31/12/1994,9068600,10052500,0.041,0.108495247,7476700,7289.447,,,0.051651,0.0784,0.0769,0.078,0.0568,1149300,6.498,,,7144.2,0.010275,94.2,116057,319000,,56.1,,19.9122,13.18,455.19,0.028954942,,0.0216,,97,0.026749,0.020297365,,,-0.0026,127.72,-18.85,0
31/01/1995,9068600,10052500,0.041,0.108495247,7476700,7329.3253,,,0.047956,0.076,0.0726,0.0739,0.06,1148000,6.498,94.1663,,7174.2,0.002041,78,116378,324000,,57.4,,20.2198,13.18,465.25,0.028328855,,0.016,,48.25,0.028044,0.023361366,,,-0.0047,127.32,-23.54,0
28/02/1995,9068600,10052500,0.041,0.108495247,7476700,7272.7839,,,0.04357,0.0722,0.0679,0.069,0.0594,1146200,6.498,93.2739,,7190.3,-0.000945,80.4,116587,336000,,55.1,,20.8033,13.18,481.92,0.027348938,,0.0128,,49,0.02863,0.026715347,,,-0.0054,123.87,-26.91,0
31/03/1995,9135200,10086900,0.035,0.104179438,7545300,7320.9908,,,0.043467,0.072,0.068,0.0692,0.0588,1147200,6.57,91.673,,7208.3,0.001456,111.5,116809,332000,,52.1,,21.1535,13.18,493.15,0.026726148,,0.0132,,55,0.028533,0.019983831,,,-0.0052,124.39,-27.4,0
30/04/1995,9135200,10086900,0.035,0.104179438,7545300,7317.1375,,,0.040171,0.0707,0.066,0.0672,0.0587,1149800,6.57,89.8462,,7153.1,-0.000295,109.7,116971,365000,,51.5,,21.6435,13.2433,507.91,0.026074108,,0.012,,49.75,0.030529,0.022639578,,,-0.0059,121.12,-22.37,0
31/05/1995,9135200,10086900,0.035,0.104179438,7545300,7337.4434,,,0.031136,0.063,0.0589,0.0595,0.0581,1142800,6.57,90.3528,,7223.3,0.002969,122.8,116955,374000,,46.7,,22.1962,13.3067,523.81,0.025403677,,0.0049,,43.25,0.031864,0.0309946,,,-0.0047,132.74,-33.38,0
30/06/1995,9203200,10122100,0.024,0.099845706,7604900,7412.8191,,,0.031695,0.0621,0.0579,0.0588,0.056,1143800,6.634,90.1676,,7245.4,0.003972,129.3,117186,358000,,45.9,,22.7191,13.37,539.35,0.024789098,,0.0061,,61.859,0.030405,0.018460838,,,-0.0051,134.89,-13.22,0
31/07/1995,9203200,10122100,0.024,0.099845706,7604900,7393.101,,,0.036872,0.0645,0.0588,0.0602,0.056,1146200,6.634,90.4943,,7259.9,-0.004082,115.6,117265,351000,,50.7,,23.3772,13.44,557.37,0.024113246,,0.0085,,45.5,0.027628,0.012502154,,,-0.0071,127.1,-31.11,0
31/08/1995,9203200,10122100,0.024,0.099845706,7604900,7445.0436,,,0.036626,0.0628,0.0585,0.0595,0.0545,1143400,6.634,93.3792,,7265.8,0.013345,133.5,117536,359000,,47.1,,23.2849,13.51,559.11,0.024163403,,0.0083,,59.281,0.026174,0.012764956,,,-0.0053,128.88,-19.92,0
30/09/1995,9272300,10208800,0.027,0.100999752,7706500,7519.3554,,,0.036265,0.0617,0.0583,0.0591,0.054,1140000,6.735,93.1247,,7289.4,0.003722,124.1,117781,355000,,48.1,,23.9468,13.58,578.77,0.023463552,,0.0077,,71.313,0.025435,0.015444977,,,-0.0042,127.9,-16.61,0
31/10/1995,9272300,10208800,0.027,0.100999752,7706500,7517.3566,,,0.032206,0.0603,0.0561,0.057,0.0548,1135200,6.735,94.0469,,7297.7,-0.001458,122.2,117928,377000,,46.7,,23.9276,13.65,582.92,0.023416592,,0.0055,,61.75,0.028094,0.019518468,,,-0.0051,136.37,-12.81,0
30/11/1995,9272300,10208800,0.027,0.100999752,7706500,7520.7397,,,0.031548,0.0576,0.0536,0.0541,0.0548,1133800,6.735,95.2557,,7317.5,0.002496,107.8,118076,379000,,45.9,,24.3484,13.72,595.53,0.023038302,,0.0028,,55.5,0.026052,0.019728735,,,-0.0045,141.64,-3.84,0
31/12/1995,9342700,10281200,0.023,0.10045276,7799500,7589.4037,,,0.030416,0.0558,0.0518,0.0525,0.051,1127000,6.884,95.4634,,7326.1,0.00382,97.4,118207,359000,,46.2,,25.0282,13.79,614.57,0.022438453,,0.0048,,66.5,0.025384,0.016121215,0.018150534,0.002029319,-0.0047,143.61,-4.48,0
31/01/1996,9342700,10281200,0.023,0.10045276,7799500,7611.1312,,,0.028721,0.056,0.0493,0.0506,0.0505,1117900,6.884,97.0785,,7337.5,-0.006608,88.3,118188,387000,,45.5,,24.7633,13.8933,614.42,0.022612057,,0.0055,,46.5,0.027279,0.018042156,0.018088767,4.66114E-05,-0.008,142.18,-9.21,0
29/02/1996,9342700,10281200,0.023,0.10045276,7799500,7620.0861,,,0.034792,0.0613,0.0544,0.0556,0.0502,1116900,6.884,96.5937,,7394.6,0.015618,96,118622,365000,,45.9,,25.9769,13.9967,649.54,0.021548634,,0.0111,,41.469,0.026508,0.010836602,0.018030197,0.007193595,-0.0081,132.2,-33.02,0
31/03/1996,9414500,10348700,0.026,0.099229911,7893100,7683.3826,,,0.034998,0.0634,0.0579,0.0591,0.0513,1123200,7.038,96.6419,,7419.1,-0.001386,120.4,118885,393000,,46.9,,25.6308,14.1,647.07,0.021790533,,0.0121,,47.266,0.028402,0.013994073,0.018375207,0.004381135,-0.0067,128.24,-34.2,0
30/04/1996,9414500,10348700,0.026,0.099229911,7893100,7792.0103,,,0.037634,0.0666,0.0603,0.0619,0.0514,1118600,7.038,96.9887,,7376.4,0.008677,140.1,119046,343000,,49.3,,25.425,14.1567,647.17,0.021874778,,0.0152,,47.438,0.028966,0.011459621,0.01868482,0.007225199,-0.0079,127.32,-29.08,0
31/05/1996,9414500,10348700,0.026,0.099229911,7893100,7779.5586,,,0.039591,0.0685,0.0627,0.0644,0.0518,1110800,7.038,97.4956,,7470.8,0.007156,140.5,119369,343000,,49.1,,25.8149,14.2133,661.23,0.021495244,,0.0167,,46,0.028909,0.009100683,0.018947484,0.009846802,-0.0075,122.33,-31.49,0
30/06/1996,9487100,10529400,0.04,0.109864975,8061500,7828.431,,,0.039759,0.0673,0.0611,0.063,0.0518,1113000,7.205,97.8203,,7515.5,0.008372,131.4,119647,337000,,53.6,,25.9675,14.27,668.5,0.021346298,,0.0155,,54.203,0.027541,0.023052564,0.019448072,-0.003604492,-0.0081,128.23,-27.46,0
31/07/1996,9487100,10529400,0.04,0.109864975,8061500,7860.2053,,,0.038492,0.068,0.0622,0.0639,0.0532,1112100,7.205,97.0845,,7495.6,-0.001965,135.1,119879,327000,,49.7,,24.8592,14.4,644.07,0.022357818,,0.0148,,49.578,0.029508,0.025446255,0.020025407,-0.005420847,-0.0075,129.76,-32.65,0
31/08/1996,9487100,10529400,0.04,0.109864975,8061500,7885.8272,,,0.040823,0.0696,0.0634,0.0654,0.0529,1098600,7.205,97.3231,,7513.8,0.006207,129.1,120075,329000,,51.6,,25.4133,14.53,662.68,0.021926118,,0.0167,,41.25,0.028777,0.02263637,0.020615191,-0.002021178,-0.0082,126.98,-39.92,0
30/09/1996,9561000,10626800,0.041,0.111473695,8159000,7932.0675,,,0.037174,0.0672,0.061,0.0628,0.0514,1091800,7.394,98.1281,,7531.8,0.006415,121.1,120295,348000,,51.1,,25.6809,14.66,674.88,0.02172238,,0.0158,,71.5,0.030026,0.027117976,0.021217681,-0.005900295,-0.008,124.95,-39.09,0
31/10/1996,9561000,10626800,0.041,0.111473695,8159000,8011.8835,,,0.033772,0.0637,0.0577,0.0592,0.0517,1077800,7.394,98.3615,,7530.8,-0.000756,123.7,120538,352000,,50.5,,26.4843,14.74,701.46,0.021013315,,0.012,,47,0.029928,0.029757532,0.021945678,-0.007811854,-0.0075,129.75,-33.27,0
30/11/1996,9561000,10626800,0.041,0.111473695,8159000,8043.8427,,,0.028048,0.0606,0.0559,0.057,0.0513,1078100,7.394,98.4015,,7550.6,0.008631,100.7,120834,332000,,53,,27.5865,14.82,735.67,0.020144902,,0.0093,,50,0.032552,0.034605486,0.022727578,-0.011877907,-0.0058,134.62,-29.63,0
31/12/1996,9636300,10739100,0.045,0.114442265,8287100,8013.2738,0.0726,0.0083,0.031075,0.0643,0.0588,0.0604,0.0521,1070700,7.648,99.0104,,7577.2,0.006266,99.2,121001,357000,,55.2,,27.7248,14.9,743.25,0.02004709,,0.0122,0.0083,49.25,0.033225,0.035570247,0.023182155,-0.012388092,-0.0071,127.03,-40.8,0
31/01/1997,9636300,10739100,0.045,0.114442265,8287100,8088.556,0.0733,0.008,0.03486,0.0653,0.0594,0.0608,0.0515,1075800,7.648,101.1326,,7602.1,0.001564,88.1,121231,340000,,53.8,,28.3338,14.9533,766.22,0.019515674,,0.0138,0.008,54.25,0.03044,0.031154669,0.023777274,-0.007377396,-0.0073,128.45,-30.78,0
28/02/1997,9636300,10739100,0.045,0.114442265,8287100,8160.7516,0.0739,0.0083,0.035258,0.0656,0.0609,0.0623,0.0522,1075300,7.648,102.1151,,7624.6,0.012114,94.1,121532,322000,,53.1,,29.2665,15.0067,798.39,0.018796202,,0.0134,0.0083,44.906,0.030342,0.02998001,0.024302579,-0.005677431,-0.0061,119.11,-45.44,0
31/03/1997,9713100,10820900,0.046,0.114052156,8402100,8161.6924,0.0772,0.008,0.041583,0.0692,0.0645,0.066,0.0535,1063600,7.798,102.5186,,7659.5,0.007018,120.1,121844,325000,,53.8,,28.8033,15.06,792.16,0.019011311,,0.0157,0.008,54.344,0.027617,0.024852018,0.024424048,-0.00042797,-0.0062,120.45,-48.17,0
30/04/1997,9713100,10820900,0.046,0.114052156,8402100,8272.0991,0.0755,0.0083,0.042248,0.0672,0.0629,0.0642,0.0528,1055500,7.798,104.0535,,7664.7,0.000733,137.2,122135,337000,,53.7,,27.586,15.0933,763.93,0.019757439,,0.0144,0.0083,67.641,0.024952,0.024933946,0.024559424,-0.000374522,-0.0056,123.06,-41.17,0
31/05/1997,9713100,10820900,0.046,0.114052156,8402100,8234.5532,0.0749,0.0081,0.04435,0.0667,0.0622,0.0637,0.0496,1060600,7.798,102.1076,,7696.3,0.006277,131.6,122391,321000,,56.1,,29.9293,15.1267,833.09,0.018157342,,0.0171,0.0081,99.25,0.02235,0.021067064,0.024620179,0.003553116,-0.006,115.77,-43.27,0
30/06/1997,9791600,10984200,0.043,0.121798276,8551900,8323.7477,0.0733,0.0082,0.042126,0.0651,0.0608,0.0625,0.0525,1062100,8.033,102.254,,7720.6,0.004941,133.6,122644,322000,,54.9,,31.2575,15.16,876.29,0.017300209,,0.0126,0.0082,83.844,0.022974,0.019332663,0.024549299,0.005216636,-0.006,116.04,-52.3,0
31/07/1997,9791600,10984200,0.043,0.121798276,8551900,8375.9577,0.0684,0.0082,0.037907,0.0602,0.0574,0.0581,0.0525,1060600,8.033,104.7233,,7751.8,0.008549,133.7,122927,306000,,57.7,,32.7676,15.2167,925.29,0.016445331,,0.0077,0.0082,59.703,0.022293,0.02262786,0.024459249,0.001831389,-0.0035,121.62,-49.87,0
31/08/1997,9791600,10984200,0.043,0.121798276,8551900,8400.0739,0.0717,0.0082,0.04115,0.0634,0.0597,0.061,0.0524,1074500,8.033,105.5356,,7791.7,0.009758,126,122909,332000,,56.3,,32.5873,15.2733,927.24,0.016471787,,0.011,0.0082,61.875,0.02225,0.019412331,0.024303162,0.004890831,-0.005,116.17,-48.45,0
30/09/1997,9871700,11124000,0.047,0.126857583,8691800,8453.6684,0.0696,0.0084,0.039654,0.0612,0.058,0.0588,0.0506,1060100,8.129,105.7319,,7813,0.008868,134.4,123417,317000,,53.9,,32.6676,15.33,937.02,0.016360377,,0.0106,0.0084,83.953,0.021546,0.024844382,0.024137183,-0.000707199,-0.004,116.97,-54.57,0
31/10/1997,9871700,11124000,0.047,0.126857583,8691800,8490.4538,0.0681,0.0097,0.037554,0.0584,0.0563,0.057,0.0521,1058700,8.129,107.1133,,7849.7,0.00895,135.5,123756,306000,,56.4,,32.9025,15.3867,951.16,0.016176774,,0.0063,0.0097,68,0.020846,0.026736152,0.024030126,-0.002706026,-0.0028,133.87,-39.39,0
30/11/1997,9871700,11124000,0.047,0.126857583,8691800,8477.3012,0.0689,0.0103,0.040315,0.0586,0.0576,0.058,0.0522,1066400,8.129,109.7412,,7898.4,0.00886,100.4,124059,318000,,55.7,,32.3376,15.4433,938.92,0.01644794,,0.0064,0.0103,82.234,0.018285,0.024220879,0.023945903,-0.000274976,-0.0014,132.68,-32.33,0
31/12/1997,9953600,11210300,0.044,0.126255827,8788300,8549.345,0.068,0.0105,0.040476,0.0575,0.0566,0.0568,0.0536,1071400,8.216,113.8195,,7942.9,0.00319,106.4,124358,303000,,54.5,,33.0318,15.5,962.37,0.016106071,,0.0039,0.0105,59.25,0.017024,0.020624993,0.023697875,0.003072882,-0.0011,132.49,-40.23,0
31/01/1998,9953600,11210300,0.044,0.126255827,8788300,8505.8774,0.0667,0.0116,0.039587,0.0553,0.0532,0.0535,0.0519,1070900,8.216,115.8837,,8015,0.005085,96.2,124628,315000,,53.8,,32.8609,15.55,963.36,0.016141422,,0.0034,0.0116,56.5,0.015713,0.021529434,0.023349999,0.001820565,-0.0024,138.64,-34.18,0
28/02/1998,9953600,11210300,0.044,0.126255827,8788300,8633.9851,0.0679,0.0118,0.041789,0.0562,0.0555,0.0555,0.0532,1076800,8.216,114.0125,,8067,0.000837,107.4,124817,317000,,52.9,,34.7107,15.6,1023.74,0.015238244,,0.003,0.0118,49.969,0.014411,0.018348987,0.022897265,0.004548277,-0.0007,134.06,-32.27,0
31/03/1998,10037500,11321200,0.046,0.127890411,8889700,8661.9375,0.0681,0.0114,0.04295,0.0567,0.056,0.0561,0.0516,1064800,8.26,114.3475,,8114,0.0008,140.9,124961,312000,,52.9,,36.298,15.65,1076.83,0.014533399,,0.0051,0.0114,69.094,0.01375,0.018460962,0.022653424,0.004192463,-0.0008,132.75,-36.93,0
30/04/1998,10037500,11321200,0.046,0.127890411,8889700,8654.3959,0.0682,0.0114,0.042443,0.0568,0.0559,0.0562,0.05,1068500,8.26,113.6138,,8140.5,0.003479,146.3,125238,311000,,52.2,,37.278,15.75,1112.2,0.014161122,,0.0068,0.0114,84.875,0.014357,0.018582197,0.022382719,0.003800521,-0.0012,121.95,-44.94,0
31/05/1998,10037500,11321200,0.046,0.127890411,8889700,8680.9859,0.0671,0.0115,0.038736,0.0556,0.0553,0.0554,0.0503,1072900,8.26,116.2637,,8173.6,0.006176,138.2,125639,322000,,50.9,,36.9577,15.85,1108.42,0.014299634,,0.0053,0.0115,79.75,0.016864,0.022473659,0.0221979,-0.000275759,-0.0004,122.8,-39.8,0
30/06/1998,10123200,11431000,0.041,0.129188399,8994700,8760.4181,0.0667,0.0123,0.037557,0.0544,0.0549,0.0549,0.051,1066900,8.349,117.4886,,8219.9,-0.006518,153.4,125851,376000,,48.9,,36.8033,15.95,1108.39,0.014390242,,0.0034,0.0123,74.875,0.016843,0.018675554,0.022016783,0.003341229,0.0005,132.35,-38.3,0
31/07/1998,10123200,11431000,0.041,0.129188399,8994700,8771.0505,0.0679,0.0129,0.038178,0.055,0.0549,0.0548,0.051,1067700,8.349,118.022,,8234.8,-0.003781,149.3,125970,335000,,49.2,,38.2607,16.0167,1156.58,0.013848329,,0.004,0.0129,71.75,0.016822,0.017480618,0.021857605,0.004376987,0,138.34,-32.94,0
31/08/1998,10123200,11431000,0.041,0.129188399,8994700,8827.2843,0.0692,0.0187,0.034331,0.0505,0.0491,0.0485,0.0496,1069800,8.349,120.2243,,8261.8,0.020804,144.7,126322,310000,,49.3,,35.4244,16.0833,1074.62,0.0149665,,0.0009,0.0187,84.5,0.016169,0.022501041,0.021727546,-0.000773495,-0.0008,202.75,3.48,0
30/09/1998,10210500,11580600,0.041,0.134185397,9146500,8943.2651,0.065,0.0206,0.029512,0.0444,0.043,0.0426,0.0437,1074500,8.493,117.9651,,8287.3,-0.002561,141.7,126540,294000,,48.7,,33.5333,16.15,1020.64,0.015823405,,0.0007,0.0206,105.25,0.014888,0.028205402,0.021788761,-0.006416641,-0.001,213.65,1.11,0
31/10/1998,10210500,11580600,0.041,0.134185397,9146500,8997.6236,0.0681,0.0216,0.031549,0.0464,0.0412,0.0424,0.0433,1086900,8.493,114.312,,8301.1,0.007727,149.8,126733,308000,,48.7,,33.7741,16.1667,1032.47,0.015658276,,0.0031,0.0216,98.953,0.014851,0.02599334,0.021811684,-0.004181657,-0.0064,228.47,13.41,0
30/11/1998,10210500,11580600,0.041,0.134185397,9146500,9041.5574,0.0671,0.0197,0.03192,0.0474,0.0454,0.0454,0.0457,1096100,8.493,115.3833,,8335,-0.000406,119.9,127017,310000,,48.2,,37.3705,16.1833,1144.43,0.014140926,,0.0017,0.0197,86.266,0.01548,0.024028581,0.021879463,-0.002149117,-0.002,202.06,15.62,0
31/12/1998,10299200,11770700,0.05,0.142875175,9325700,9043.319,0.067,0.0205,0.030381,0.0465,0.0454,0.0455,0.0448,1091600,8.54,113.7533,,8349.5,0.003509,124.5,127359,336000,,46.8,,38.8214,16.2,1190.05,0.013612873,,0.0017,0.0205,69.563,0.016119,0.034142914,0.022054414,-0.0120885,-0.0012,198.51,1.03,0
31/01/1999,10299200,11770700,0.05,0.142875175,9325700,9087.8426,0.0658,0.0192,0.029892,0.0466,0.0458,0.0457,0.0448,1093900,8.54,115.9245,7582,8381.7,0.004661,105.7,127480,305000,,50.6,,40.5783,16.2833,1248.77,0.013039471,,0.0018,0.0192,59.953,0.016708,0.034028201,0.022249576,-0.011778625,-0.0007,194.7,1.51,0
28/02/1999,10299200,11770700,0.05,0.142875175,9325700,9152.5883,0.0708,0.0176,0.036841,0.0529,0.0513,0.0516,0.0466,1099800,8.54,117.4409,7620,8409,0.004528,114.7,127890,301000,,51.7,,40.4014,16.3667,1246.58,0.013129282,,0.0063,0.0176,47.625,0.016059,0.027166131,0.022403865,-0.004762266,-0.0019,180.85,-23.34,0
31/03/1999,10389100,11864700,0.048,0.142033477,9447100,9205.3691,0.0697,0.0172,0.035237,0.0525,0.0499,0.0507,0.0449,1093800,8.611,116.9254,7654.1,8418.6,0.00192,154.6,127996,298000,,52.4,,41.3574,16.45,1281.66,0.012834917,,0.0076,0.0172,63,0.017263,0.026446198,0.022504376,-0.003941821,-0.0034,170.6,-18.76,0
30/04/1999,10389100,11864700,0.048,0.142033477,9447100,9221.6473,0.0701,0.0165,0.030831,0.0536,0.0508,0.0517,0.0455,1095100,8.611,116.1825,7697.8,8402.6,0.001933,151.8,128372,291000,,52.3,,42.7059,16.37,1334.76,0.012264377,,0.0081,0.0165,55.875,0.022769,0.030314719,0.022723073,-0.007591646,-0.0037,164.2,-23.85,0
31/05/1999,10389100,11864700,0.048,0.142033477,9447100,9265.1486,0.0733,0.0168,0.035515,0.0564,0.0542,0.0551,0.0466,1099200,8.611,117.7511,7731.6,8420.1,0.007697,145.1,128585,303000,,54.3,,42.558,16.29,1332.07,0.012229087,,0.0098,0.0168,53.62,0.020885,0.025568747,0.022895854,-0.002672893,-0.0031,168.3,-23.47,0
30/06/1999,10480200,11962500,0.046,0.14143814,9557000,9271.004,0.075,0.0169,0.038468,0.0581,0.0553,0.0559,0.0478,1095100,8.675,117.3702,7765.2,8448.9,-0.00157,169.3,128851,291000,,55.8,,42.182,16.21,1322.55,0.012256625,,0.0103,0.0169,71.75,0.019632,0.020604121,0.022844583,0.002240462,-0.0034,171.41,-18.27,0
31/07/1999,10480200,11962500,0.046,0.14143814,9557000,9380.4073,0.077,0.0177,0.037754,0.0592,0.0563,0.057,0.0475,1096500,8.675,116.1274,7778.8,8458.4,0.006342,149.1,129142,300000,,53.6,,43.8294,16.2933,1380.99,0.011798275,,0.0117,0.0177,72.25,0.021446,0.020851661,0.022708232,0.001856571,-0.0036,177.99,-13.3,0
31/08/1999,10480200,11962500,0.046,0.14143814,9557000,9380.6364,0.0785,0.0187,0.037156,0.0598,0.0573,0.0582,0.0498,1082800,8.675,115.9054,7820.9,8494.4,0.00406,151.9,129334,290000,,54.8,,41.932,16.3767,1327.49,0.01233659,,0.01,0.0187,68,0.022644,0.022040273,0.022593899,0.000553626,-0.0034,199,-9.07,0
30/09/1999,10572600,12113100,0.046,0.145706827,9712300,9454.2563,0.0777,0.0187,0.032716,0.059,0.0563,0.057,0.0488,1089600,8.843,115.2727,7858.2,8488.3,-0.003544,137.3,129536,306000,,57,,41.3248,16.46,1318.17,0.012487009,,0.0102,0.0187,134.375,0.026284,0.026688717,0.022602523,-0.004086194,-0.0034,204.17,4.95,0
31/10/1999,10572600,12113100,0.046,0.145706827,9712300,9529.7355,0.0786,0.0184,0.03459,0.0602,0.0579,0.059,0.0512,1101600,8.843,115.1553,7874.8,8541.3,0.013374,137.6,129944,285000,,57.2,,40.5541,16.4667,1300.01,0.012666595,,0.009,0.0184,121.5,0.02561,0.024998572,0.022669031,-0.002329541,-0.0034,211.43,5.57,0
30/11/1999,10572600,12113100,0.046,0.145706827,9712300,9606.1485,0.0795,0.0177,0.03558,0.0618,0.0601,0.0605,0.053,1104800,8.843,115.7545,7911.9,8601.7,0.004907,125.6,130238,288000,,58.1,,43.2096,16.4733,1391,0.011842775,,0.0088,0.0177,96.5,0.02622,0.023132344,0.022703372,-0.000428972,-0.0021,206.21,1.6,0
31/12/1999,10666400,12323300,0.047,0.155338258,9926100,9687.216,0.081,0.0165,0.037654,0.0645,0.0624,0.0629,0.0533,1126500,8.926,114.9633,8015.7,8672.2,0.007636,120.9,130532,268000,,57.8,,44.1993,16.48,1428.68,0.011535123,,0.0112,0.0165,93.375,0.026846,0.021747501,0.022727541,0.000980041,-0.0026,188.79,-21.08,0
31/01/2000,10666400,12323300,0.047,0.155338258,9926100,9635.5495,0.0824,0.0156,0.039411,0.0668,0.0661,0.0665,0.0576,1106300,8.926,116.7829,7988.5,8744.8,0.000368,107.3,130781,285000,,56.7,,43.7744,16.5733,1425.59,0.011625573,,0.0092,0.0156,54.75,0.027389,0.020094353,0.022673091,0.002578738,-0.0011,197.53,-3.49,0
29/02/2000,10666400,12323300,0.047,0.155338258,9926100,9700.2898,0.0822,0.018,0.031981,0.0642,0.0653,0.0658,0.0578,1100600,8.926,117.2643,8065.3,8778.7,0.002987,121.8,130902,280000,,55.8,,42.1874,16.6667,1388.87,0.012000187,,0.0064,0.018,48.875,0.032219,0.027988002,0.022694302,-0.0052937,0.0006,213.92,1.98,0
31/03/2000,10761600,12359100,0.042,0.148444469,10031000,9792.6607,0.0821,0.0218,0.022724,0.0603,0.065,0.0644,0.0588,1103100,9.017,116.1074,8110.8,8800.6,0.004285,153.7,131374,272000,,54.9,,43.2226,16.76,1442.21,0.011621054,,0.0015,0.0218,57,0.037576,0.031840151,0.022891907,-0.008948244,0.0053,248.99,25.62,0
30/04/2000,10761600,12359100,0.042,0.148444469,10031000,9922.1389,0.0858,0.0243,0.031614,0.0623,0.0668,0.0664,0.0582,1113200,9.017,118.9745,8101.6,8836.9,0.00734,138.9,131660,291000,,54.7,,43.5306,16.74,1461.36,0.011455083,,0.0041,0.0243,84.25,0.030686,0.022688471,0.022892722,0.000204252,0.0049,264.73,41.7,0
31/05/2000,10761600,12359100,0.042,0.148444469,10031000,9936.9824,0.0879,0.025,0.031011,0.0629,0.0669,0.0666,0.0563,1096900,9.017,119.4875,8139,8869.8,0.002152,148.9,131885,280000,,53.2,,41.968,16.72,1418.48,0.011787265,,0.0066,0.025,138.25,0.031889,0.023663002,0.022770529,-0.000892473,0.0043,282.68,60.71,0
30/06/2000,10859800,12592500,0.053,0.159551741,10278300,9988.1787,0.0843,0.024,0.022996,0.0603,0.0638,0.0631,0.0588,1098000,9.278,118.6773,8156,8890.2,0.000786,155.1,131839,296000,,51.4,,42.784,16.7,1461.96,0.011423021,,0.0015,0.024,105.938,0.037304,0.04248115,0.023170867,-0.019310283,0.0042,282.58,65.38,0
31/07/2000,10859800,12592500,0.053,0.159551741,10278300,9937.1073,0.0832,0.0228,0.023807,0.0604,0.063,0.0624,0.0627,1094200,9.278,119.7235,8160.6,8937.1,-0.001179,129.8,132002,298000,,52.5,,42.7601,16.58,1473,0.01125594,,-0.0023,0.0228,69.188,0.036593,0.041479224,0.023653818,-0.017825405,0.0032,294.52,71.44,0
31/08/2000,10859800,12592500,0.053,0.159551741,10278300,10043.6945,0.0816,0.0243,0.023189,0.0573,0.0618,0.0609,0.0631,1100300,9.278,119.9812,8203.8,8985.2,-0.003405,146.8,132005,312000,,49.9,,42.8716,16.46,1485.46,0.011080743,,-0.0058,0.0243,55,0.034111,0.04187703,0.02413902,-0.01773801,0.0054,308,87.96,0
30/09/2000,10958900,12607700,0.041,0.150453056,10357400,10071.6982,0.0813,0.0233,0.023456,0.058,0.0598,0.0591,0.0623,1096100,9.404,121.3122,8269.4,8985.5,0.0038,131.4,132127,292000,,49.7,,41.9,16.34,1468.05,0.011130411,,-0.0043,0.0233,76.125,0.034544,0.029531011,0.024373787,-0.005157224,0.0025,321.22,97.2,0
31/10/2000,10958900,12607700,0.041,0.150453056,10357400,10130.2076,0.0844,0.0267,0.023217,0.0577,0.0594,0.0587,0.0638,1095600,9.404,123.8407,8265.8,9000,-0.003467,134.8,132116,301000,,48.7,,39.3715,16.3167,1390.14,0.011737451,,-0.0061,0.0267,57,0.034483,0.030423023,0.02455553,-0.005867494,0.0024,368.46,137.15,0
30/11/2000,10958900,12607700,0.041,0.150453056,10357400,10143.4626,0.0824,0.0276,0.020338,0.0548,0.0561,0.0552,0.0621,1095700,9.404,124.0381,8272.5,8994,-0.00007,121,132347,356000,,48.5,,38.7839,16.2933,1378.04,0.011823532,,-0.0073,0.0276,68.5,0.034462,0.033394465,0.024783292,-0.008611174,0.0022,379.8,144.73,0
31/12/2000,11058500,12679300,0.029,0.14656599,10472300,10115.7298,0.0797,0.0291,0.017332,0.0512,0.0511,0.0506,0.0589,1089600,9.579,122.2128,8314.9,9004.6,-0.002979,102.9,132485,353000,,43.9,,37.276,16.27,1330.93,0.012224535,,-0.0077,0.0291,66.875,0.033868,0.024673073,0.024925823,0.000252749,0.0004,381.28,144.62,0
31/01/2001,11058500,12679300,0.029,0.14656599,10472300,10164.9738,0.0752,0.0233,0.014578,0.0519,0.0462,0.0467,0.0499,1093300,9.579,122.776,8314.4,9054.5,-0.007293,117,132469,362000,,42.3,,36.9806,16.17,1335.63,0.012106646,,0.002,0.0233,56.125,0.037322,0.027344687,0.025080865,-0.002263822,-0.0062,341.64,103.36,0
28/02/2001,11058500,12679300,0.029,0.14656599,10472300,10154.0693,0.0742,0.025,0.013864,0.0492,0.0441,0.0448,0.0485,1103300,9.579,123.9799,8326.3,9073,-0.006219,114.3,132530,386000,,42.1,,35.8363,16.07,1305.75,0.012307103,,0.0007,0.025,32.25,0.035336,0.028247505,0.025371047,-0.002876458,-0.0058,332.15,106.85,0
31/03/2001,11158100,12643300,0.023,0.133105099,10508100,10176.2569,0.0735,0.0246,0.020094,0.0493,0.0418,0.0433,0.043,1105100,9.537,127.6213,8317.4,9101.3,-0.002954,147.7,132500,388000,,43.1,,32.3273,15.97,1185.85,0.013467133,,0.0063,0.0246,67.875,0.029206,0.017085245,0.025422566,0.008337321,-0.009,328.5,102.08,0
30/04/2001,11158100,12643300,0.023,0.133105099,10508100,10259.4744,0.0743,0.0208,0.020809,0.0535,0.043,0.0455,0.0395,1115300,9.537,126.341,8318.7,9080.8,-0.002987,148.6,132219,406000,,42.7,,32.1747,15.8767,1189.84,0.013343559,,0.014,0.0208,47.625,0.032691,0.016287708,0.025503034,0.009215326,-0.013,320.64,83.99,1
31/05/2001,11158100,12643300,0.023,0.133105099,10508100,10343.7899,0.0732,0.0189,0.018148,0.0543,0.0422,0.0449,0.0363,1117500,9.537,127.213,8351.4,9061.7,-0.007276,159.8,132175,405000,,41.3,,34.0755,15.7833,1270.37,0.012424176,,0.018,0.0189,44,0.036152,0.018021421,0.025651713,0.007630292,-0.0148,300.04,68.51,1
30/06/2001,11256600,12710300,0.009,0.129142014,10638400,10300.6357,0.0735,0.019,0.021717,0.0542,0.0425,0.0452,0.0365,1123800,9.493,127.5834,8352.1,9062.4,-0.006637,153.9,132047,394000,,43.2,,33.0693,15.69,1238.71,0.012666403,,0.0177,0.019,26.625,0.032483,0.000478546,0.02527548,0.024796933,-0.0144,308.37,92.2,1
31/07/2001,11256600,12710300,0.009,0.129142014,10638400,10284.1883,0.0694,0.0187,0.023501,0.0507,0.0379,0.0406,0.0354,1138200,9.493,127.0052,8368.8,9198.4,-0.00533,140.6,131922,388000,,43.5,,32.1633,15.7067,1204.45,0.013040558,,0.0153,0.0187,21,0.027199,-0.000985195,0.024834955,0.02582015,-0.0155,302.94,66.79,1
31/08/2001,11256600,12710300,0.009,0.129142014,10638400,10400.7683,0.0686,0.0201,0.021301,0.0485,0.0364,0.0391,0.0337,1148900,9.493,125.114,8412.7,9359,-0.002008,151.4,131762,395000,,46.3,,31.4045,15.7233,1178.5,0.01334179,,0.0148,0.0201,16.25,0.027199,0.001527016,0.024483133,0.022956117,-0.0148,301.66,65.22,1
30/09/2001,11353900,12670100,0.005,0.115924924,10639500,10230.6434,0.0685,0.0225,0.019518,0.046,0.0286,0.0322,0.024,1205500,9.131,126.4572,8332.2,9290.6,-0.003515,125.2,131518,517000,,46.2,,27.6676,15.74,1044.64,0.015067392,,0.022,0.0225,24,0.026482,0.001025738,0.024048262,0.023022524,-0.021,351.11,111.94,1
31/10/2001,11353900,12670100,0.005,0.115924924,10639500,10350.5542,0.0663,0.0233,0.021736,0.043,0.0244,0.0287,0.0205,1160800,9.131,127.2079,8531.9,9145.7,-0.004966,140.2,131193,483000,,40.8,,28.5776,15.74,1076.59,0.014620236,,0.0225,0.0233,19,0.021264,-0.001730224,0.023523466,0.02525369,-0.0229,340.63,92.25,1
30/11/2001,11353900,12670100,0.005,0.115924924,10639500,10300.2202,0.0686,0.0208,0.028845,0.0478,0.0284,0.033,0.0178,1171300,9.131,126.8838,8489.9,9167.5,-0.005419,124.4,130901,491000,,44.1,,30.0053,15.74,1129.68,0.013933149,,0.03,0.0208,28.188,0.018955,-0.009576762,0.022787095,0.032363857,-0.024,296.31,-28.96,1
31/12/2001,11449400,12705300,0.002,0.109691338,10701300,10468.5256,0.0699,0.0192,0.035183,0.0507,0.0307,0.0359,0.0174,1182400,9.12,128.0444,8475.6,9190.4,0.000174,113.6,130723,421000,,45.3,,30.5002,15.74,1144.93,0.013747565,,0.0333,0.0192,17.125,0.015517,-0.019194192,0.021874355,0.041068547,-0.0252,288.19,33.92,0
31/01/2002,11449400,12705300,0.002,0.109691338,10701300,10501.7254,0.0699,0.0192,0.039278,0.0507,0.0316,0.037,0.0176,1183600,9.12,130.0039,8502.4,9385.7,0.006181,115.7,130591,414000,,47.5,,30.2774,15.7367,1140.21,0.01380158,,0.0331,0.0192,15,0.011422,-0.023290859,0.020966929,0.044257789,-0.0245,291.88,50.27,0
28/02/2002,11449400,12705300,0.002,0.109691338,10701300,10451.9369,0.0705,0.0217,0.037423,0.0488,0.0306,0.0364,0.0179,1188200,9.12,130.0647,8537.6,9395.5,0.00014,122.5,130444,398000,,50.7,,29.0859,15.7333,1100.67,0.014294293,,0.0309,0.0217,14,0.011377,-0.020937167,0.02011831,0.041055476,-0.024,292.79,70.17,0
31/03/2002,11541100,12822300,0.014,0.111011949,10834400,10542.4377,0.0752,0.0206,0.039444,0.0542,0.0372,0.0431,0.0179,1191600,9.098,129.3663,8533.8,9391.3,0.007816,143.2,130420,479000,,52.4,,30.2923,15.73,1153.79,0.01363333,,0.0363,0.0206,27,0.014756,-0.011415813,0.019513846,0.030929659,-0.0229,258.25,19.03,0
30/04/2002,11541100,12822300,0.014,0.111011949,10834400,10575.627,0.0748,0.0237,0.034707,0.0511,0.0324,0.0383,0.0177,1186900,9.098,127.8031,8577.6,9417.9,0.004508,156,130335,414000,,52.4,,29.0062,15.83,1111.93,0.014236508,,0.0334,0.0237,18,0.016393,-0.006034535,0.018997705,0.025032239,-0.0246,263.11,34.32,0
31/05/2002,11541100,12822300,0.014,0.111011949,10834400,10583.8854,0.0696,0.0188,0.038982,0.0508,0.0322,0.0373,0.0174,1193600,9.098,125.9472,8543,9438.5,0.004308,164.2,130328,403000,,53.1,,28.1284,15.93,1079.25,0.01476025,,0.0334,0.0188,18.625,0.011818,-0.009838228,0.018482616,0.028320844,-0.0237,271.76,45.74,0
30/06/2002,11631500,12893000,0.014,0.108455487,10934800,10646.1877,0.0713,0.0228,0.037926,0.0486,0.029,0.0337,0.017,1193500,9.189,124.3034,8583.8,9459,0.009578,158,130373,386000,,53.6,,26.3879,16.03,1014.02,0.015808367,,0.0316,0.0228,19,0.010674,-0.007725215,0.018031652,0.025756867,-0.0243,324.65,87.28,0
31/07/2002,11631500,12893000,0.014,0.108455487,10934800,10716.4056,0.0731,0.028,0.030452,0.0451,0.0223,0.0267,0.0171,1204000,9.189,125.4922,8633.6,9429.7,-0.002355,159.3,130276,390000,,50.2,,23.4633,15.95,903.59,0.017651811,,0.028,0.028,14.375,0.014648,0.00170912,0.017683006,0.015973886,-0.0272,403.07,144.6,0
31/08/2002,11631500,12893000,0.014,0.108455487,10934800,10674.5507,0.069,0.0276,0.023372,0.0414,0.0214,0.025,0.0169,1189400,9.189,125.0386,8645.8,9422,0.000197,153.7,130260,394000,,50.3,,23.5884,15.87,912.55,0.017390828,,0.0245,0.0276,14.625,0.018028,0.008580211,0.017502471,0.00892226,-0.0236,393.64,135.38,0
30/09/2002,11719600,12955800,0.023,0.105481416,11037100,10714.1437,0.0672,0.0309,0.021157,0.0363,0.0172,0.0202,0.0157,1205500,9.24,126.8295,8604.7,9427.1,0.001007,149.5,130205,409000,,50.5,,22.3638,15.79,867.81,0.018195227,,0.0206,0.0309,25,0.015143,0.020738585,0.017434041,-0.003304544,-0.0221,427.26,150.92,0
31/10/2002,11719600,12955800,0.023,0.105481416,11037100,10714.456,0.0694,0.0301,0.019041,0.0393,0.0168,0.0205,0.0144,1212600,9.24,126.3082,8638.6,9448.3,-0.003133,162.9,130331,409000,,49,,21.9536,15.8833,854.63,0.018585002,,0.0249,0.0301,26.625,0.020259,0.02335663,0.017377715,-0.005978915,-0.0262,433.66,131.77,0
30/11/2002,11719600,12955800,0.023,0.105481416,11037100,10762.8658,0.0656,0.0235,0.020216,0.0422,0.0208,0.0251,0.0122,1203600,9.24,126.0886,8665.3,9469.5,0.005106,126.8,130339,377000,,48.5,,23.3446,15.9767,909.93,0.017558164,,0.03,0.0235,22.5,0.021984,0.021140878,0.017326382,-0.003814496,-0.0257,379.84,97.16,0
31/12/2002,11805100,12964000,0.02,0.098169435,11103800,10823.3782,0.06,0.0217,0.014531,0.0383,0.0161,0.0199,0.0122,1218700,9.167,124.3199,8719.2,9497,-0.004787,135.8,130183,409000,,51.6,,23.0972,16.07,899.18,0.017871839,,0.0261,0.0217,18,0.023769,0.024131567,0.017384825,-0.006746742,-0.026,368.62,81.68,0
31/01/2003,11805100,12964000,0.02,0.098169435,11103800,10826.5523,0.0595,0.0195,0.014026,0.04,0.0172,0.0216,0.0118,1229500,9.167,123.5594,8727.3,9500.8,0.006744,126.4,130266,407000,,51.3,,22.8942,16.12,895.84,0.017994285,,0.0282,0.0195,19,0.025974,0.024804902,0.017439416,-0.007365486,-0.0272,358.95,79.99,0
28/02/2003,11805100,12964000,0.02,0.098169435,11103800,10934.5657,0.0562,0.0191,0.007291,0.0371,0.0153,0.0191,0.012,1230100,9.167,123.1809,8684.9,9481.3,0.002806,128.5,130108,421000,,48.8,,21.2102,16.17,837.03,0.019318304,,0.0251,0.0191,16,0.029809,0.033001047,0.017683617,-0.01531743,-0.0256,343.07,55.94,0
31/03/2003,11888300,13031200,0.016,0.096136538,11230100,10901.082,0.0564,0.0181,0.008099,0.0383,0.0151,0.0193,0.0114,1238500,9.1,122.3633,8725.5,9514.9,-0.002087,148.4,129896,436000,,46.3,,21.3058,16.22,846.63,0.01915831,,0.0269,0.0181,15.875,0.030201,0.027953701,0.017841829,-0.010111871,-0.0274,318,2.18,0
30/04/2003,11888300,13031200,0.016,0.096136538,11230100,10977.3492,0.0527,0.0138,0.016653,0.0389,0.0151,0.0195,0.0113,1255200,9.1,120.0754,8779.6,9576.2,-0.007785,167.6,129847,444000,,46.1,,22.4238,16.2033,890.03,0.018205341,,0.0276,0.0138,20,0.022247,0.018255121,0.017836378,-0.000418743,-0.0282,270.04,-0.99,0
31/05/2003,11888300,13031200,0.016,0.096136538,11230100,10968.9145,0.0478,0.0138,0.013122,0.0337,0.0133,0.0158,0.0111,1271500,9.1,117.6618,8798.5,9650.6,0.000474,169.5,129841,431000,,49,,23.5868,16.1867,935.96,0.017294222,,0.0226,0.0138,19,0.020578,0.020810504,0.017808659,-0.003001845,-0.0229,277.39,-67.77,0
30/06/2003,11966900,13152100,0.02,0.099039852,11370700,11088.5363,0.0478,0.0124,0.014277,0.0354,0.0132,0.0166,0.009,1282500,8.977,117.9512,8850.4,9683.2,0.000379,175.8,129839,429000,,49,,24.8277,16.17,988,0.016366397,,0.0264,0.0124,22.625,0.021123,0.022769346,0.017876889,-0.004892458,-0.0256,251.43,-47.57,0
31/07/2003,11966900,13152100,0.02,0.099039852,11370700,11169.1368,0.0552,0.0103,0.023801,0.0449,0.018,0.0233,0.0096,1287500,8.977,119.8091,8896.1,9792.1,0.005944,173,129864,398000,,51,,24.8628,16.31,992.54,0.016432587,,0.0353,0.0103,17.438,0.021099,0.013313884,0.017807443,0.004493559,-0.0322,241.81,-119.17,0
31/08/2003,11966900,13152100,0.02,0.099039852,11370700,11248.8594,0.0548,0.0099,0.022917,0.0445,0.0195,0.0251,0.0098,1288900,8.977,120.1881,8976.4,9852.8,-0.002541,169.9,129822,407000,,53.2,,24.6378,16.45,989.53,0.016624054,,0.0347,0.0099,18,0.021583,0.014405508,0.017672518,0.00326701,-0.0306,237.33,-22.97,0
30/09/2003,12042900,13372400,0.032,0.110396997,11625100,11347.3037,0.049,0.0094,0.016396,0.0396,0.015,0.0195,0.0095,1297300,8.986,116.8824,8945.7,9739,0.005702,169.1,129925,387000,,52.4,,25.2391,16.59,1019.44,0.01627364,,0.0301,0.0094,23,0.023204,0.032788094,0.017748896,-0.015039198,-0.0291,239.86,-63.63,0
31/10/2003,12042900,13372400,0.032,0.110396997,11625100,11373.3789,0.0517,0.0084,0.022892,0.0433,0.0185,0.0236,0.0096,1299500,8.986,116.3649,8967.4,9780.6,0.000712,182.8,130128,379000,,55.2,,25.6781,16.8567,1038.73,0.016228182,,0.0337,0.0084,22.938,0.020408,0.026197267,0.017752295,-0.008444972,-0.0299,208.42,-55.17,0
30/11/2003,12042900,13372400,0.032,0.110396997,11625100,11423.297,0.0515,0.0077,0.02575,0.0434,0.0206,0.0256,0.0093,1293100,8.986,115.5297,9026,9852.4,0.007619,130.5,130146,357000,,58.4,,25.9421,17.1233,1049.9,0.016309458,,0.0341,0.0077,26.188,0.01765,0.023378434,0.017741459,-0.005636975,-0.0278,199.07,-57.41,0
31/12/2003,12116400,13528700,0.044,0.116561025,11816800,11447.7241,0.0492,0.0065,0.023905,0.0427,0.0184,0.0237,0.0095,1302500,9.084,113.3564,9033,9869.1,-0.001125,147.9,130270,349000,,60.1,,26.6304,17.39,1080.64,0.016092316,,0.0332,0.0065,22.188,0.018795,0.037211141,0.017792596,-0.019418545,-0.0296,190.53,-51.8,0
31/01/2004,12116400,13528700,0.044,0.116561025,11816800,11475.9255,0.0481,0.0061,0.022337,0.0416,0.0184,0.0235,0.0092,1309200,9.084,113.5084,9071.5,9879.9,0.00265,132,130420,376000,,60.8,,27.6535,17.6,1132.52,0.015540564,16.63,0.0324,0.0061,23,0.019263,0.038199879,0.017862124,-0.020337755,-0.0283,178.53,-74.35,0
29/02/2004,12116400,13528700,0.044,0.116561025,11816800,11611.2884,0.0467,0.0065,0.022969,0.0399,0.0166,0.0213,0.0096,1319600,9.084,114.1328,9089.3,9900.7,0.005264,137.1,130463,348000,,59.9,,27.6459,17.81,1143.36,0.015576896,14.55,0.0303,0.0065,18,0.016931,0.037568616,0.018035499,-0.019533118,-0.028,190.72,-34.41,0
31/03/2004,12187100,13606500,0.044,0.116467412,11988400,11682.4861,0.0459,0.0073,0.021228,0.0386,0.016,0.0199,0.0095,1334700,9.096,113.3985,9128.5,9936.6,-0.005166,190.7,130801,340000,,60.6,,26.8817,18.02,1123.98,0.016032314,16.74,0.0291,0.0073,18,0.017372,0.039800503,0.01825807,-0.021542433,-0.0265,192.79,-54.27,0
30/04/2004,12187100,13606500,0.044,0.116467412,11988400,11700.6723,0.0521,0.0068,0.022449,0.0453,0.0231,0.0286,0.0098,1334800,9.096,116.3298,9135.9,9969.2,0.003786,192.5,131051,339000,,60.6,,26.8958,18.2133,1133.36,0.016070181,17.19,0.0355,0.0068,22,0.022851,0.038711646,0.018398019,-0.020313627,-0.0277,175.38,-77.57,0
31/05/2004,12187100,13606500,0.044,0.116467412,11988400,11821.6589,0.0544,0.0074,0.016082,0.0466,0.0254,0.031,0.0108,1324000,9.096,115.8238,9184.6,10020.2,0.007609,188.4,131361,337000,,61.4,,25.8982,18.4067,1102.78,0.01669118,15.5,0.0358,0.0074,25.5,0.030518,0.045875387,0.018736463,-0.027138923,-0.0268,190.35,-37.26,0
30/06/2004,12256100,13706200,0.042,0.118316593,12181400,11766.3688,0.0546,0.0084,0.013538,0.0462,0.027,0.0316,0.0133,1355400,9.118,115.7312,9145.9,10020.5,-0.008055,197.1,131442,348000,,60.5,,26.3966,18.6,1132.76,0.016420071,14.34,0.0329,0.0084,30,0.032662,0.046130552,0.019161904,-0.026968648,-0.0238,180.68,-38.45,0
31/07/2004,12256100,13706200,0.042,0.118316593,12181400,11919.388,0.0533,0.0078,0.015092,0.045,0.0268,0.0309,0.0145,1349600,9.118,115.9702,9207.3,10036.4,0.007691,185.9,131489,341000,,59.9,0.013948,25.6914,18.7867,1105.85,0.01698847,15.32,0.0305,0.0078,28,0.029908,0.045139417,0.0195667,-0.025572718,-0.0223,174.52,-32.25,0
31/08/2004,12256100,13706200,0.042,0.118316593,12181400,11933.6086,0.0499,0.0086,0.014756,0.0413,0.0241,0.0275,0.0159,1351600,9.118,115.0833,9226.2,10065.8,0.000306,185.2,131610,352000,,58.5,0.015058,25.1701,18.9733,1088.94,0.017423641,15.29,0.0254,0.0086,23,0.026544,0.045881352,0.019964051,-0.025917301,-0.0206,186.8,-45.43,0
30/09/2004,12324300,13830800,0.034,0.12223818,12367700,11955.9034,0.0499,0.0085,0.016022,0.0414,0.0263,0.0289,0.0171,1373700,9.147,113.8116,9295.6,10066,0.000696,174.9,131770,351000,,57.4,0.014729,25.6639,19.16,1117.66,0.017142959,13.34,0.0243,0.0085,34,0.025378,0.036153666,0.0201218,-0.016031866,-0.0177,175.43,-59.73,0
31/10/2004,12324300,13830800,0.034,0.12223818,12367700,12090.2724,0.049,0.0083,0.008608,0.0405,0.0256,0.0282,0.0191,1370300,9.147,111.8349,9309.5,10075,0.009611,174.5,132121,332000,,56.3,0.015151,25.4072,19.2533,1117.21,0.017233376,16.27,0.0214,0.0083,30,0.031892,0.043779604,0.020434817,-0.023344787,-0.0175,175.14,-56.36,0
30/11/2004,12324300,13830800,0.034,0.12223818,12367700,12116.2627,0.0518,0.0082,0.00837,0.0436,0.0302,0.0329,0.0223,1390200,9.147,108.865,9323,10051.2,0.002071,156.4,132185,335000,,56.2,0.014544,26.4607,19.3467,1168.94,0.016550636,13.24,0.0213,0.0082,21,0.03523,0.043346261,0.020771716,-0.022574545,-0.0161,154.09,-68.87,0
31/12/2004,12392400,13950400,0.031,0.125722217,12562200,12165.1649,0.0507,0.0083,0.009844,0.0424,0.0308,0.0325,0.0222,1390000,9.164,108.2024,9381,10418.5,0.006832,155.2,132317,320000,,57.2,0.014479,27.1401,19.44,1199.21,0.016210672,13.29,0.0202,0.0083,38.438,0.032556,0.038413318,0.02104948,-0.017363838,-0.0133,147.18,-75.56,0
31/01/2005,12392400,13950400,0.031,0.125722217,12562200,12346.5219,0.0511,0.0097,0.011702,0.0414,0.0329,0.0343,0.0251,1375300,9.164,109.7435,9379.8,10070.4,0.004702,139.7,132453,331000,,56.6,0.014879,26.5827,19.7033,1181.41,0.016677783,12.82,0.0163,0.0097,27,0.029698,0.037003446,0.021331298,-0.015672148,-0.0099,169.67,-76.04,0
28/02/2005,12392400,13950400,0.031,0.125722217,12562200,12326.0546,0.053,0.0094,0.013525,0.0436,0.0359,0.0375,0.0276,1379600,9.164,108.7762,9412.3,10074.5,0.00645,149.4,132693,314000,,54.8,0.015865,26.7401,19.9667,1199.63,0.016644049,12.08,0.016,0.0094,20,0.030075,0.035151102,0.021450683,-0.013700419,-0.0093,154.16,-101.76,0
31/03/2005,12462500,14099100,0.036,0.131321966,12813700,12412.8235,0.0568,0.0118,0.013517,0.045,0.038,0.0396,0.0279,1381000,9.356,109.8675,9435.5,10105.9,-0.000884,190.5,132835,342000,,54.9,0.015841,26.3342,20.23,1194.9,0.016930287,14.02,0.0171,0.0118,39,0.031483,0.040574982,0.021596263,-0.018978719,-0.0086,183.92,-72.75,0
30/04/2005,12462500,14099100,0.036,0.131321966,12813700,12457.2349,0.0562,0.0139,0.006994,0.0421,0.0366,0.0373,0.029,1362400,9.356,109.9831,9510.4,10125.6,0.001343,193.2,133195,334000,,52.5,0.014911,25.4037,20.4633,1164.43,0.017573663,15.31,0.0131,0.0139,37,0.035106,0.047851465,0.022015647,-0.025835819,-0.0062,211.09,-52.45,0
31/05/2005,12462500,14099100,0.036,0.131321966,12813700,12443.8327,0.053,0.013,0.011973,0.04,0.036,0.0365,0.0299,1381100,9.356,111.3646,9463.2,10167.5,0.00173,193.1,133364,340000,,51,0.01321,25.6445,20.6967,1178.28,0.01756518,13.29,0.0101,0.013,40.75,0.028027,0.042734548,0.022333506,-0.020401043,-0.0045,208.93,-41.81,0
30/06/2005,12533100,14172700,0.034,0.130821584,12974100,12598.9324,0.0524,0.013,0.014097,0.0394,0.0366,0.0367,0.0313,1398200,9.487,112.0044,9560.7,10196.8,0.003966,211.9,133610,311000,,52.6,0.013189,26.0621,20.93,1202.25,0.017409025,12.04,0.0081,0.013,45.625,0.025303,0.038359409,0.02226481,-0.016094599,-0.0029,192.53,-58.92,0
31/07/2005,12533100,14172700,0.034,0.130821584,12974100,12664.2744,0.0547,0.0117,0.011121,0.0428,0.0402,0.0406,0.0342,1380700,9.487,111.5618,9620.8,10222.5,-0.001958,185.5,133979,316000,,54,0.013461,26.2811,21.1133,1222.24,0.017274267,11.57,0.0086,0.0117,36,0.031679,0.041306429,0.02226193,-0.019044499,-0.003,167.18,-68.6,0
31/08/2005,12533100,14172700,0.034,0.130821584,12974100,12741.956,0.0522,0.012,0.003788,0.0402,0.0384,0.0383,0.0352,1388900,9.487,110.7168,9586.1,10238,0.001531,208,134174,318000,,51.6,0.013644,26.0972,21.2967,1224.27,0.017395427,12.6,0.005,0.012,43,0.036412,0.04885381,0.02237821,-0.0264756,-0.0017,178.27,-70.27,0
30/09/2005,12604400,14291800,0.033,0.133873885,13205400,12779.5696,0.0558,0.0124,-0.003467,0.0434,0.0418,0.0418,0.0355,1390000,9.611,110.9656,9548.8,10185.6,-0.019867,193.7,134237,359000,,56.5,0.013611,25.7226,21.48,1225.92,0.017521535,11.92,0.0079,0.0124,59.5,0.046867,0.055415026,0.02280961,-0.032605416,-0.0016,180.16,-57.66,0
31/10/2005,12604400,14291800,0.033,0.133873885,13205400,12833.4766,0.0585,0.0128,0.002222,0.0457,0.044,0.0441,0.0398,1378300,9.611,111.8271,9573.4,10234.6,0.012925,176,134321,322000,,57.2,0.013922,24.8689,21.7267,1191.96,0.018227709,15.32,0.0059,0.0128,37,0.043478,0.05042588,0.023142991,-0.027282889,-0.0018,186.57,-47.47,0
30/11/2005,12604400,14291800,0.033,0.133873885,13205400,12871.1604,0.059,0.0141,0.010345,0.0449,0.0442,0.0441,0.0395,1391200,9.611,112.1133,9625.4,10304.9,0.009845,162.9,134655,311000,,56.5,0.015634,25.9234,21.9733,1237.37,0.017758068,12.06,0.0054,0.0141,56,0.034555,0.041632964,0.023280299,-0.018352664,-0.0006,186.61,-44.78,0
31/12/2005,12676700,14373400,0.03,0.133843981,13381600,12999.563,0.0566,0.0146,0.009743,0.0439,0.0441,0.0437,0.0408,1386900,9.725,111.7458,9665.3,10359.6,0.005736,151.3,134813,302000,,54.9,0.015987,26.4348,22.22,1262.07,0.017605996,12.07,0.0031,0.0146,54.625,0.034157,0.039010585,0.023519258,-0.015491328,0.0006,193.34,-44.07,0
31/01/2006,12676700,14373400,0.03,0.133843981,13381600,13085.7304,0.0574,0.0121,0.005447,0.0453,0.0454,0.0449,0.0447,1393700,9.725,109.651,9701.1,10498.6,0.001206,152.6,135094,282000,,55,0.014636,26.4593,22.41,1278.73,0.017525201,12.95,0.0006,0.0121,31,0.039853,0.043323342,0.023785569,-0.019537773,0.0006,178.54,-48.39,0
28/02/2006,12676700,14373400,0.03,0.133843981,13381600,13103.9174,0.0578,0.0123,0.009525,0.0455,0.0469,0.0467,0.0462,1396100,9.725,109.9468,9733.6,10543.4,0.000418,151,135411,293000,,55.5,0.012655,26.24,22.6,1276.65,0.017702581,12.34,-0.0007,0.0123,31.25,0.035975,0.039364614,0.023970854,-0.01539376,0.0016,172.51,-44.75,0
31/03/2006,12750300,14546100,0.032,0.140843745,13648900,13294.5522,0.0607,0.0121,0.014974,0.0486,0.0482,0.0483,0.0463,1398100,9.883,110.6574,9753,10562.7,0.002562,194.2,135698,295000,39.8,54.7,0.011068,26.3181,22.79,1293.74,0.017615595,11.39,0.0023,0.0121,48,0.033626,0.035816591,0.024283043,-0.011533548,-0.0005,170.35,-51.93,0
30/04/2006,12750300,14546100,0.032,0.140843745,13648900,13272.2787,0.0618,0.011,0.015243,0.0507,0.0487,0.0487,0.0477,1389500,9.883,108.1729,9771.1,10549.1,0.003768,168.6,135880,321000,39.8,55.8,0.010675,26.1377,23.0067,1302.17,0.01766797,11.59,0.003,0.011,48,0.035457,0.035636844,0.024605529,-0.011031316,-0.002,161.45,-54.21,0
31/05/2006,12750300,14546100,0.032,0.140843745,13648900,13344.4644,0.0633,0.0121,0.009533,0.0512,0.0504,0.0503,0.0486,1400200,9.883,107.9063,9781.9,10539.8,-0.001435,184.4,135891,330000,40,53.5,0.010288,25.6412,23.2233,1290.01,0.018002419,16.44,0.0026,0.0121,49.813,0.041667,0.041819606,0.025002165,-0.016817441,-0.0007,163.75,-43.01,0
30/06/2006,12825800,14589600,0.029,0.137519687,13799800,13374.4569,0.0644,0.0129,0.008312,0.0515,0.0516,0.0513,0.0501,1384100,9.998,108.3515,9790.2,10563.3,0.003854,184.2,135971,309000,40,52.4,0.010676,24.7406,23.44,1253.17,0.018704565,13.08,0.0014,0.0129,61.063,0.043188,0.040766237,0.025673626,-0.01509261,0.0004,172.88,-48.6,0
31/07/2006,12825800,14589600,0.029,0.137519687,13799800,13378.3812,0.0627,0.0128,0.008447,0.0499,0.0497,0.0493,0.051,1370500,9.998,108.0864,9836,10560.4,0.000121,148,136173,311000,40.1,53.2,0.011514,24.6878,23.66,1260.24,0.018774202,14.95,-0.0011,0.0128,49.563,0.041453,0.04067247,0.026367921,-0.014304549,0.0002,177.49,-39.04,0
31/08/2006,12825800,14589600,0.029,0.137519687,13799800,13434.6519,0.0606,0.0132,0.009213,0.0474,0.0479,0.0471,0.0505,1386900,9.998,107.7988,9813.7,10558.6,0.003345,161.2,136358,314000,39.9,52.8,0.012438,25.0423,23.88,1287.15,0.018552616,12.31,-0.0031,0.0132,47.75,0.038187,0.039606656,0.027002582,-0.012604075,0.0013,178.55,-41.43,0
30/09/2006,12902400,14602600,0.022,0.131773934,13908500,13485.367,0.0596,0.0131,0.025776,0.0464,0.0471,0.0462,0.0489,1365200,10.169,108.2029,9864.5,10623.5,-0.00175,136.6,136514,309000,40,51.8,0.013259,25.6349,24.1,1317.74,0.018288889,11.98,-0.0025,0.0131,60,0.020624,0.015300732,0.027240498,0.011939766,0.0016,179.22,-49.74,0
31/10/2006,12902400,14602600,0.022,0.131773934,13908500,13516.9081,0.0591,0.013,0.033048,0.0461,0.0471,0.0462,0.0508,1378300,10.169,107.4272,9911.3,10684.6,-0.000371,133.1,136506,328000,40,50.5,0.013862,26.5286,24.36,1363.38,0.017867359,11.1,-0.0047,0.013,42.063,0.013052,0.007450776,0.027393515,0.019942739,0.0019,169.65,-51.5,0
30/11/2006,12902400,14602600,0.022,0.131773934,13908500,13619.4716,0.0575,0.0129,0.024863,0.0446,0.0462,0.0452,0.0503,1392000,10.169,106.5054,9927.5,10722.4,-0.001277,111.4,136711,349000,39.9,50.4,0.014955,26.9184,24.62,1388.64,0.017729577,10.91,-0.0057,0.0129,47,0.019737,0.015614255,0.027813365,0.01219911,0.0026,167.91,-48.48,0
31/12/2006,12979900,14716900,0.024,0.133822294,14066400,13616.2202,0.0598,0.0125,0.021693,0.0471,0.0482,0.0474,0.0502,1384900,10.268,106.9251,9976.5,10750.4,0.009762,113.6,136891,341000,40,52,0.015469,27.273,24.88,1416.42,0.017565411,11.56,-0.0031,0.0125,47,0.025407,0.020750976,0.028479118,0.007728141,0.0019,158.21,-60.52,0
31/01/2007,12979900,14716900,0.024,0.133822294,14066400,13684.1876,0.0604,0.0121,0.027544,0.0483,0.0494,0.0485,0.0512,1382200,10.268,107.8447,9983.8,10759.9,-0.004715,114.1,137094,308000,40.1,49.2,0.016186,27.198,25.0833,1424.16,0.017612698,10.42,-0.0029,0.0121,37,0.020756,0.014865746,0.029115061,0.014249316,0.002,148.77,-65.01,0
28/02/2007,12979900,14716900,0.024,0.133822294,14066400,13827.1276,0.0576,0.012,0.021448,0.0456,0.0465,0.0455,0.0516,1365000,10.268,107.0632,9990.3,10788,0.010857,112.1,137182,322000,40,51.9,0.015966,27.3056,25.2867,1444.8,0.017501869,15.42,-0.006,0.012,33.813,0.024152,0.020906764,0.02981246,0.008905696,0.0019,150.63,-68.5,0
31/03/2007,13058400,14726000,0.012,0.127703241,14233200,13764.1848,0.0591,0.0124,0.018712,0.0465,0.0458,0.0454,0.0504,1375800,10.401,106.1052,9997.9,10820.6,0.001362,139.4,137400,307000,40,51.2,0.016371,26.2185,25.49,1406.95,0.018117204,14.64,-0.0039,0.0124,45,0.027788,0.012132092,0.030204925,0.018072833,-0.0003,157.83,-45.39,0
30/04/2007,13058400,14726000,0.012,0.127703241,14233200,13942.5024,0.0586,0.0123,0.020563,0.0463,0.046,0.0454,0.0491,1382500,10.401,104.679,10018.8,10818.3,0.00726,130.9,137479,301000,40.1,52.9,0.015777,26.9669,25.7167,1463.64,0.017570372,14.22,-0.0028,0.0123,56.5,0.025737,0.009675852,0.030466765,0.020790913,0.0003,154.32,-45.27,0
31/05/2007,13058400,14726000,0.012,0.127703241,14233200,13995.0265,0.0613,0.0123,0.022091,0.049,0.0492,0.0488,0.0473,1389600,10.401,104.1493,10030.3,10813,0.000437,146,137620,310000,40,52.6,0.016171,27.539,25.9433,1511.14,0.017168032,13.05,0.0017,0.0123,76,0.026909,0.007750567,0.030759912,0.023009345,0.0006,146.23,-69.1,0
30/06/2007,13138100,14838700,0.017,0.12944033,14422300,13992.871,0.0629,0.0123,0.02343,0.0503,0.0487,0.0489,0.0482,1360400,10.497,103.9601,10024.7,10800.7,-0.000062,135.6,137687,317000,40,53.2,0.017003,27.4088,26.17,1514.19,0.017283168,16.23,0.0021,0.0123,68,0.02687,0.011619275,0.03108232,0.019463044,-0.0018,161.44,-48.22,0
31/07/2007,13138100,14838700,0.017,0.12944033,14422300,14000.4045,0.0637,0.0159,0.024218,0.0478,0.0456,0.0455,0.0496,1367600,10.497,103.154,10047.1,10825.1,0.000461,122.5,137638,305000,40.1,52.1,0.018496,27.4007,26.4367,1520.71,0.017384445,23.52,-0.0018,0.0159,53.866,0.023582,0.01087891,0.03123515,0.020356239,-0.0021,211.57,-9.94,0
31/08/2007,13138100,14838700,0.017,0.12944033,14422300,14122.8803,0.0623,0.0169,0.025699,0.0454,0.0415,0.0416,0.0401,1387500,10.497,103.4247,10080.7,10831.6,0.001268,126,137612,329000,40,50.5,0.020388,26.1397,26.7033,1454.62,0.018357578,23.38,0.0053,0.0169,171.125,0.019701,0.010338468,0.031264454,0.020925986,-0.004,227.18,2.49,0
30/09/2007,13217700,14938500,0.023,0.130189065,14569700,14255.3153,0.0623,0.0162,0.018349,0.0459,0.0397,0.0403,0.0382,1364100,10.622,100.6148,10079.7,10859.2,0.003829,100.5,137681,317000,40.1,50.4,0.021861,26.7167,26.97,1497.12,0.018014588,18,0.0077,0.0162,150.875,0.027551,0.023587659,0.031311938,0.00772428,-0.0068,223.37,-5.15,0
31/10/2007,13217700,14938500,0.023,0.130189065,14569700,14189.4548,0.062,0.0172,0.009438,0.0448,0.0394,0.0394,0.0394,1382000,10.622,98.7933,10067.3,10839.4,-0.004867,103.8,137772,328000,39.9,49.9,0.02354,27.3114,27.2233,1539.66,0.017681371,18.53,0.0054,0.0172,105.375,0.035362,0.032289672,0.031460822,-0.00082885,-0.0054,217.21,-14.73,0
30/11/2007,13217700,14938500,0.023,0.130189065,14569700,14235.8736,0.0613,0.0216,-0.003362,0.0397,0.0304,0.0309,0.0315,1379900,10.622,99.121,10093,10828.9,0.005666,89.5,137899,352000,40.1,50.7,0.023944,25.7204,27.4767,1463.39,0.018776061,22.87,0.0082,0.0216,205.125,0.043062,0.046397042,0.031881759,-0.014515283,-0.0098,274.13,17.62,0
31/12/2007,13296500,14991800,0.019,0.127499718,14685300,14334.2716,0.0628,0.0224,-0.000413,0.0404,0.0305,0.0307,0.0336,1371100,10.671,99.0339,10085.1,10874.9,-0.000236,77.8,137983,360000,40.2,48.7,0.025749,25.9468,27.73,1479.22,0.018746366,22.5,0.0068,0.0224,141.25,0.040813,0.03929518,0.032134485,-0.007160694,-0.0101,282.51,32.85,0
31/01/2008,13296500,14991800,0.019,0.127499718,14685300,14364.0709,0.061,0.0243,-0.006103,0.0367,0.0217,0.0227,0.0196,1384900,10.671,97.9012,10074.7,10906.2,-0.002468,77.4,137996,366000,40.1,50.5,0.026896,24.0143,27.92,1378.76,0.02025008,26.2,0.0171,0.0243,119.188,0.042803,0.046621064,0.032498088,-0.014122976,-0.016,323.76,55.78,1
29/02/2008,13296500,14991800,0.019,0.127499718,14685300,14184.8406,0.0618,0.0265,-0.004966,0.0353,0.0165,0.0187,0.0185,1379400,10.671,96.2922,10045.3,10925.4,-0.002695,75,137913,354000,40.2,48.7,0.029165,23.4874,28.11,1354.87,0.020747378,26.54,0.0168,0.0265,124.75,0.040266,0.045958865,0.032714052,-0.013244813,-0.021,349.96,77.11,1
31/03/2008,13373300,14889500,0.011,0.113375158,14668400,14272.7885,0.0647,0.0302,-0.005315,0.0345,0.0162,0.0179,0.0138,1390700,10.597,95.6687,10063,10948.4,-0.002666,79.1,137841,387000,40.2,49.1,0.029879,22.5993,28.3,1316.94,0.02148921,25.61,0.0207,0.0302,132.813,0.039815,0.038905596,0.032896583,-0.006009012,-0.02,373.47,97.71,1
30/04/2008,13373300,14889500,0.011,0.113375158,14668400,14327.0662,0.0649,0.0272,-0.001669,0.0377,0.0229,0.0249,0.0143,1398000,10.597,95.9207,10079.5,10906.9,-0.007199,91.5,137656,370000,40,48.9,0.030812,23.3483,28.4367,1370.47,0.020749597,20.79,0.0234,0.0272,144,0.039369,0.034472719,0.033166877,-0.001305842,-0.0168,321.62,48.93,1
31/05/2008,13373300,14889500,0.011,0.113375158,14668400,14343.8065,0.066,0.026,-0.001155,0.0406,0.0266,0.0293,0.0189,1393600,10.597,95.5939,10084.1,11431.6,-0.004619,92.3,137423,362000,40.1,49.6,0.030453,23.6885,28.5733,1403.22,0.020362666,17.83,0.0217,0.026,83.063,0.041755,0.033601251,0.033380056,-0.000221195,-0.0167,306.79,53.61,1
30/06/2008,13449500,14963400,0.008,0.112561805,14813000,14575.6273,0.0676,0.0277,-0.010318,0.0399,0.0263,0.0291,0.019,1406600,10.627,95.761,10070.2,11129.8,-0.001995,110.6,137245,392000,40.1,50,0.032099,22.4094,28.71,1341.25,0.021405405,23.95,0.0209,0.0277,91.313,0.050218,0.040978185,0.033683536,-0.007294648,-0.0164,339.18,60.74,1
31/07/2008,13449500,14963400,0.008,0.112561805,14813000,14489.0001,0.0697,0.0298,-0.016101,0.0399,0.0252,0.0281,0.0168,1418200,10.627,95.7968,10028.8,10954.3,-0.004896,85.9,137014,434000,39.8,49.6,0.033958,20.9002,28.7567,1257.33,0.022871243,22.94,0.0231,0.0298,114.125,0.056001,0.048446272,0.034269076,-0.014177196,-0.0176,362.21,87.23,1
31/08/2008,13449500,14963400,0.008,0.112561805,14813000,14370.8512,0.0693,0.031,-0.015419,0.0383,0.0236,0.026,0.0172,1404900,10.627,98.9796,10026.4,10866.7,-0.015322,76.3,136747,442000,39.8,49.2,0.035903,21.3945,28.8033,1281.47,0.022476765,20.65,0.0211,0.031,112.063,0.053719,0.047292668,0.034817195,-0.012475472,-0.0171,373.49,102.6,1
30/09/2008,13523300,14891600,-0.003,0.101180925,14843000,14325.4487,0.0789,0.0404,-0.010869,0.0385,0.02,0.0228,0.0092,1502600,10.403,101.3841,9960,10878.9,-0.042078,70.9,136313,483000,39.6,43.2,0.036893,20.3559,28.85,1216.95,0.023706808,39.39,0.0293,0.0404,315.25,0.049369,0.032671558,0.034815253,0.002143695,-0.0213,473.69,150.59,1
31/10/2008,13523300,14891600,-0.003,0.101180925,14843000,14201.898,0.1023,0.0622,0.003548,0.0401,0.0156,0.018,0.0046,1485100,10.403,108.6113,9915.6,10933,0.008494,63.7,135804,480000,39.6,38.4,0.036943,16.3819,28.6967,968.8,0.029620871,59.89,0.0355,0.0622,258.625,0.036552,0.024063463,0.03477969,0.010716227,-0.0269,705.66,291.02,1
30/11/2008,13523300,14891600,-0.003,0.101180925,14843000,14162.0976,0.1001,0.0701,0.018604,0.0293,0.01,0.0127,0.0001,1524200,10.403,110.5611,9896.5,11008.9,-0.012793,41.5,135002,529000,39.3,36.7,0.040176,15.2546,28.5433,883.04,0.032323904,55.28,0.0292,0.0701,220.688,0.010696,0.010967631,0.034572843,0.023605212,-0.022,775.84,226.49,1
31/12/2008,13594000,14577000,-0.028,0.072311314,14549900,13881.1045,0.0967,0.0742,0.021586,0.0225,0.0076,0.01,0.0011,1603400,9.495,107.3982,9842.1,10969.2,-0.02837,41.2,134383,533000,39.1,33.3,0.043401,15.3709,28.39,877.56,0.032351064,40,0.0214,0.0742,131.5,0.000914,-0.018112025,0.03365079,0.051762815,-0.0173,751.88,240.11,1
31/01/2009,13594000,14577000,-0.028,0.072311314,14549900,13932.5842,0.0915,0.0618,0.028402,0.0287,0.0094,0.0132,0.0024,1561500,9.495,110.9526,9884.2,11015.1,-0.022002,37.6,133563,629000,38.8,35.7,0.048347,15.1695,28.01,865.58,0.032359805,44.84,0.0263,0.0618,94.438,0.000298,-0.024938896,0.032598477,0.057537374,-0.0231,627.18,221.57,1
28/02/2009,13594000,14577000,-0.028,0.072311314,14549900,13946.0636,0.0939,0.0638,0.027838,0.0302,0.01,0.014,0.0026,1560700,9.495,114.0378,9846.2,10916,-0.007157,39.2,132837,652000,38.9,36,0.051183,14.1174,27.63,805.23,0.034313178,46.35,0.0276,0.0638,100.438,0.002362,-0.022406813,0.031598887,0.0540057,-0.0242,611.18,275.61,1
31/03/2009,13660100,14375000,-0.035,0.052334902,14383900,13891.5522,0.0943,0.0672,0.030936,0.0271,0.0081,0.0115,0.0021,1572300,9.108,111.3735,9822.1,10916.6,-0.014912,45.4,132041,665000,38.6,36.6,0.052963,13.3191,27.25,757.13,0.035991177,44.14,0.025,0.0672,98.188,-0.003836,-0.031337744,0.030413249,0.061750993,-0.0224,622.84,224.02,1
30/04/2009,13660100,14375000,-0.035,0.052334902,14383900,13866.9335,0.0877,0.0561,0.038969,0.0316,0.0091,0.0138,0.0014,1597800,9.108,108.9806,9806.6,10976.4,-0.007795,47.8,131381,620000,38.6,39.9,0.052784,14.9767,26.6967,848.15,0.03147639,36.5,0.0302,0.0561,87.625,-0.007369,-0.043818115,0.029037753,0.072855869,-0.0272,531.72,192.17,1
31/05/2009,13660100,14375000,-0.035,0.052334902,14383900,13882.9321,0.0783,0.0437,0.047514,0.0347,0.0092,0.0142,0.0014,1620900,9.108,104.1882,9811.4,11147.2,-0.010578,49.5,130995,607000,38.5,41.9,0.055053,15.9908,26.1433,902.41,0.028970534,28.92,0.0333,0.0437,51.625,-0.012814,-0.05491567,0.027357903,0.082273572,-0.0305,473.67,106.88,1
30/06/2009,13719200,14355600,-0.041,0.046387544,14340400,13906.3343,0.0721,0.0368,0.049568,0.0353,0.0111,0.0164,0.0019,1653500,8.823,105.3533,9801.1,10958,-0.00378,61.3,130493,594000,38.7,44.7,0.054624,16.3785,25.59,926.12,0.027631408,26.35,0.0334,0.0368,40.5,-0.014268,-0.06444756,0.025514934,0.089962494,-0.0295,410.25,66.84,1
31/07/2009,13719200,14355600,-0.041,0.046387544,14340400,13886.2191,0.0654,0.0302,0.056172,0.0352,0.0113,0.0162,0.0018,1656000,8.823,103.1759,9833.3,10919.5,0.009972,56.1,130193,587000,38.9,49,0.052427,16.6888,25.0267,935.82,0.02674307,25.92,0.0334,0.0302,29.938,-0.020972,-0.072063256,0.023561556,0.095624812,-0.0288,348.93,9.77,0
31/08/2009,13719200,14355600,-0.041,0.046387544,14340400,13985.725,0.0611,0.0271,0.048843,0.034,0.0097,0.0149,0.0015,1641200,8.823,103.519,9933.4,10892.4,0.009537,54,129962,564000,39.2,51.4,0.047762,18.0877,24.4633,1009.73,0.024227566,26.01,0.0325,0.0271,19.75,-0.014843,-0.06695363,0.021680973,0.088634603,-0.0295,328.22,-16.02,0
30/09/2009,13774800,14402500,-0.033,0.04556872,14384100,13984.6559,0.0577,0.0246,0.045962,0.0331,0.0095,0.0145,0.0014,1659900,8.672,101.8751,9830.9,10907.1,0.007324,52.9,129726,554000,39.1,53.2,0.046412,18.8252,23.9,1044.55,0.022880666,25.61,0.0317,0.0246,14.688,-0.012862,-0.057120975,0.020126396,0.077247371,-0.0286,293.53,-12.43,0
31/10/2009,13774800,14402500,-0.033,0.04556872,14384100,14164.948,0.0564,0.022,0.035928,0.0341,0.009,0.0143,0.0005,1684900,8.672,101.348,9849.5,10862.6,0.00359,47.9,129505,522000,39.2,55.8,0.04749,19.3511,23.4033,1067.66,0.021920181,30.69,0.0336,0.022,23.063,-0.001828,-0.047769933,0.01860057,0.066370503,-0.0304,282.48,-30.88,0
30/11/2009,13774800,14402500,-0.033,0.04556872,14384100,14155.0187,0.054,0.0219,0.013717,0.0321,0.0067,0.0112,0.0006,1695500,8.672,99.9751,9848.1,10888,0.003856,42.1,129450,475000,39.6,54.7,0.047289,19.8057,22.9067,1088.07,0.021052598,24.51,0.0315,0.0219,19.656,0.018383,-0.025984899,0.017445051,0.04342995,-0.0299,281.96,-14.68,0
31/12/2009,13827500,14541900,-0.002,0.05166516,14566500,14080.8333,0.0558,0.0173,0.011287,0.0385,0.0114,0.017,0.0006,1696500,8.631,101.5981,9896.8,10925.7,0.003344,49.2,129320,468000,39.7,56.4,0.047774,20.3151,22.41,1110.38,0.02018228,21.68,0.0379,0.0173,19.063,0.027213,0.007403037,0.016928213,0.009525175,-0.0327,239.51,-59.85,0
31/01/2010,13827500,14541900,-0.002,0.05166516,14566500,14209.1053,0.0515,0.0154,0.010043,0.0363,0.0082,0.0138,0.0008,1678500,8.631,102.8348,9881.7,10906.7,0.012194,40.4,129279,496000,39.9,56.7,0.045744,20.5205,22.2433,1123.58,0.01979681,24.62,0.0355,0.0154,16.906,0.026257,0.008232982,0.016448705,0.008215723,-0.0337,239.19,-26.4,0
28/02/2010,13827500,14541900,-0.002,0.05166516,14566500,14251.5098,0.0516,0.0148,0.014667,0.0361,0.0081,0.0136,0.0013,1703600,8.631,102.6392,9911.3,10887.5,0.00265,45.3,129244,488000,39.6,55.8,0.043945,19.9133,22.0767,1089.16,0.020269474,19.5,0.0348,0.0148,12.169,0.021433,0.003995502,0.015929445,0.011933943,-0.0335,241.82,-4.32,0
31/03/2010,13877000,14604800,0.016,0.052446494,14681100,14350.2849,0.0513,0.0129,0.01526,0.0384,0.0102,0.016,0.0016,1707600,8.645,101.9354,9960.1,10912,0.007584,64.1,129433,459000,40,59.3,0.041008,20.997,21.91,1152.05,0.019018272,17.59,0.0368,0.0129,13.15,0.02314,0.020509688,0.015595023,-0.004914665,-0.034,221.56,-16.75,0
30/04/2010,13877000,14604800,0.016,0.052446494,14681100,14398.5154,0.0492,0.0123,0.014536,0.0369,0.0097,0.0151,0.0016,1691100,8.645,101.863,9972.7,10993.2,0.003944,58.9,129672,449000,40.2,59,0.038534,21.7969,21.9533,1197.32,0.018335366,22.05,0.0353,0.0123,18.656,0.022364,0.020509344,0.015139321,-0.005370023,-0.0326,209.96,-30.24,0
31/05/2010,13877000,14604800,0.016,0.052446494,14681100,14395.1805,0.0516,0.0182,0.01289,0.0331,0.0076,0.0126,0.0016,1704700,8.645,105.3493,10001.3,11067,0.0156,51.1,130188,458000,40.4,58.8,0.036052,20.4726,21.9967,1125.06,0.019551579,32.07,0.0315,0.0182,37.625,0.02021,0.023375864,0.014816677,-0.008559188,-0.0305,255.23,-23.88,0
30/06/2010,13925700,14745900,0.027,0.058898296,14888600,14446.804,0.0498,0.0201,0.019167,0.0297,0.0061,0.01,0.0018,1739900,8.714,105.0679,10021.2,11071.3,0.002268,59.2,130021,464000,40.2,56,0.034433,19.7348,22.04,1083.36,0.020344115,34.54,0.0279,0.0201,35.394,0.010533,0.028946476,0.014659794,-0.014286681,-0.0275,267.94,-9.66,0
31/07/2010,13925700,14745900,0.027,0.058898296,14888600,14536.1958,0.0467,0.0169,0.017048,0.0294,0.0055,0.0084,0.0015,1728100,8.714,102.2302,10027.4,11080.5,0.006302,51.6,129963,476000,40.2,55.7,0.034201,19.6614,22.1467,1079.8,0.020510002,23.5,0.0279,0.0169,30.375,0.012352,0.031275952,0.01449262,-0.016783332,-0.0268,252.15,9.38,0
31/08/2010,13925700,14745900,0.027,0.058898296,14888600,14550.4426,0.0443,0.0196,0.013219,0.0247,0.0047,0.0072,0.0014,1754300,8.714,103.6124,10074.8,11114.7,0.002842,53.7,129912,467000,40.3,57.4,0.033161,19.763,22.2533,1087.28,0.020466945,26.05,0.0233,0.0196,15.563,0.011481,0.035041878,0.014262421,-0.020779457,-0.0225,266.96,-49.96,0
30/09/2010,13974400,14845500,0.031,0.062335413,15057700,14641.3617,0.0433,0.018,0.013863,0.0253,0.0042,0.0064,0.0016,1769100,8.638,100.0708,10087.1,11101.2,0.002635,48.5,129885,459000,40.4,56.4,0.0314,20.3739,22.36,1122.08,0.019927278,23.7,0.0237,0.018,13,0.011437,0.037916997,0.013970787,-0.02394621,-0.0233,251.17,-11.67,0
31/10/2010,13974400,14845500,0.031,0.062335413,15057700,14714.9585,0.0426,0.0159,0.014578,0.0263,0.0034,0.0051,0.0012,1788100,8.638,98.773,10136.8,11128.3,-0.003101,43.5,130105,453000,40.4,57,0.030269,21.2323,22.4833,1171.58,0.01919058,21.2,0.0251,0.0159,16.594,0.011722,0.036439414,0.013737679,-0.022701734,-0.0246,239.2,-5.11,0
30/11/2010,13974400,14845500,0.031,0.062335413,15057700,14685.7243,0.0446,0.0165,0.016668,0.0281,0.0045,0.0072,0.0017,1844500,8.638,100.9581,10175.2,11160.8,0.001978,40.9,130226,432000,40.3,58,0.0313,21.6928,22.6067,1198.89,0.018856359,23.54,0.0264,0.0165,13.031,0.011432,0.033995154,0.013610383,-0.020384772,-0.0263,238.5,-19.32,0
31/12/2010,14024200,14939000,0.027,0.065230102,15230200,14807.0173,0.0472,0.0142,0.018043,0.033,0.0061,0.0102,0.0012,1860000,8.374,99.17,10186.4,11239,0.008479,47.6,130346,404000,40.4,57.3,0.0301,22.3882,22.73,1241.53,0.018308055,17.75,0.0318,0.0142,18.281,0.014957,0.0280406,0.013427549,-0.01461305,-0.031,220.87,-45.49,0
31/01/2011,14024200,14939000,0.027,0.065230102,15230200,14715.7948,0.0467,0.0125,0.017882,0.0342,0.0058,0.0098,0.0015,1871400,8.374,98.3301,10201.2,11297.4,0.000249,36.3,130464,420000,40.3,59.2,0.029,22.9699,22.9633,1282.62,0.017903432,19.53,0.0327,0.0125,15.438,0.016318,0.027804861,0.013168908,-0.014635953,-0.0324,210.63,2.71,0
28/02/2011,14024200,14939000,0.027,0.065230102,15230200,14739.8457,0.0465,0.0123,0.013124,0.0342,0.0069,0.0118,0.0015,1896500,8.374,97.4949,10210,11329,-0.005517,37.7,130660,385000,40.4,59.6,0.0254,23.4813,23.1967,1321.12,0.01755836,18.35,0.0327,0.0123,15.95,0.021076,0.032288487,0.013050973,-0.019237514,-0.0322,198.63,-25.53,0
31/03/2011,14078900,14881300,0.019,0.056993089,15238400,14989.0595,0.0467,0.012,0.007884,0.0347,0.008,0.0129,0.0009,1895900,8.13,96.666,10240.2,11312.4,0.009966,54.4,130865,399000,40.5,59.3,0.0243,22.891,23.43,1304.49,0.017961042,17.74,0.0338,0.012,21.3,0.026816,0.029909097,0.012952514,-0.016956582,-0.0316,194.73,-29.37,0
30/04/2011,14078900,14881300,0.019,0.056993089,15238400,15040.0287,0.0446,0.0111,0.001564,0.0332,0.0061,0.0101,0.0004,1898600,8.13,94.1407,10235.2,11282.8,-0.004707,50.7,131169,468000,40.4,59.4,0.023,23.1356,23.7333,1331.51,0.01782435,14.75,0.0328,0.0111,23.3,0.031636,0.036173618,0.012961461,-0.023212157,-0.0311,194.56,-25.62,0
31/05/2011,14078900,14881300,0.019,0.056993089,15238400,15040.982,0.0429,0.0124,-0.005186,0.0305,0.0045,0.0079,0.0006,1949000,8.13,95.21,10229.5,11277.1,0.003173,57.3,131284,418000,40.5,53.5,0.0223,23.0512,24.0367,1338.31,0.017960487,15.45,0.0299,0.0124,19.288,0.035686,0.043140853,0.012983481,-0.030157371,-0.0294,203.83,-13.57,0
30/06/2011,14136300,14989600,0.017,0.06036233,15460900,14929.7893,0.0447,0.0129,-0.003788,0.0318,0.0045,0.0081,0.0003,1949900,8.03,95.0081,10248.3,11325.8,0.002353,63.8,131493,421000,40.4,55.8,0.0214,22.0929,24.34,1287.29,0.018907938,16.52,0.0315,0.0129,21.575,0.035588,0.040701708,0.012982406,-0.027719302,-0.0309,212.1,-0.28,0
31/07/2011,14136300,14989600,0.017,0.06036233,15460900,15126.5815,0.0417,0.0133,-0.008087,0.0282,0.0036,0.0055,0.001,1998900,8.03,93.9994,10277.2,11371.2,0.0064,52.6,131571,406000,40.3,52.3,0.0206,22.6029,24.62,1325.19,0.018578468,25.25,0.0272,0.0133,15.55,0.036287,0.044666919,0.01304898,-0.031617939,-0.0265,218.27,-8.22,0
31/08/2011,14136300,14989600,0.017,0.06036233,15460900,15693.9222,0.0432,0.0209,-0.015412,0.0223,0.002,0.0033,0.0002,2120200,8.03,94.9802,10271.6,11363.5,0.004876,62.6,131703,409000,40.4,53.2,0.0204,20.0428,24.9,1185.31,0.021007163,31.62,0.0221,0.0209,30.722,0.037712,0.054581974,0.013298569,-0.041283406,-0.0216,277.37,-27.14,0
30/09/2011,14195400,15021100,0.012,0.05816673,15587100,15580.2452,0.046,0.0268,-0.019484,0.0192,0.0025,0.0042,0.0002,2128300,7.498,100.334,10297.9,11330.8,0.001021,53.2,131928,406000,40.4,53.2,0.021,19.6912,25.18,1173.88,0.021450233,42.96,0.019,0.0268,35.433,0.038684,0.054031374,0.013944079,-0.040087295,-0.0184,305.83,20.82,0
31/10/2011,14195400,15021100,0.012,0.05816673,15587100,15872.7251,0.0438,0.0221,-0.013552,0.0217,0.0025,0.0041,0.0001,2136100,7.498,97.5026,10326.8,11340.8,0.005149,52,132094,399000,40.6,51.5,0.0215,20.1488,25.5967,1207.22,0.021203012,29.96,0.0216,0.0221,41.944,0.035252,0.047765866,0.014615998,-0.033149868,-0.0208,276.43,-32.4,0
30/11/2011,14195400,15021100,0.012,0.05816673,15587100,15791.7457,0.0467,0.0259,-0.013144,0.0208,0.0025,0.0041,0.0001,2180600,7.498,99.768,10313.3,11329.3,0.001103,51.9,132268,397000,40.5,52.3,0.0222,20.3382,26.0133,1226.42,0.02121076,27.72,0.0207,0.0259,51.889,0.033944,0.047337907,0.015144725,-0.032193182,-0.0199,294.2,32.6,0
31/12/2011,14255900,15190300,0.017,0.065544792,15785300,15791.6287,0.0455,0.0258,-0.010724,0.0189,0.0025,0.0036,0.0002,2161800,7.303,100.6443,10310.2,11416,0.003873,51.6,132498,376000,40.6,52.9,0.0224,20.5165,26.43,1243.32,0.021257601,22.86,0.0187,0.0258,56.1,0.029624,0.04998342,0.015631933,-0.034351488,-0.0175,284.27,6.89,0
31/01/2012,14255900,15190300,0.017,0.065544792,15785300,15918.4032,0.042,0.0237,-0.010952,0.0183,0.0022,0.003,0.0006,2205800,7.303,98.7045,10354.4,11495.2,0.008564,47.8,133188,372000,40.9,52.8,0.0216,21.2058,26.7367,1300.58,0.02055752,19.07,0.0177,0.0237,48.235,0.029252,0.04947057,0.01620868,-0.03326189,-0.0169,271.64,-1.75,0
29/02/2012,14255900,15190300,0.017,0.065544792,15785300,16142.1156,0.0404,0.0206,-0.008911,0.0198,0.003,0.0043,0.0008,2212000,7.303,97.9282,10398,11559,0.003749,53.5,133414,364000,40.8,52.4,0.0209,21.79,27.0433,1352.49,0.019995194,17.8,0.019,0.0206,40.425,0.028711,0.046829954,0.016640733,-0.030189221,-0.0181,245.92,-11.3,0
31/03/2012,14317400,15291000,0.028,0.068001173,15973900,16064.2841,0.0412,0.0185,-0.004214,0.0223,0.0033,0.0051,0.0007,2225900,7.215,98.6681,10384.7,11589,-0.003822,69.5,133657,357000,40.7,53,0.0196,22.0465,27.35,1389.24,0.019687023,14.88,0.0216,0.0185,39.815,0.026514,0.052988857,0.017321679,-0.035667178,-0.0208,239.24,-53.72,0
30/04/2012,14317400,15291000,0.028,0.068001173,15973900,16121.6611,0.04,0.0205,-0.003527,0.0195,0.0027,0.0038,0.001,2250600,7.215,98.5209,10399.5,11620,0.008228,64.1,133753,372000,40.8,53.7,0.0186,21.772,27.6733,1386.43,0.019960113,17.04,0.0185,0.0205,36.585,0.023027,0.052518487,0.018035723,-0.034482765,-0.0179,249.78,-35.81,0
31/05/2012,14317400,15291000,0.028,0.068001173,15973900,16153.343,0.0405,0.0246,-0.001143,0.0159,0.0027,0.0035,0.0007,2249400,7.215,102.9683,10400.2,11632.1,0.003261,77.7,133863,381000,40.6,53.2,0.0162,20.9345,27.9967,1341.27,0.020873277,23.83,0.0152,0.0246,39.685,0.017043,0.050966433,0.018755987,-0.032210445,-0.014,276.39,-36.78,0
30/06/2012,14379300,15362400,0.025,0.068369114,16121900,16134.7363,0.0403,0.0232,6E-05,0.0167,0.0033,0.0041,0.0009,2258200,7.159,101.1837,10390.3,11657.8,0.00051,75.9,133951,371000,40.7,51,0.0152,20.5407,28.32,1323.48,0.021398132,17.52,0.0158,0.0232,37.06,0.01664,0.047238052,0.019349633,-0.027888419,-0.0142,271.81,-5.54,0
31/07/2012,14379300,15362400,0.025,0.068369114,16121900,16276.0953,0.0369,0.0218,0.001015,0.0151,0.0023,0.003,0.0011,2304100,7.159,101.075,10422.2,11626.4,0.005602,74.1,134111,372000,40.8,50.6,0.0151,20.9925,28.7433,1359.78,0.021138199,18.4,0.014,0.0218,33.26,0.014085,0.045956829,0.019934265,-0.026022563,-0.0135,255.98,-24.29,0
31/08/2012,14379300,15362400,0.025,0.068369114,16121900,16204.7053,0.0362,0.0205,-0.001224,0.0157,0.0022,0.003,0.0009,2341000,7.159,100.4287,10405.9,11605.6,-0.006054,80,134261,377000,40.5,51.1,0.015,21.4038,29.1667,1403.45,0.020782144,17.25,0.0148,0.0205,32.825,0.016924,0.047886208,0.020560061,-0.027326146,-0.0143,249.04,-44.88,0
30/09/2012,14441900,15380800,0.024,0.065012221,16227900,16325.8993,0.0348,0.0182,-0.003413,0.0165,0.0023,0.0031,0.001,2374800,6.916,99.0314,10444.3,11660.2,0.0028,73.7,134422,376000,40.6,52.2,0.0146,21.7777,29.59,1443.42,0.020499924,15.23,0.0155,0.0182,25.85,0.019913,0.048822934,0.020980649,-0.027842285,-0.015,236.17,-34.77,0
31/10/2012,14441900,15380800,0.024,0.065012221,16227900,16281.9752,0.0332,0.016,-0.004423,0.0172,0.003,0.0038,0.0011,2427400,6.916,99.2813,10426.9,11729.1,-0.000774,77.5,134647,365000,40.5,51.2,0.0155,21.5723,30.1433,1437.82,0.020964585,17.68,0.0161,0.016,20.275,0.021623,0.050354932,0.021281737,-0.029073195,-0.015,220.41,-34.87,0
30/11/2012,14441900,15380800,0.024,0.065012221,16227900,16297.6354,0.0334,0.0172,-0.001441,0.0162,0.0025,0.0034,0.0008,2408700,6.916,99.2105,10454.3,11884.7,0.009748,68.7,134850,390000,40.7,49.5,0.0164,20.8941,30.6967,1394.51,0.022012535,15.26,0.0154,0.0172,23.05,0.017641,0.048379479,0.021314777,-0.027064701,-0.0146,230.24,-20.29,0
31/12/2012,14505400,15384300,0.013,0.060591228,16297300,16417.8899,0.0333,0.0155,0.00039,0.0178,0.0025,0.0036,0.0005,2458600,6.691,99.2112,10478.5,12194.8,0.000991,67.2,135064,361000,40.8,50.4,0.0172,21.2345,31.25,1422.29,0.021971609,22.14,0.0173,0.0155,25.6,0.01741,0.035254739,0.021247437,-0.014007302,-0.0164,220.75,-29.74,0
31/01/2013,14505400,15384300,0.013,0.060591228,16297300,16516.806,0.0342,0.014,0.004251,0.0202,0.0027,0.0042,0.0007,2463700,6.691,98.9438,10504.9,11411.4,0.000522,63.7,135293,365000,40.85,52.3,0.0163,21.8967,31.5367,1480.4,0.021302824,14.43,0.0195,0.014,22.8,0.015949,0.030672936,0.020981635,-0.009691301,-0.019,209.33,-18.26,0
28/02/2013,14505400,15384300,0.013,0.060591228,16297300,16456.1855,0.0336,0.0147,-0.000879,0.0189,0.0025,0.0036,0.0011,2462800,6.691,100.5121,10519.2,11431,0.006457,67.8,135607,336000,40.9,53.1,0.0155,22.0489,31.8233,1512.31,0.021042842,15,0.0178,0.0147,17.71,0.019779,0.035617016,0.02080927,-0.014807745,-0.0175,212.77,-13.59,0
31/03/2013,14568900,15491900,0.013,0.063354131,16475400,16534.2079,0.0337,0.0147,0.003961,0.0187,0.0025,0.0036,0.0007,2482900,6.672,100.5811,10530.5,11451.3,0.004485,77.7,135722,374000,40.8,51.5,0.015,22.4154,32.11,1550.83,0.020705042,12.7,0.018,0.0147,21.26,0.014739,0.030322346,0.020666216,-0.00965613,-0.0173,210.9,-19.24,0
30/04/2013,14568900,15491900,0.013,0.063354131,16475400,16578.1819,0.0321,0.0151,0.006369,0.017,0.0022,0.0032,0.0005,2530100,6.672,99.6605,10530.1,11461.4,-0.001777,92.8,135909,329000,40.7,50,0.0142,22.5918,32.4967,1570.7,0.02068931,13.52,0.0165,0.0151,22.31,0.010631,0.027812079,0.020555206,-0.007256873,-0.0158,205.02,-23.19,0
31/05/2013,14568900,15491900,0.013,0.063354131,16475400,16545.2756,0.0354,0.0138,0.00798,0.0216,0.003,0.0052,0.0004,2529100,6.672,101.9022,10556.2,11517.8,0.001057,97.2,136128,353000,40.7,50,0.0142,23.4079,32.8833,1639.84,0.020052749,16.3,0.0212,0.0138,23.525,0.01362,0.025610104,0.02042202,-0.005188084,-0.0208,196.69,-61.27,0
30/06/2013,14633200,15521600,0.01,0.060711259,16541400,16635.0714,0.0406,0.0152,0.007656,0.0252,0.0036,0.0066,0.0004,2510400,6.573,102.62,10576.5,11540.4,0.022591,85.7,136255,340000,40.8,52.5,0.0134,22.9215,33.27,1618.77,0.020552642,16.86,0.0248,0.0152,23.31,0.017544,0.02346635,0.020130156,-0.003336194,-0.0246,214.77,-46.95,0
31/07/2013,14633200,15521600,0.01,0.060711259,16541400,16648.9562,0.0397,0.0137,0.006393,0.026,0.0031,0.0061,0.0004,2548800,6.573,101.9209,10584.6,11538.3,-0.003872,90.2,136419,333000,40.7,54.9,0.0135,23.4885,33.6467,1668.68,0.020163662,13.45,0.0256,0.0137,22.56,0.019607,0.024371601,0.019728911,-0.00464269,-0.0259,201.19,-3.21,0
31/08/2013,14633200,15521600,0.01,0.060711259,16541400,16725.0536,0.0412,0.0137,0.012616,0.0278,0.0039,0.0079,0.0003,2565100,6.573,103.1194,10582,11570.2,0.00766,87.1,136675,326000,40.9,56.3,0.0134,23.3528,34.0233,1670.09,0.020372136,17.01,0.0275,0.0137,22.95,0.015184,0.018272281,0.019245238,0.000972957,-0.0279,198.38,-15.14,0
30/09/2013,14698800,15641300,0.017,0.064120881,16749300,16808.4924,0.0403,0.0139,0.014551,0.0264,0.0033,0.0063,0.0002,2601000,6.544,101.3982,10630,11599.4,0.0058,83.1,136825,320000,40.9,56,0.0138,23.4384,34.4,1687.17,0.020389172,16.6,0.0262,0.0139,22.885,0.011849,0.023430487,0.01909122,-0.004339266,-0.0261,203.83,-16.24,0
31/10/2013,14698800,15641300,0.017,0.064120881,16749300,16856.1205,0.0382,0.0125,0.016064,0.0257,0.0031,0.0057,0.0004,2626800,6.544,101.1145,10651,11559.1,0.000169,92.5,137050,348000,40.9,56.6,0.0138,23.8308,34.5967,1720.03,0.02011401,13.75,0.0253,0.0125,20.2,0.009636,0.021589061,0.01904998,-0.002539081,-0.0252,195.08,-3.76,0
30/11/2013,14698800,15641300,0.017,0.064120881,16749300,17011.5646,0.0388,0.0111,0.015129,0.0275,0.0028,0.0056,0.0006,2629700,6.544,102.1404,10702.5,11595,0.002561,73.5,137367,317000,41,57,0.0137,24.638,34.7933,1783.54,0.019508001,13.7,0.0269,0.0111,17.91,0.012371,0.021956073,0.019233121,-0.002722952,-0.0275,189.89,1.59,0
31/12/2013,14765800,15793900,0.027,0.069627111,16999900,17005.115,0.0394,0.009,0.015383,0.0304,0.0038,0.0078,0.0007,2641400,6.447,102.1025,10717.6,11602.8,0.002649,77.8,137476,335000,41,56.5,0.0135,24.8578,34.99,1807.78,0.019355231,13.72,0.0297,0.009,17.61,0.015017,0.031793328,0.020064877,-0.011728451,-0.0306,176.4,-9.83,0
31/01/2014,14765800,15793900,0.027,0.069627111,16999900,16906.9017,0.0376,0.0109,0.010911,0.0267,0.0034,0.0069,0.0002,2691200,6.447,103.7456,10662.3,11646.4,-0.001785,68.6,137574,344000,40.7,51.3,0.0134,24.8556,35.4033,1822.36,0.019427171,18.41,0.0265,0.0109,21.66,0.015789,0.036355722,0.021086454,-0.015269269,-0.0268,180.28,-31.25,0
28/02/2014,14765800,15793900,0.027,0.069627111,16999900,16976.8647,0.0364,0.0098,0.015337,0.0266,0.0033,0.0069,0.0005,2698500,6.447,103.0594,10732.2,11704.9,0.007798,72.3,137742,333000,40.7,53.2,0.013,24.5909,35.8167,1817.04,0.019711564,14,0.0261,0.0098,18.565,0.011263,0.032134782,0.02199548,-0.010139301,-0.0269,170.54,-20.1,0
31/03/2014,14835300,15747000,0.016,0.061454773,17025200,17069.1336,0.0371,0.0098,0.012178,0.0273,0.0044,0.009,0.0005,2758900,6.266,102.9768,10779.6,11745,0.002714,86.3,138014,330000,41,53.7,0.012,24.956,36.23,1863.52,0.019441702,13.88,0.0268,0.0098,18.06,0.015122,0.02387347,0.022915667,-0.000957803,-0.0275,165.65,-26.67,0
30/04/2014,14835300,15747000,0.016,0.061454773,17025200,17173.7789,0.036,0.0093,0.007171,0.0267,0.0042,0.0087,0.0003,2789300,6.266,102.6843,10804.7,11758.1,0.001454,99.1,138324,341000,40.9,54.9,0.0111,24.7863,36.6133,1864.26,0.019639589,13.41,0.0264,0.0093,19.335,0.019529,0.029172501,0.024132178,-0.005040323,-0.027,158.16,-37.25,0
31/05/2014,14835300,15747000,0.016,0.061454773,17025200,17283.8575,0.034,0.0089,0.003529,0.0248,0.0037,0.0079,0.0004,2791300,6.266,102.5016,10813.5,11776.7,0.003964,93.8,138537,314000,41.1,55.4,0.0104,24.9433,36.9967,1889.77,0.019577356,11.4,0.0244,0.0089,18.74,0.021271,0.032784686,0.02559385,-0.007190836,-0.0253,157.94,-40.07,0
30/06/2014,14906800,15900800,0.024,0.066680978,17285600,17352.3636,0.0342,0.0089,0.004577,0.0253,0.0047,0.0088,0.0004,2826100,6.184,101.9153,10851.8,11932.1,0.004474,95.7,138843,311000,41.1,55.3,0.0102,25.558,37.38,1947.09,0.01919788,11.57,0.0249,0.0089,19.07,0.020723,0.039489015,0.027326126,-0.012162888,-0.0247,156.06,-32.22,0
31/07/2014,14906800,15900800,0.024,0.066680978,17285600,17428.3454,0.0353,0.0095,0.005877,0.0258,0.0053,0.0102,0.0003,2838600,6.184,103.1277,10859.2,11955.2,0.000809,97.1,139075,303000,40.9,57.1,0.0101,25.8176,37.75,1973.1,0.01913233,16.95,0.0255,0.0095,20.91,0.019923,0.038104827,0.029162261,-0.008942566,-0.0254,159.95,-34.39,0
31/08/2014,14906800,15900800,0.024,0.066680978,17285600,17563.198,0.034,0.0103,0.006504,0.0235,0.0048,0.0094,0.0003,2804300,6.184,103.3719,10940.3,12009.6,-0.00008,90.3,139293,304000,41,59,0.0103,25.6176,38.12,1961.53,0.019433809,11.98,0.0232,0.0103,20.36,0.016996,0.037734445,0.030907062,-0.006827382,-0.0233,159.15,-36.11,0
30/09/2014,14980200,16094500,0.029,0.074384855,17569400,17574.7565,0.0363,0.0111,0.008621,0.0252,0.0058,0.0107,0.0002,2879500,6.191,106.0525,10939.1,12026.7,0.003575,92.7,139579,292000,40.9,56.6,0.0104,25.9184,38.49,1993.23,0.019310366,16.31,0.025,0.0111,21.51,0.016579,0.040578797,0.032535392,-0.008043405,-0.0243,171.98,-27.37,0
31/10/2014,14980200,16094500,0.029,0.074384855,17569400,17594.7697,0.0358,0.0123,0.006857,0.0235,0.005,0.0095,0.0001,2879100,6.191,106.6707,11000.2,12080.1,0.000655,98.4,139779,291000,40.9,59,0.0106,25.1627,38.8067,1937.27,0.020031642,14.03,0.0234,0.0123,22.21,0.016643,0.043098615,0.034049868,-0.009048747,-0.023,184.17,-28.76,0
30/11/2014,14980200,16094500,0.029,0.074384855,17569400,17656.9724,0.036,0.0138,0.008576,0.0218,0.0047,0.0088,0.0002,2881600,6.191,108.8321,11049.7,12126.8,0.00987,72.8,140110,299000,41.1,58.7,0.0107,26.6068,39.1233,2044.57,0.019135222,13.33,0.0216,0.0138,21.36,0.013224,0.040374525,0.035155858,-0.005218667,-0.0212,198.28,-3.58,0
31/12/2014,15055800,16186700,0.025,0.07511391,17692200,17595.9579,0.0381,0.0164,0.014135,0.0217,0.0067,0.011,0.0004,2921200,6.107,111.2932,11059.2,12163.4,-0.00158,85,140402,291000,40.9,55.1,0.0111,26.7941,39.44,2054.27,0.019199034,19.2,0.0213,0.0164,21.56,0.007565,0.030692882,0.035544022,0.00485114,-0.0193,208.31,-2.33,0
31/01/2015,15055800,16186700,0.025,0.07511391,17692200,17576.1159,0.0355,0.0185,0.017693,0.0168,0.0047,0.0077,0.0002,2943800,6.107,114.7085,11081.3,12171.1,-0.004953,71,140623,284000,41,53.5,0.0112,26.4923,39.8967,2028.18,0.019671183,20.97,0.0166,0.0185,23.31,-0.000893,0.027451957,0.035864339,0.008412381,-0.0151,207.09,-28.39,0
28/02/2015,15055800,16186700,0.025,0.07511391,17692200,17724.2525,0.0352,0.0161,0.020251,0.02,0.0063,0.0101,0.0002,2987900,6.107,114.6875,11092.6,12191.4,-0.001255,78.6,140888,310000,40.9,52.9,0.0112,26.9955,40.3533,2082.2,0.019380127,13.34,0.0198,0.0161,24.185,-0.000251,0.024608644,0.036207891,0.011599247,-0.0175,191.48,-41.78,0
31/03/2015,15133600,16269000,0.033,0.07502511,17783600,17647.5316,0.0347,0.0153,0.020136,0.0194,0.0056,0.0089,0.0003,2986000,5.99,116.2881,11133.2,12186.5,-0.003236,92.5,140972,268000,40.8,51.5,0.0105,26.7286,40.81,2079.99,0.019620287,15.29,0.0191,0.0153,24.075,-0.000736,0.033116839,0.03641801,0.003301171,-0.0171,202.75,-26.6,0
30/04/2015,15133600,16269000,0.033,0.07502511,17783600,17814.0034,0.0353,0.0148,0.022495,0.0205,0.0058,0.0091,0.0001,2992800,5.99,114.0714,11149.7,12260.3,-0.002292,106,141223,266000,40.7,51.5,0.0097,26.7914,41.12,2094.86,0.019628997,14.55,0.0204,0.0148,26.875,-0.001995,0.030741301,0.036588543,0.005847241,-0.018,198.99,-8.14,0
31/05/2015,15133600,16269000,0.033,0.07502511,17783600,17923.4168,0.0362,0.0147,0.021599,0.0212,0.0061,0.0094,0.0001,3004100,5.99,115.5951,11195.1,12304.1,-0.002349,111.9,141496,277000,40.7,52.8,0.0088,26.8061,41.43,2111.94,0.019617035,13.84,0.0211,0.0147,27.375,-0.000399,0.031657311,0.036726567,0.005069256,-0.0184,197.91,-3.15,0
30/06/2015,15213000,16374200,0.03,0.076329455,17998300,18003.6798,0.0388,0.0153,0.022262,0.0235,0.0064,0.0101,0.0001,3040800,6,115.507,11199.2,12335.4,-0.001581,134.8,141724,280000,40.6,53.5,0.0093,26.4959,41.74,2099.29,0.019882913,18.23,0.0234,0.0153,27.32,0.001238,0.028242754,0.036714838,0.008472084,-0.0208,213.04,11.58,0
31/07/2015,15213000,16374200,0.03,0.076329455,17998300,18005.464,0.0391,0.0171,0.020304,0.022,0.0067,0.01,0.0008,3032500,6,117.9717,11229.1,12365.9,0.005871,103.2,142001,269000,40.8,52.7,0.0092,26.3811,41.9967,2094.14,0.02005439,12.12,0.0212,0.0171,22.86,0.001696,0.030387054,0.036700023,0.006312969,-0.0186,222.84,11.83,0
31/08/2015,15213000,16374200,0.03,0.076329455,17998300,18012.7157,0.041,0.0189,0.020149,0.0221,0.0074,0.0107,0.0008,3034000,6,120.0123,11253.1,12403.1,0.000975,98.4,142151,281000,40.8,51.1,0.0096,25.6937,42.2533,2039.87,0.020713722,28.43,0.0213,0.0189,26.9,0.001951,0.031227758,0.036636454,0.005408696,-0.018,238.78,31.68,0
30/09/2015,15294600,16454900,0.022,0.075863377,18141900,18162.4203,0.0412,0.0206,0.020961,0.0206,0.0064,0.0092,0,3065700,5.961,120.7987,11285.5,12427.6,-0.002568,98.3,142300,277000,40.6,50.2,0.0089,24.4967,42.51,1944.41,0.021862673,24.5,0.0206,0.0206,33.5,-0.000361,0.023374586,0.036394081,0.013019495,-0.017,254.93,38.03,0
31/10/2015,15294600,16454900,0.022,0.075863377,18141900,18147.4946,0.0407,0.019,0.019894,0.0216,0.0075,0.0105,0.0008,3051900,5.961,119.5576,11290.8,12461.6,-0.001351,99.3,142595,278000,40.7,50.1,0.0094,25.4914,42.8033,2024.81,0.021139416,15.07,0.0208,0.019,25.41,0.001706,0.02374734,0.036182546,0.012435206,-0.0171,226.1,27.74,0
30/11/2015,15294600,16454900,0.022,0.075863377,18141900,18160.4078,0.0417,0.0196,0.017082,0.0221,0.0094,0.0124,0.0022,3094300,5.961,121.7531,11315.5,12477.3,-0.006445,91,142875,274000,40.7,48.6,0.0097,26.2259,43.0967,2080.62,0.020713393,16.13,0.0199,0.0196,19.62,0.005018,0.026193314,0.036052516,0.009859201,-0.0157,235.51,39.09,0
31/12/2015,15378400,16490700,0.019,0.072328721,18222800,18181.7738,0.0442,0.0215,0.015405,0.0227,0.0106,0.0131,0.0016,3087300,5.946,122.977,11351.5,12534.1,-0.004229,97.5,143146,285000,40.6,48,0.0097,25.9654,43.39,2054.08,0.021123812,18.21,0.0211,0.0215,45.27,0.007295,0.025277191,0.036006459,0.010729268,-0.0146,250.17,42.09,0
31/01/2016,15378400,16490700,0.019,0.072328721,18222800,18246.0189,0.0444,0.025,0.005669,0.0194,0.0076,0.0097,0.0033,3100900,5.946,125.3309,11344.9,12547.2,0.004847,74.8,143314,286000,40.7,48.2,0.0096,24.2062,43.5533,1918.6,0.022700563,20.2,0.0161,0.025,29.26,0.013731,0.036780497,0.036156053,-0.000624445,-0.0139,298.41,73.17,0
29/02/2016,15378400,16490700,0.019,0.072328721,18222800,18145.0804,0.0435,0.0261,0.007222,0.0174,0.0078,0.0091,0.0033,3155100,5.946,123.9154,11376.4,12548.6,-0.001701,84.5,143547,262000,40.7,49.5,0.0097,24.021,43.7167,1904.42,0.022955388,20.55,0.0141,0.0261,30.31,0.010178,0.035407619,0.036208038,0.000800419,-0.0109,304.67,77.98,0
31/03/2016,15464300,16525000,0.016,0.068590237,18281600,18309.5291,0.0386,0.0208,0.009275,0.0178,0.0073,0.0087,0.0021,3167500,5.872,119.4276,11374.4,12578.5,-0.009734,97.7,143733,276000,40.6,51.8,0.0093,25.4112,43.88,2021.95,0.021701822,13.95,0.0157,0.0208,41.86,0.008525,0.02896202,0.036192254,0.007230234,-0.0119,266.53,29.29,0
30/04/2016,15464300,16525000,0.016,0.068590237,18281600,18408.0663,0.0366,0.0181,0.007049,0.0183,0.0077,0.0092,0.0022,3182300,5.872,118.3204,11456.2,12590.1,0.004537,99.7,143877,274000,40.7,50.8,0.0086,25.9813,44.0733,2075.54,0.021234618,15.7,0.0161,0.0181,41.66,0.011251,0.030768106,0.036102162,0.005334056,-0.0121,266.53,29.29,0
31/05/2016,15464300,16525000,0.016,0.068590237,18281600,18408.0663,0.037,0.0186,0.008177,0.0184,0.0087,0.0103,0.0034,3208600,5.872,122.1676,11478,12591.5,-0.00302,107.7,143901,268000,40.8,51.3,0.0081,25.7711,44.2667,2065.55,0.021430951,14.19,0.015,0.0186,34.58,0.010223,0.02981944,0.035880138,0.006060699,-0.0113,266.53,29.29,0
30/06/2016,15553400,16575100,0.012,0.065689817,18437600,18408.0663,0.0344,0.0195,0.004843,0.0149,0.0058,0.0071,0.0026,3228700,5.741,121.5827,11514.3,12600.9,0.006021,114,144193,270000,40.7,53.2,0.0082,25.9684,44.46,2083.89,0.021335099,15.63,0.0123,0.0195,39.41,0.010057,0.028965262,0.035684531,0.006719269,-0.0104,266.53,29.29,0
31/07/2016,15553400,16575100,0.012,0.065689817,18437600,,0.0327,0.018,0.004543,0.0146,0.0067,0.0076,0.0028,3244000,5.741,121.305,11514.3,12600.9,0.006021,114,144448,269000,40.7,52.6,0.0082,26.2027,44.46,2102.95,12600.9,11.87,0.0118,0.018,48.91,0.010057,0.025479746,,,-0.0088,266.53,29.29,0
